Experiment,Cell,Cell_number,Treatment,X,Y,Time,Centrosome_Velocity
2015.01.21_hela_gfp-lgn_rfp-tub_irfp-act_rap1_stlc_dmso_noc_latb_noc-latb_vox-60x,point-1,1,before_nocodazole,72.031,37.911,-60,
2015.01.21_hela_gfp-lgn_rfp-tub_irfp-act_rap1_stlc_dmso_noc_latb_noc-latb_vox-60x,point-1,1,before_nocodazole,70.293,33.014,-57,1.732090997
2015.01.21_hela_gfp-lgn_rfp-tub_irfp-act_rap1_stlc_dmso_noc_latb_noc-latb_vox-60x,point-1,1,before_nocodazole,72.347,31.118,-54,0.93176845
2015.01.21_hela_gfp-lgn_rfp-tub_irfp-act_rap1_stlc_dmso_noc_latb_noc-latb_vox-60x,point-1,1,before_nocodazole,73.294,31.118,-51,0.315666667
2015.01.21_hela_gfp-lgn_rfp-tub_irfp-act_rap1_stlc_dmso_noc_latb_noc-latb_vox-60x,point-1,1,before_nocodazole,74.4,30.645,-48,0.400966194
2015.01.21_hela_gfp-lgn_rfp-tub_irfp-act_rap1_stlc_dmso_noc_latb_noc-latb_vox-60x,point-1,1,before_nocodazole,75.506,28.749,-45,0.731668717
2015.01.21_hela_gfp-lgn_rfp-tub_irfp-act_rap1_stlc_dmso_noc_latb_noc-latb_vox-60x,point-1,1,before_nocodazole,74.716,29.539,-42,0.372409571
2015.01.21_hela_gfp-lgn_rfp-tub_irfp-act_rap1_stlc_dmso_noc_latb_noc-latb_vox-60x,point-1,1,before_nocodazole,75.664,30.645,-39,0.485562675
2015.01.21_hela_gfp-lgn_rfp-tub_irfp-act_rap1_stlc_dmso_noc_latb_noc-latb_vox-60x,point-1,1,before_nocodazole,75.664,31.276,-36,0.210333333
2015.01.21_hela_gfp-lgn_rfp-tub_irfp-act_rap1_stlc_dmso_noc_latb_noc-latb_vox-60x,point-1,1,before_nocodazole,75.822,32.54,-33,0.424612241
2015.01.21_hela_gfp-lgn_rfp-tub_irfp-act_rap1_stlc_dmso_noc_latb_noc-latb_vox-60x,point-1,1,before_nocodazole,75.348,32.382,-30,0.166546623
2015.01.21_hela_gfp-lgn_rfp-tub_irfp-act_rap1_stlc_dmso_noc_latb_noc-latb_vox-60x,point-1,1,before_nocodazole,75.348,32.382,-27,0
2015.01.21_hela_gfp-lgn_rfp-tub_irfp-act_rap1_stlc_dmso_noc_latb_noc-latb_vox-60x,point-1,1,before_nocodazole,75.348,31.75,-24,0.210666667
2015.01.21_hela_gfp-lgn_rfp-tub_irfp-act_rap1_stlc_dmso_noc_latb_noc-latb_vox-60x,point-1,1,before_nocodazole,77.085,30.487,-21,0.715878481
2015.01.21_hela_gfp-lgn_rfp-tub_irfp-act_rap1_stlc_dmso_noc_latb_noc-latb_vox-60x,point-1,1,before_nocodazole,77.717,29.697,-18,0.33723121
2015.01.21_hela_gfp-lgn_rfp-tub_irfp-act_rap1_stlc_dmso_noc_latb_noc-latb_vox-60x,point-1,1,before_nocodazole,79.455,29.381,-15,0.588831234
2015.01.21_hela_gfp-lgn_rfp-tub_irfp-act_rap1_stlc_dmso_noc_latb_noc-latb_vox-60x,point-1,1,before_nocodazole,80.245,29.381,-12,0.263333333
2015.01.21_hela_gfp-lgn_rfp-tub_irfp-act_rap1_stlc_dmso_noc_latb_noc-latb_vox-60x,point-1,1,before_nocodazole,80.877,30.329,-9,0.379784734
2015.01.21_hela_gfp-lgn_rfp-tub_irfp-act_rap1_stlc_dmso_noc_latb_noc-latb_vox-60x,point-1,1,before_nocodazole,80.877,31.434,-6,0.368333333
2015.01.21_hela_gfp-lgn_rfp-tub_irfp-act_rap1_stlc_dmso_noc_latb_noc-latb_vox-60x,point-1,1,before_nocodazole,80.877,32.224,-3,0.263333333
2015.01.21_hela_gfp-lgn_rfp-tub_irfp-act_rap1_stlc_dmso_noc_latb_noc-latb_vox-60x,point-1,1,after_nocodazole,80.877,31.592,3,
2015.01.21_hela_gfp-lgn_rfp-tub_irfp-act_rap1_stlc_dmso_noc_latb_noc-latb_vox-60x,point-1,1,after_nocodazole,79.929,32.224,6,0.379784734
2015.01.21_hela_gfp-lgn_rfp-tub_irfp-act_rap1_stlc_dmso_noc_latb_noc-latb_vox-60x,point-1,1,after_nocodazole,79.455,32.54,9,0.189892367
2015.01.21_hela_gfp-lgn_rfp-tub_irfp-act_rap1_stlc_dmso_noc_latb_noc-latb_vox-60x,point-1,1,after_nocodazole,78.665,33.33,12,0.372409571
2015.01.21_hela_gfp-lgn_rfp-tub_irfp-act_rap1_stlc_dmso_noc_latb_noc-latb_vox-60x,point-1,1,after_nocodazole,78.507,32.698,15,0.21715023
2015.01.21_hela_gfp-lgn_rfp-tub_irfp-act_rap1_stlc_dmso_noc_latb_noc-latb_vox-60x,point-1,1,after_nocodazole,78.191,33.014,18,0.148963829
2015.01.21_hela_gfp-lgn_rfp-tub_irfp-act_rap1_stlc_dmso_noc_latb_noc-latb_vox-60x,point-1,1,after_nocodazole,78.823,32.54,21,0.263333333
2015.01.21_hela_gfp-lgn_rfp-tub_irfp-act_rap1_stlc_dmso_noc_latb_noc-latb_vox-60x,point-1,1,after_nocodazole,79.613,32.54,24,0.263333333
2015.01.21_hela_gfp-lgn_rfp-tub_irfp-act_rap1_stlc_dmso_noc_latb_noc-latb_vox-60x,point-1,1,after_nocodazole,78.981,32.698,27,0.21715023
2015.01.21_hela_gfp-lgn_rfp-tub_irfp-act_rap1_stlc_dmso_noc_latb_noc-latb_vox-60x,point-1,1,after_nocodazole,78.507,32.698,30,0.158
2015.01.21_hela_gfp-lgn_rfp-tub_irfp-act_rap1_stlc_dmso_noc_latb_noc-latb_vox-60x,point-1,1,after_nocodazole,77.559,32.224,33,0.35329874
2015.01.21_hela_gfp-lgn_rfp-tub_irfp-act_rap1_stlc_dmso_noc_latb_noc-latb_vox-60x,point-1,1,after_nocodazole,78.349,32.066,36,0.268548361
2015.01.21_hela_gfp-lgn_rfp-tub_irfp-act_rap1_stlc_dmso_noc_latb_noc-latb_vox-60x,point-1,1,after_nocodazole,78.349,32.856,39,0.263333333
2015.01.21_hela_gfp-lgn_rfp-tub_irfp-act_rap1_stlc_dmso_noc_latb_noc-latb_vox-60x,point-1,1,after_nocodazole,78.349,30.803,42,0.684333333
2015.01.21_hela_gfp-lgn_rfp-tub_irfp-act_rap1_stlc_dmso_noc_latb_noc-latb_vox-60x,point-1,1,after_nocodazole,78.981,30.487,45,0.235532494
2015.01.21_hela_gfp-lgn_rfp-tub_irfp-act_rap1_stlc_dmso_noc_latb_noc-latb_vox-60x,point-1,1,after_nocodazole,78.507,30.803,48,0.189892367
2015.01.21_hela_gfp-lgn_rfp-tub_irfp-act_rap1_stlc_dmso_noc_latb_noc-latb_vox-60x,point-1,1,after_nocodazole,78.033,30.171,51,0.263333333
2015.01.21_hela_gfp-lgn_rfp-tub_irfp-act_rap1_stlc_dmso_noc_latb_noc-latb_vox-60x,point-1,1,after_nocodazole,76.769,29.697,54,0.449984197
2015.01.21_hela_gfp-lgn_rfp-tub_irfp-act_rap1_stlc_dmso_noc_latb_noc-latb_vox-60x,point-1,1,after_nocodazole,76.769,29.855,57,0.052666667
2015.01.21_hela_gfp-lgn_rfp-tub_irfp-act_rap1_stlc_dmso_noc_latb_noc-latb_vox-60x,point-1,1,after_nocodazole,76.612,28.433,60,0.476880255
2015.01.21_hela_gfp-lgn_rfp-tub_irfp-act_rap1_stlc_dmso_noc_latb_noc-latb_vox-60x,point-1,1,after_nocodazole,75.822,29.065,63,0.33723121
2015.01.21_hela_gfp-lgn_rfp-tub_irfp-act_rap1_stlc_dmso_noc_latb_noc-latb_vox-60x,point-2,2,before_nocodazole,94.185,22.391,-60,
2015.01.21_hela_gfp-lgn_rfp-tub_irfp-act_rap1_stlc_dmso_noc_latb_noc-latb_vox-60x,point-2,2,before_nocodazole,94.54,18.245,-57,1.387056876
2015.01.21_hela_gfp-lgn_rfp-tub_irfp-act_rap1_stlc_dmso_noc_latb_noc-latb_vox-60x,point-2,2,before_nocodazole,93,16.823,-54,0.698703879
2015.01.21_hela_gfp-lgn_rfp-tub_irfp-act_rap1_stlc_dmso_noc_latb_noc-latb_vox-60x,point-2,2,before_nocodazole,90.868,15.994,-51,0.762500638
2015.01.21_hela_gfp-lgn_rfp-tub_irfp-act_rap1_stlc_dmso_noc_latb_noc-latb_vox-60x,point-2,2,before_nocodazole,90.157,15.757,-48,0.249819935
2015.01.21_hela_gfp-lgn_rfp-tub_irfp-act_rap1_stlc_dmso_noc_latb_noc-latb_vox-60x,point-2,2,before_nocodazole,89.683,16.112,-45,0.197400045
2015.01.21_hela_gfp-lgn_rfp-tub_irfp-act_rap1_stlc_dmso_noc_latb_noc-latb_vox-60x,point-2,2,before_nocodazole,88.498,15.638,-42,0.42542802
2015.01.21_hela_gfp-lgn_rfp-tub_irfp-act_rap1_stlc_dmso_noc_latb_noc-latb_vox-60x,point-2,2,before_nocodazole,87.906,14.927,-39,0.308398191
2015.01.21_hela_gfp-lgn_rfp-tub_irfp-act_rap1_stlc_dmso_noc_latb_noc-latb_vox-60x,point-2,2,before_nocodazole,86.603,15.52,-36,0.477197606
2015.01.21_hela_gfp-lgn_rfp-tub_irfp-act_rap1_stlc_dmso_noc_latb_noc-latb_vox-60x,point-2,2,before_nocodazole,84.707,17.06,-33,0.814208273
2015.01.21_hela_gfp-lgn_rfp-tub_irfp-act_rap1_stlc_dmso_noc_latb_noc-latb_vox-60x,point-2,2,before_nocodazole,84.47,17.178,-30,0.088250275
2015.01.21_hela_gfp-lgn_rfp-tub_irfp-act_rap1_stlc_dmso_noc_latb_noc-latb_vox-60x,point-2,2,before_nocodazole,83.996,17.889,-27,0.284838551
2015.01.21_hela_gfp-lgn_rfp-tub_irfp-act_rap1_stlc_dmso_noc_latb_noc-latb_vox-60x,point-2,2,before_nocodazole,83.048,18.126,-24,0.325725344
2015.01.21_hela_gfp-lgn_rfp-tub_irfp-act_rap1_stlc_dmso_noc_latb_noc-latb_vox-60x,point-2,2,before_nocodazole,84.115,18.718,-21,0.406742206
2015.01.21_hela_gfp-lgn_rfp-tub_irfp-act_rap1_stlc_dmso_noc_latb_noc-latb_vox-60x,point-2,2,before_nocodazole,84.589,21.088,-18,0.805645083
2015.01.21_hela_gfp-lgn_rfp-tub_irfp-act_rap1_stlc_dmso_noc_latb_noc-latb_vox-60x,point-2,2,before_nocodazole,86.484,23.339,-15,0.98081746
2015.01.21_hela_gfp-lgn_rfp-tub_irfp-act_rap1_stlc_dmso_noc_latb_noc-latb_vox-60x,point-2,2,before_nocodazole,97.028,26.419,-12,3.661546971
2015.01.21_hela_gfp-lgn_rfp-tub_irfp-act_rap1_stlc_dmso_noc_latb_noc-latb_vox-60x,point-2,2,before_nocodazole,100.701,26.538,-9,1.224975737
2015.01.21_hela_gfp-lgn_rfp-tub_irfp-act_rap1_stlc_dmso_noc_latb_noc-latb_vox-60x,point-2,2,before_nocodazole,103.189,26.419,-6,0.830281411
2015.01.21_hela_gfp-lgn_rfp-tub_irfp-act_rap1_stlc_dmso_noc_latb_noc-latb_vox-60x,point-2,2,before_nocodazole,106.032,24.997,-3,1.059598089
2015.01.21_hela_gfp-lgn_rfp-tub_irfp-act_rap1_stlc_dmso_noc_latb_noc-latb_vox-60x,point-2,2,after_nocodazole,100.345,26.182,3,
2015.01.21_hela_gfp-lgn_rfp-tub_irfp-act_rap1_stlc_dmso_noc_latb_noc-latb_vox-60x,point-2,2,after_nocodazole,102.478,23.339,6,1.18473335
2015.01.21_hela_gfp-lgn_rfp-tub_irfp-act_rap1_stlc_dmso_noc_latb_noc-latb_vox-60x,point-2,2,after_nocodazole,104.373,23.576,9,0.636587604
2015.01.21_hela_gfp-lgn_rfp-tub_irfp-act_rap1_stlc_dmso_noc_latb_noc-latb_vox-60x,point-2,2,after_nocodazole,105.44,24.879,12,0.561377077
2015.01.21_hela_gfp-lgn_rfp-tub_irfp-act_rap1_stlc_dmso_noc_latb_noc-latb_vox-60x,point-2,2,after_nocodazole,106.98,25.116,15,0.519376656
2015.01.21_hela_gfp-lgn_rfp-tub_irfp-act_rap1_stlc_dmso_noc_latb_noc-latb_vox-60x,point-2,2,after_nocodazole,106.98,24.879,18,0.079
2015.01.21_hela_gfp-lgn_rfp-tub_irfp-act_rap1_stlc_dmso_noc_latb_noc-latb_vox-60x,point-2,2,after_nocodazole,106.032,25.353,21,0.35329874
2015.01.21_hela_gfp-lgn_rfp-tub_irfp-act_rap1_stlc_dmso_noc_latb_noc-latb_vox-60x,point-2,2,after_nocodazole,106.98,25.945,24,0.372553948
2015.01.21_hela_gfp-lgn_rfp-tub_irfp-act_rap1_stlc_dmso_noc_latb_noc-latb_vox-60x,point-2,2,after_nocodazole,107.572,24.05,27,0.661772787
2015.01.21_hela_gfp-lgn_rfp-tub_irfp-act_rap1_stlc_dmso_noc_latb_noc-latb_vox-60x,point-2,2,after_nocodazole,108.046,24.405,30,0.197400045
2015.01.21_hela_gfp-lgn_rfp-tub_irfp-act_rap1_stlc_dmso_noc_latb_noc-latb_vox-60x,point-2,2,after_nocodazole,108.401,22.983,33,0.488547621
2015.01.21_hela_gfp-lgn_rfp-tub_irfp-act_rap1_stlc_dmso_noc_latb_noc-latb_vox-60x,point-2,2,after_nocodazole,108.164,22.983,36,0.079
2015.01.21_hela_gfp-lgn_rfp-tub_irfp-act_rap1_stlc_dmso_noc_latb_noc-latb_vox-60x,point-2,2,after_nocodazole,108.046,21.562,39,0.475296983
2015.01.21_hela_gfp-lgn_rfp-tub_irfp-act_rap1_stlc_dmso_noc_latb_noc-latb_vox-60x,point-2,2,after_nocodazole,108.164,19.785,42,0.593637843
2015.01.21_hela_gfp-lgn_rfp-tub_irfp-act_rap1_stlc_dmso_noc_latb_noc-latb_vox-60x,point-2,2,after_nocodazole,106.861,20.259,45,0.462179018
2015.01.21_hela_gfp-lgn_rfp-tub_irfp-act_rap1_stlc_dmso_noc_latb_noc-latb_vox-60x,point-2,2,after_nocodazole,105.321,21.206,48,0.602624722
2015.01.21_hela_gfp-lgn_rfp-tub_irfp-act_rap1_stlc_dmso_noc_latb_noc-latb_vox-60x,point-2,2,after_nocodazole,104.255,23.102,51,0.725041914
2015.01.21_hela_gfp-lgn_rfp-tub_irfp-act_rap1_stlc_dmso_noc_latb_noc-latb_vox-60x,point-2,2,after_nocodazole,103.307,21.68,54,0.569677102
2015.01.21_hela_gfp-lgn_rfp-tub_irfp-act_rap1_stlc_dmso_noc_latb_noc-latb_vox-60x,point-2,2,after_nocodazole,102.952,21.68,57,0.118333333
2015.01.21_hela_gfp-lgn_rfp-tub_irfp-act_rap1_stlc_dmso_noc_latb_noc-latb_vox-60x,point-2,2,after_nocodazole,101.53,20.614,60,0.592400015
2015.01.21_hela_gfp-lgn_rfp-tub_irfp-act_rap1_stlc_dmso_noc_latb_noc-latb_vox-60x,point-2,2,after_nocodazole,101.53,21.206,63,0.197333333
2015.01.21_hela_gfp-lgn_rfp-tub_irfp-act_rap1_stlc_dmso_noc_latb_noc-latb_vox-60x,point-3,3,before_nocodazole,48.494,53.707,-60,
2015.01.21_hela_gfp-lgn_rfp-tub_irfp-act_rap1_stlc_dmso_noc_latb_noc-latb_vox-60x,point-3,3,before_nocodazole,57.024,54.655,-57,2.860839115
2015.01.21_hela_gfp-lgn_rfp-tub_irfp-act_rap1_stlc_dmso_noc_latb_noc-latb_vox-60x,point-3,3,before_nocodazole,60.183,60.183,-54,2.122316999
2015.01.21_hela_gfp-lgn_rfp-tub_irfp-act_rap1_stlc_dmso_noc_latb_noc-latb_vox-60x,point-3,3,before_nocodazole,59.078,61.763,-51,0.6426875
2015.01.21_hela_gfp-lgn_rfp-tub_irfp-act_rap1_stlc_dmso_noc_latb_noc-latb_vox-60x,point-3,3,before_nocodazole,51.496,61.763,-48,2.527333333
2015.01.21_hela_gfp-lgn_rfp-tub_irfp-act_rap1_stlc_dmso_noc_latb_noc-latb_vox-60x,point-3,3,before_nocodazole,46.599,57.972,-45,2.064307524
2015.01.21_hela_gfp-lgn_rfp-tub_irfp-act_rap1_stlc_dmso_noc_latb_noc-latb_vox-60x,point-3,3,before_nocodazole,41.86,53.075,-42,2.271532278
2015.01.21_hela_gfp-lgn_rfp-tub_irfp-act_rap1_stlc_dmso_noc_latb_noc-latb_vox-60x,point-3,3,before_nocodazole,42.492,51.18,-39,0.665870274
2015.01.21_hela_gfp-lgn_rfp-tub_irfp-act_rap1_stlc_dmso_noc_latb_noc-latb_vox-60x,point-3,3,before_nocodazole,42.018,50.706,-36,0.223445743
2015.01.21_hela_gfp-lgn_rfp-tub_irfp-act_rap1_stlc_dmso_noc_latb_noc-latb_vox-60x,point-3,3,before_nocodazole,42.018,50.39,-33,0.105333333
2015.01.21_hela_gfp-lgn_rfp-tub_irfp-act_rap1_stlc_dmso_noc_latb_noc-latb_vox-60x,point-3,3,before_nocodazole,44.387,51.022,-30,0.81728446
2015.01.21_hela_gfp-lgn_rfp-tub_irfp-act_rap1_stlc_dmso_noc_latb_noc-latb_vox-60x,point-3,3,before_nocodazole,44.545,55.919,-27,1.633182748
2015.01.21_hela_gfp-lgn_rfp-tub_irfp-act_rap1_stlc_dmso_noc_latb_noc-latb_vox-60x,point-3,3,before_nocodazole,49.758,58.762,-24,1.979282081
2015.01.21_hela_gfp-lgn_rfp-tub_irfp-act_rap1_stlc_dmso_noc_latb_noc-latb_vox-60x,point-3,3,before_nocodazole,57.34,58.762,-21,2.527333333
2015.01.21_hela_gfp-lgn_rfp-tub_irfp-act_rap1_stlc_dmso_noc_latb_noc-latb_vox-60x,point-3,3,before_nocodazole,58.762,53.233,-18,1.902977929
2015.01.21_hela_gfp-lgn_rfp-tub_irfp-act_rap1_stlc_dmso_noc_latb_noc-latb_vox-60x,point-3,3,before_nocodazole,52.759,51.022,-15,2.132409435
2015.01.21_hela_gfp-lgn_rfp-tub_irfp-act_rap1_stlc_dmso_noc_latb_noc-latb_vox-60x,point-3,3,before_nocodazole,45.967,48.336,-12,2.434608342
2015.01.21_hela_gfp-lgn_rfp-tub_irfp-act_rap1_stlc_dmso_noc_latb_noc-latb_vox-60x,point-3,3,before_nocodazole,39.964,51.022,-9,2.192173072
2015.01.21_hela_gfp-lgn_rfp-tub_irfp-act_rap1_stlc_dmso_noc_latb_noc-latb_vox-60x,point-3,3,before_nocodazole,38.385,55.129,-6,1.466692803
2015.01.21_hela_gfp-lgn_rfp-tub_irfp-act_rap1_stlc_dmso_noc_latb_noc-latb_vox-60x,point-3,3,before_nocodazole,37.437,56.866,-3,0.659618829
2015.01.21_hela_gfp-lgn_rfp-tub_irfp-act_rap1_stlc_dmso_noc_latb_noc-latb_vox-60x,point-3,3,after_nocodazole,40.912,55.919,3,
2015.01.21_hela_gfp-lgn_rfp-tub_irfp-act_rap1_stlc_dmso_noc_latb_noc-latb_vox-60x,point-3,3,after_nocodazole,45.809,56.234,6,1.635706915
2015.01.21_hela_gfp-lgn_rfp-tub_irfp-act_rap1_stlc_dmso_noc_latb_noc-latb_vox-60x,point-3,3,after_nocodazole,48.652,56.55,9,0.953502607
2015.01.21_hela_gfp-lgn_rfp-tub_irfp-act_rap1_stlc_dmso_noc_latb_noc-latb_vox-60x,point-3,3,after_nocodazole,51.654,57.024,12,1.013063561
2015.01.21_hela_gfp-lgn_rfp-tub_irfp-act_rap1_stlc_dmso_noc_latb_noc-latb_vox-60x,point-3,3,after_nocodazole,54.339,57.498,15,0.90883937
2015.01.21_hela_gfp-lgn_rfp-tub_irfp-act_rap1_stlc_dmso_noc_latb_noc-latb_vox-60x,point-3,3,after_nocodazole,56.866,58.446,18,0.899656292
2015.01.21_hela_gfp-lgn_rfp-tub_irfp-act_rap1_stlc_dmso_noc_latb_noc-latb_vox-60x,point-3,3,after_nocodazole,56.392,60.815,21,0.805318226
2015.01.21_hela_gfp-lgn_rfp-tub_irfp-act_rap1_stlc_dmso_noc_latb_noc-latb_vox-60x,point-3,3,after_nocodazole,56.866,60.657,24,0.166546623
2015.01.21_hela_gfp-lgn_rfp-tub_irfp-act_rap1_stlc_dmso_noc_latb_noc-latb_vox-60x,point-3,3,after_nocodazole,56.55,60.657,27,0.105333333
2015.01.21_hela_gfp-lgn_rfp-tub_irfp-act_rap1_stlc_dmso_noc_latb_noc-latb_vox-60x,point-3,3,after_nocodazole,55.761,59.868,30,0.371938167
2015.01.21_hela_gfp-lgn_rfp-tub_irfp-act_rap1_stlc_dmso_noc_latb_noc-latb_vox-60x,point-3,3,after_nocodazole,54.813,58.762,33,0.485562675
2015.01.21_hela_gfp-lgn_rfp-tub_irfp-act_rap1_stlc_dmso_noc_latb_noc-latb_vox-60x,point-3,3,after_nocodazole,54.181,58.288,36,0.263333333
2015.01.21_hela_gfp-lgn_rfp-tub_irfp-act_rap1_stlc_dmso_noc_latb_noc-latb_vox-60x,point-3,3,after_nocodazole,53.707,58.13,39,0.166546623
2015.01.21_hela_gfp-lgn_rfp-tub_irfp-act_rap1_stlc_dmso_noc_latb_noc-latb_vox-60x,point-3,3,after_nocodazole,53.549,57.182,42,0.320358827
2015.01.21_hela_gfp-lgn_rfp-tub_irfp-act_rap1_stlc_dmso_noc_latb_noc-latb_vox-60x,point-3,3,after_nocodazole,53.391,56.708,45,0.166546623
2015.01.21_hela_gfp-lgn_rfp-tub_irfp-act_rap1_stlc_dmso_noc_latb_noc-latb_vox-60x,point-3,3,after_nocodazole,53.075,55.603,48,0.383098624
2015.01.21_hela_gfp-lgn_rfp-tub_irfp-act_rap1_stlc_dmso_noc_latb_noc-latb_vox-60x,point-3,3,after_nocodazole,53.075,55.603,51,0
2015.01.21_hela_gfp-lgn_rfp-tub_irfp-act_rap1_stlc_dmso_noc_latb_noc-latb_vox-60x,point-3,3,after_nocodazole,51.812,56.076,54,0.449555089
2015.01.21_hela_gfp-lgn_rfp-tub_irfp-act_rap1_stlc_dmso_noc_latb_noc-latb_vox-60x,point-3,3,after_nocodazole,51.969,55.761,57,0.117319128
2015.01.21_hela_gfp-lgn_rfp-tub_irfp-act_rap1_stlc_dmso_noc_latb_noc-latb_vox-60x,point-3,3,after_nocodazole,51.338,54.813,60,0.379599936
2015.01.21_hela_gfp-lgn_rfp-tub_irfp-act_rap1_stlc_dmso_noc_latb_noc-latb_vox-60x,point-3,3,after_nocodazole,50.548,55.603,63,0.372409571
2015.01.21_hela_gfp-lgn_rfp-tub_irfp-act_rap1_stlc_dmso_noc_latb_noc-latb_vox-60x,point-3,4,before_nocodazole,100.622,56.866,-60,
2015.01.21_hela_gfp-lgn_rfp-tub_irfp-act_rap1_stlc_dmso_noc_latb_noc-latb_vox-60x,point-3,4,before_nocodazole,102.359,53.707,-57,1.201686315
2015.01.21_hela_gfp-lgn_rfp-tub_irfp-act_rap1_stlc_dmso_noc_latb_noc-latb_vox-60x,point-3,4,before_nocodazole,102.043,52.127,-54,0.537096722
2015.01.21_hela_gfp-lgn_rfp-tub_irfp-act_rap1_stlc_dmso_noc_latb_noc-latb_vox-60x,point-3,4,before_nocodazole,103.307,51.18,-51,0.526466734
2015.01.21_hela_gfp-lgn_rfp-tub_irfp-act_rap1_stlc_dmso_noc_latb_noc-latb_vox-60x,point-3,4,before_nocodazole,103.307,49.758,-48,0.474
2015.01.21_hela_gfp-lgn_rfp-tub_irfp-act_rap1_stlc_dmso_noc_latb_noc-latb_vox-60x,point-3,4,before_nocodazole,105.045,49.758,-45,0.579333333
2015.01.21_hela_gfp-lgn_rfp-tub_irfp-act_rap1_stlc_dmso_noc_latb_noc-latb_vox-60x,point-3,4,before_nocodazole,104.729,46.757,-42,1.005863753
2015.01.21_hela_gfp-lgn_rfp-tub_irfp-act_rap1_stlc_dmso_noc_latb_noc-latb_vox-60x,point-3,4,before_nocodazole,102.675,44.703,-39,0.968264886
2015.01.21_hela_gfp-lgn_rfp-tub_irfp-act_rap1_stlc_dmso_noc_latb_noc-latb_vox-60x,point-3,4,before_nocodazole,96.515,40.122,-36,2.558887801
2015.01.21_hela_gfp-lgn_rfp-tub_irfp-act_rap1_stlc_dmso_noc_latb_noc-latb_vox-60x,point-3,4,before_nocodazole,92.566,38.701,-33,1.398961599
2015.01.21_hela_gfp-lgn_rfp-tub_irfp-act_rap1_stlc_dmso_noc_latb_noc-latb_vox-60x,point-3,4,before_nocodazole,90.828,37.279,-30,0.748533975
2015.01.21_hela_gfp-lgn_rfp-tub_irfp-act_rap1_stlc_dmso_noc_latb_noc-latb_vox-60x,point-3,4,before_nocodazole,88.459,36.805,-27,0.805318226
2015.01.21_hela_gfp-lgn_rfp-tub_irfp-act_rap1_stlc_dmso_noc_latb_noc-latb_vox-60x,point-3,4,before_nocodazole,87.195,35.857,-24,0.526666667
2015.01.21_hela_gfp-lgn_rfp-tub_irfp-act_rap1_stlc_dmso_noc_latb_noc-latb_vox-60x,point-3,4,before_nocodazole,84.826,36.173,-21,0.796660879
2015.01.21_hela_gfp-lgn_rfp-tub_irfp-act_rap1_stlc_dmso_noc_latb_noc-latb_vox-60x,point-3,4,before_nocodazole,85.141,36.015,-18,0.117468199
2015.01.21_hela_gfp-lgn_rfp-tub_irfp-act_rap1_stlc_dmso_noc_latb_noc-latb_vox-60x,point-3,4,before_nocodazole,83.088,36.805,-15,0.733250677
2015.01.21_hela_gfp-lgn_rfp-tub_irfp-act_rap1_stlc_dmso_noc_latb_noc-latb_vox-60x,point-3,4,before_nocodazole,83.246,39.017,-12,0.739211893
2015.01.21_hela_gfp-lgn_rfp-tub_irfp-act_rap1_stlc_dmso_noc_latb_noc-latb_vox-60x,point-3,4,before_nocodazole,81.824,38.227,-9,0.542236521
2015.01.21_hela_gfp-lgn_rfp-tub_irfp-act_rap1_stlc_dmso_noc_latb_noc-latb_vox-60x,point-3,4,before_nocodazole,80.561,43.597,-6,1.838842299
2015.01.21_hela_gfp-lgn_rfp-tub_irfp-act_rap1_stlc_dmso_noc_latb_noc-latb_vox-60x,point-3,4,before_nocodazole,80.087,46.283,-3,0.909167629
2015.01.21_hela_gfp-lgn_rfp-tub_irfp-act_rap1_stlc_dmso_noc_latb_noc-latb_vox-60x,point-3,4,after_nocodazole,81.508,43.124,3,
2015.01.21_hela_gfp-lgn_rfp-tub_irfp-act_rap1_stlc_dmso_noc_latb_noc-latb_vox-60x,point-3,4,after_nocodazole,81.982,45.177,6,0.702336181
2015.01.21_hela_gfp-lgn_rfp-tub_irfp-act_rap1_stlc_dmso_noc_latb_noc-latb_vox-60x,point-3,4,after_nocodazole,81.666,49.284,9,1.373046289
2015.01.21_hela_gfp-lgn_rfp-tub_irfp-act_rap1_stlc_dmso_noc_latb_noc-latb_vox-60x,point-3,4,after_nocodazole,86.089,51.969,12,1.72472716
2015.01.21_hela_gfp-lgn_rfp-tub_irfp-act_rap1_stlc_dmso_noc_latb_noc-latb_vox-60x,point-3,4,after_nocodazole,88.301,51.812,15,0.739188218
2015.01.21_hela_gfp-lgn_rfp-tub_irfp-act_rap1_stlc_dmso_noc_latb_noc-latb_vox-60x,point-3,4,after_nocodazole,90.67,51.496,18,0.796660879
2015.01.21_hela_gfp-lgn_rfp-tub_irfp-act_rap1_stlc_dmso_noc_latb_noc-latb_vox-60x,point-3,4,after_nocodazole,90.354,50.232,21,0.434300459
2015.01.21_hela_gfp-lgn_rfp-tub_irfp-act_rap1_stlc_dmso_noc_latb_noc-latb_vox-60x,point-3,4,after_nocodazole,90.354,50.548,24,0.105333333
2015.01.21_hela_gfp-lgn_rfp-tub_irfp-act_rap1_stlc_dmso_noc_latb_noc-latb_vox-60x,point-3,4,after_nocodazole,90.512,50.074,27,0.166546623
2015.01.21_hela_gfp-lgn_rfp-tub_irfp-act_rap1_stlc_dmso_noc_latb_noc-latb_vox-60x,point-3,4,after_nocodazole,90.828,50.232,30,0.117766247
2015.01.21_hela_gfp-lgn_rfp-tub_irfp-act_rap1_stlc_dmso_noc_latb_noc-latb_vox-60x,point-3,4,after_nocodazole,90.038,49.6,33,0.33723121
2015.01.21_hela_gfp-lgn_rfp-tub_irfp-act_rap1_stlc_dmso_noc_latb_noc-latb_vox-60x,point-3,4,after_nocodazole,91.144,50.074,36,0.401097384
2015.01.21_hela_gfp-lgn_rfp-tub_irfp-act_rap1_stlc_dmso_noc_latb_noc-latb_vox-60x,point-3,4,after_nocodazole,90.67,49.758,39,0.189892367
2015.01.21_hela_gfp-lgn_rfp-tub_irfp-act_rap1_stlc_dmso_noc_latb_noc-latb_vox-60x,point-3,4,after_nocodazole,90.986,48.652,42,0.383419121
2015.01.21_hela_gfp-lgn_rfp-tub_irfp-act_rap1_stlc_dmso_noc_latb_noc-latb_vox-60x,point-3,4,after_nocodazole,90.67,48.494,45,0.117766247
2015.01.21_hela_gfp-lgn_rfp-tub_irfp-act_rap1_stlc_dmso_noc_latb_noc-latb_vox-60x,point-3,4,after_nocodazole,90.67,48.336,48,0.052666667
2015.01.21_hela_gfp-lgn_rfp-tub_irfp-act_rap1_stlc_dmso_noc_latb_noc-latb_vox-60x,point-3,4,after_nocodazole,91.302,48.494,51,0.21715023
2015.01.21_hela_gfp-lgn_rfp-tub_irfp-act_rap1_stlc_dmso_noc_latb_noc-latb_vox-60x,point-3,4,after_nocodazole,91.302,48.178,54,0.105333333
2015.01.21_hela_gfp-lgn_rfp-tub_irfp-act_rap1_stlc_dmso_noc_latb_noc-latb_vox-60x,point-3,4,after_nocodazole,91.934,47.704,57,0.263333333
2015.01.21_hela_gfp-lgn_rfp-tub_irfp-act_rap1_stlc_dmso_noc_latb_noc-latb_vox-60x,point-3,4,after_nocodazole,91.934,47.389,60,0.105
2015.01.21_hela_gfp-lgn_rfp-tub_irfp-act_rap1_stlc_dmso_noc_latb_noc-latb_vox-60x,point-3,4,after_nocodazole,91.934,47.073,63,0.105333333
2015.01.21_hela_gfp-lgn_rfp-tub_irfp-act_rap1_stlc_dmso_noc_latb_noc-latb_vox-60x,point-3,5,before_nocodazole,80.245,74.716,-60,
2015.01.21_hela_gfp-lgn_rfp-tub_irfp-act_rap1_stlc_dmso_noc_latb_noc-latb_vox-60x,point-3,5,before_nocodazole,80.245,75.032,-57,0.105333333
2015.01.21_hela_gfp-lgn_rfp-tub_irfp-act_rap1_stlc_dmso_noc_latb_noc-latb_vox-60x,point-3,5,before_nocodazole,80.719,75.032,-54,0.158
2015.01.21_hela_gfp-lgn_rfp-tub_irfp-act_rap1_stlc_dmso_noc_latb_noc-latb_vox-60x,point-3,5,before_nocodazole,80.719,74.242,-51,0.263333333
2015.01.21_hela_gfp-lgn_rfp-tub_irfp-act_rap1_stlc_dmso_noc_latb_noc-latb_vox-60x,point-3,5,before_nocodazole,81.666,72.82,-48,0.569492269
2015.01.21_hela_gfp-lgn_rfp-tub_irfp-act_rap1_stlc_dmso_noc_latb_noc-latb_vox-60x,point-3,5,before_nocodazole,80.245,74.716,-45,0.789800045
2015.01.21_hela_gfp-lgn_rfp-tub_irfp-act_rap1_stlc_dmso_noc_latb_noc-latb_vox-60x,point-3,5,before_nocodazole,79.297,75.506,-42,0.411339816
2015.01.21_hela_gfp-lgn_rfp-tub_irfp-act_rap1_stlc_dmso_noc_latb_noc-latb_vox-60x,point-3,5,before_nocodazole,79.929,74.4,-39,0.424612241
2015.01.21_hela_gfp-lgn_rfp-tub_irfp-act_rap1_stlc_dmso_noc_latb_noc-latb_vox-60x,point-3,5,before_nocodazole,79.929,74.242,-36,0.052666667
2015.01.21_hela_gfp-lgn_rfp-tub_irfp-act_rap1_stlc_dmso_noc_latb_noc-latb_vox-60x,point-3,5,before_nocodazole,79.297,74.4,-33,0.21715023
2015.01.21_hela_gfp-lgn_rfp-tub_irfp-act_rap1_stlc_dmso_noc_latb_noc-latb_vox-60x,point-3,5,before_nocodazole,78.507,74.4,-30,0.263333333
2015.01.21_hela_gfp-lgn_rfp-tub_irfp-act_rap1_stlc_dmso_noc_latb_noc-latb_vox-60x,point-3,5,before_nocodazole,79.771,75.032,-27,0.471064987
2015.01.21_hela_gfp-lgn_rfp-tub_irfp-act_rap1_stlc_dmso_noc_latb_noc-latb_vox-60x,point-3,5,before_nocodazole,80.877,75.032,-24,0.368666667
2015.01.21_hela_gfp-lgn_rfp-tub_irfp-act_rap1_stlc_dmso_noc_latb_noc-latb_vox-60x,point-3,5,before_nocodazole,80.245,75.506,-21,0.263333333
2015.01.21_hela_gfp-lgn_rfp-tub_irfp-act_rap1_stlc_dmso_noc_latb_noc-latb_vox-60x,point-3,5,before_nocodazole,80.719,74.084,-18,0.49963987
2015.01.21_hela_gfp-lgn_rfp-tub_irfp-act_rap1_stlc_dmso_noc_latb_noc-latb_vox-60x,point-3,5,before_nocodazole,80.245,73.136,-15,0.35329874
2015.01.21_hela_gfp-lgn_rfp-tub_irfp-act_rap1_stlc_dmso_noc_latb_noc-latb_vox-60x,point-3,5,before_nocodazole,80.087,73.61,-12,0.166546623
2015.01.21_hela_gfp-lgn_rfp-tub_irfp-act_rap1_stlc_dmso_noc_latb_noc-latb_vox-60x,point-3,5,before_nocodazole,79.929,72.505,-9,0.372079591
2015.01.21_hela_gfp-lgn_rfp-tub_irfp-act_rap1_stlc_dmso_noc_latb_noc-latb_vox-60x,point-3,5,before_nocodazole,78.665,72.031,-6,0.449984197
2015.01.21_hela_gfp-lgn_rfp-tub_irfp-act_rap1_stlc_dmso_noc_latb_noc-latb_vox-60x,point-3,5,before_nocodazole,78.191,70.293,-3,0.600492391
2015.01.21_hela_gfp-lgn_rfp-tub_irfp-act_rap1_stlc_dmso_noc_latb_noc-latb_vox-60x,point-3,5,after_nocodazole,76.927,71.399,3,
2015.01.21_hela_gfp-lgn_rfp-tub_irfp-act_rap1_stlc_dmso_noc_latb_noc-latb_vox-60x,point-3,5,after_nocodazole,76.296,73.294,6,0.66576489
2015.01.21_hela_gfp-lgn_rfp-tub_irfp-act_rap1_stlc_dmso_noc_latb_noc-latb_vox-60x,point-3,5,after_nocodazole,77.875,74.084,9,0.588533111
2015.01.21_hela_gfp-lgn_rfp-tub_irfp-act_rap1_stlc_dmso_noc_latb_noc-latb_vox-60x,point-3,5,after_nocodazole,79.297,73.61,12,0.49963987
2015.01.21_hela_gfp-lgn_rfp-tub_irfp-act_rap1_stlc_dmso_noc_latb_noc-latb_vox-60x,point-3,5,after_nocodazole,79.771,73.61,15,0.158
2015.01.21_hela_gfp-lgn_rfp-tub_irfp-act_rap1_stlc_dmso_noc_latb_noc-latb_vox-60x,point-3,5,after_nocodazole,78.981,73.768,18,0.268548361
2015.01.21_hela_gfp-lgn_rfp-tub_irfp-act_rap1_stlc_dmso_noc_latb_noc-latb_vox-60x,point-3,5,after_nocodazole,78.507,73.61,21,0.166546623
2015.01.21_hela_gfp-lgn_rfp-tub_irfp-act_rap1_stlc_dmso_noc_latb_noc-latb_vox-60x,point-3,5,after_nocodazole,78.033,73.452,24,0.166546623
2015.01.21_hela_gfp-lgn_rfp-tub_irfp-act_rap1_stlc_dmso_noc_latb_noc-latb_vox-60x,point-3,5,after_nocodazole,77.717,72.82,27,0.235532494
2015.01.21_hela_gfp-lgn_rfp-tub_irfp-act_rap1_stlc_dmso_noc_latb_noc-latb_vox-60x,point-3,5,after_nocodazole,77.875,72.978,30,0.074481914
2015.01.21_hela_gfp-lgn_rfp-tub_irfp-act_rap1_stlc_dmso_noc_latb_noc-latb_vox-60x,point-3,5,after_nocodazole,76.927,73.136,33,0.320358827
2015.01.21_hela_gfp-lgn_rfp-tub_irfp-act_rap1_stlc_dmso_noc_latb_noc-latb_vox-60x,point-3,5,after_nocodazole,77.717,72.978,36,0.268548361
2015.01.21_hela_gfp-lgn_rfp-tub_irfp-act_rap1_stlc_dmso_noc_latb_noc-latb_vox-60x,point-3,5,after_nocodazole,77.717,72.662,39,0.105333333
2015.01.21_hela_gfp-lgn_rfp-tub_irfp-act_rap1_stlc_dmso_noc_latb_noc-latb_vox-60x,point-3,5,after_nocodazole,77.559,70.767,42,0.633858467
2015.01.21_hela_gfp-lgn_rfp-tub_irfp-act_rap1_stlc_dmso_noc_latb_noc-latb_vox-60x,point-3,5,after_nocodazole,79.455,69.661,45,0.731668717
2015.01.21_hela_gfp-lgn_rfp-tub_irfp-act_rap1_stlc_dmso_noc_latb_noc-latb_vox-60x,point-3,5,after_nocodazole,78.665,68.713,48,0.411339816
2015.01.21_hela_gfp-lgn_rfp-tub_irfp-act_rap1_stlc_dmso_noc_latb_noc-latb_vox-60x,point-3,5,after_nocodazole,78.665,69.661,51,0.316
2015.01.21_hela_gfp-lgn_rfp-tub_irfp-act_rap1_stlc_dmso_noc_latb_noc-latb_vox-60x,point-3,5,after_nocodazole,78.665,69.661,54,0
2015.01.21_hela_gfp-lgn_rfp-tub_irfp-act_rap1_stlc_dmso_noc_latb_noc-latb_vox-60x,point-3,5,after_nocodazole,78.665,69.503,57,0.052666667
2015.01.21_hela_gfp-lgn_rfp-tub_irfp-act_rap1_stlc_dmso_noc_latb_noc-latb_vox-60x,point-3,5,after_nocodazole,78.033,69.345,60,0.21715023
2015.01.21_hela_gfp-lgn_rfp-tub_irfp-act_rap1_stlc_dmso_noc_latb_noc-latb_vox-60x,point-3,5,after_nocodazole,78.349,69.503,63,0.117766247
2015.01.21_hela_gfp-lgn_rfp-tub_irfp-act_rap1_stlc_dmso_noc_latb_noc-latb_vox-60x,point-4,6,before_nocodazole,66.344,62.198,-60,
2015.01.21_hela_gfp-lgn_rfp-tub_irfp-act_rap1_stlc_dmso_noc_latb_noc-latb_vox-60x,point-4,6,before_nocodazole,69.543,62.671,-57,1.077926507
2015.01.21_hela_gfp-lgn_rfp-tub_irfp-act_rap1_stlc_dmso_noc_latb_noc-latb_vox-60x,point-4,6,before_nocodazole,78.547,57.933,-54,3.391503436
2015.01.21_hela_gfp-lgn_rfp-tub_irfp-act_rap1_stlc_dmso_noc_latb_noc-latb_vox-60x,point-4,6,before_nocodazole,89.091,49.521,-51,4.496142544
2015.01.21_hela_gfp-lgn_rfp-tub_irfp-act_rap1_stlc_dmso_noc_latb_noc-latb_vox-60x,point-4,6,before_nocodazole,93.355,43.361,-48,2.497271756
2015.01.21_hela_gfp-lgn_rfp-tub_irfp-act_rap1_stlc_dmso_noc_latb_noc-latb_vox-60x,point-4,6,before_nocodazole,95.488,39.688,-45,1.415808289
2015.01.21_hela_gfp-lgn_rfp-tub_irfp-act_rap1_stlc_dmso_noc_latb_noc-latb_vox-60x,point-4,6,before_nocodazole,96.91,36.726,-42,1.095218294
2015.01.21_hela_gfp-lgn_rfp-tub_irfp-act_rap1_stlc_dmso_noc_latb_noc-latb_vox-60x,point-4,6,before_nocodazole,96.791,31.869,-39,1.619485858
2015.01.21_hela_gfp-lgn_rfp-tub_irfp-act_rap1_stlc_dmso_noc_latb_noc-latb_vox-60x,point-4,6,before_nocodazole,96.436,27.485,-36,1.466116601
2015.01.21_hela_gfp-lgn_rfp-tub_irfp-act_rap1_stlc_dmso_noc_latb_noc-latb_vox-60x,point-4,6,before_nocodazole,97.384,24.761,-33,0.961415623
2015.01.21_hela_gfp-lgn_rfp-tub_irfp-act_rap1_stlc_dmso_noc_latb_noc-latb_vox-60x,point-4,6,before_nocodazole,98.213,23.576,-30,0.482063389
2015.01.21_hela_gfp-lgn_rfp-tub_irfp-act_rap1_stlc_dmso_noc_latb_noc-latb_vox-60x,point-4,6,before_nocodazole,104.018,24.761,-27,1.974905061
2015.01.21_hela_gfp-lgn_rfp-tub_irfp-act_rap1_stlc_dmso_noc_latb_noc-latb_vox-60x,point-4,6,before_nocodazole,106.624,25.827,-24,0.938532661
2015.01.21_hela_gfp-lgn_rfp-tub_irfp-act_rap1_stlc_dmso_noc_latb_noc-latb_vox-60x,point-4,6,before_nocodazole,106.624,26.182,-21,0.118333333
2015.01.21_hela_gfp-lgn_rfp-tub_irfp-act_rap1_stlc_dmso_noc_latb_noc-latb_vox-60x,point-4,6,before_nocodazole,107.691,25.708,-18,0.389182191
2015.01.21_hela_gfp-lgn_rfp-tub_irfp-act_rap1_stlc_dmso_noc_latb_noc-latb_vox-60x,point-4,6,before_nocodazole,106.624,23.813,-15,0.724914861
2015.01.21_hela_gfp-lgn_rfp-tub_irfp-act_rap1_stlc_dmso_noc_latb_noc-latb_vox-60x,point-4,6,before_nocodazole,107.335,24.405,-12,0.308398191
2015.01.21_hela_gfp-lgn_rfp-tub_irfp-act_rap1_stlc_dmso_noc_latb_noc-latb_vox-60x,point-4,6,before_nocodazole,109.941,26.182,-9,1.051399332
2015.01.21_hela_gfp-lgn_rfp-tub_irfp-act_rap1_stlc_dmso_noc_latb_noc-latb_vox-60x,point-4,6,before_nocodazole,108.638,24.761,-6,0.642655083
2015.01.21_hela_gfp-lgn_rfp-tub_irfp-act_rap1_stlc_dmso_noc_latb_noc-latb_vox-60x,point-4,6,before_nocodazole,109.112,24.761,-3,0.158
2015.01.21_hela_gfp-lgn_rfp-tub_irfp-act_rap1_stlc_dmso_noc_latb_noc-latb_vox-60x,point-4,6,after_nocodazole,105.519,26.064,3,
2015.01.21_hela_gfp-lgn_rfp-tub_irfp-act_rap1_stlc_dmso_noc_latb_noc-latb_vox-60x,point-4,6,after_nocodazole,108.52,27.011,6,1.048957684
2015.01.21_hela_gfp-lgn_rfp-tub_irfp-act_rap1_stlc_dmso_noc_latb_noc-latb_vox-60x,point-4,6,after_nocodazole,110.099,27.643,9,0.566927881
2015.01.21_hela_gfp-lgn_rfp-tub_irfp-act_rap1_stlc_dmso_noc_latb_noc-latb_vox-60x,point-4,6,after_nocodazole,108.836,27.959,12,0.433977086
2015.01.21_hela_gfp-lgn_rfp-tub_irfp-act_rap1_stlc_dmso_noc_latb_noc-latb_vox-60x,point-4,6,after_nocodazole,108.836,28.275,15,0.105333333
2015.01.21_hela_gfp-lgn_rfp-tub_irfp-act_rap1_stlc_dmso_noc_latb_noc-latb_vox-60x,point-4,6,after_nocodazole,108.204,29.065,18,0.33723121
2015.01.21_hela_gfp-lgn_rfp-tub_irfp-act_rap1_stlc_dmso_noc_latb_noc-latb_vox-60x,point-4,6,after_nocodazole,107.414,30.961,21,0.684666667
2015.01.21_hela_gfp-lgn_rfp-tub_irfp-act_rap1_stlc_dmso_noc_latb_noc-latb_vox-60x,point-4,6,after_nocodazole,107.888,30.329,24,0.263333333
2015.01.21_hela_gfp-lgn_rfp-tub_irfp-act_rap1_stlc_dmso_noc_latb_noc-latb_vox-60x,point-4,6,after_nocodazole,107.098,31.908,27,0.588533111
2015.01.21_hela_gfp-lgn_rfp-tub_irfp-act_rap1_stlc_dmso_noc_latb_noc-latb_vox-60x,point-4,6,after_nocodazole,106.466,31.75,30,0.21715023
2015.01.21_hela_gfp-lgn_rfp-tub_irfp-act_rap1_stlc_dmso_noc_latb_noc-latb_vox-60x,point-6,7,before_nocodazole,68.082,26.064,-60,
2015.01.21_hela_gfp-lgn_rfp-tub_irfp-act_rap1_stlc_dmso_noc_latb_noc-latb_vox-60x,point-6,7,before_nocodazole,68.713,24.484,-57,0.567113647
2015.01.21_hela_gfp-lgn_rfp-tub_irfp-act_rap1_stlc_dmso_noc_latb_noc-latb_vox-60x,point-6,7,before_nocodazole,66.344,23.694,-54,0.832416896
2015.01.21_hela_gfp-lgn_rfp-tub_irfp-act_rap1_stlc_dmso_noc_latb_noc-latb_vox-60x,point-6,7,before_nocodazole,62.079,39.648,-51,5.504748869
2015.01.21_hela_gfp-lgn_rfp-tub_irfp-act_rap1_stlc_dmso_noc_latb_noc-latb_vox-60x,point-6,7,before_nocodazole,65.396,48.02,-48,3.001719378
2015.01.21_hela_gfp-lgn_rfp-tub_irfp-act_rap1_stlc_dmso_noc_latb_noc-latb_vox-60x,point-6,7,before_nocodazole,77.717,44.545,-45,4.267222177
2015.01.21_hela_gfp-lgn_rfp-tub_irfp-act_rap1_stlc_dmso_noc_latb_noc-latb_vox-60x,point-6,7,before_nocodazole,80.877,36.489,-42,2.884532236
2015.01.21_hela_gfp-lgn_rfp-tub_irfp-act_rap1_stlc_dmso_noc_latb_noc-latb_vox-60x,point-6,7,before_nocodazole,74.558,30.171,-39,2.978569474
2015.01.21_hela_gfp-lgn_rfp-tub_irfp-act_rap1_stlc_dmso_noc_latb_noc-latb_vox-60x,point-6,7,before_nocodazole,69.977,27.169,-36,1.825667762
2015.01.21_hela_gfp-lgn_rfp-tub_irfp-act_rap1_stlc_dmso_noc_latb_noc-latb_vox-60x,point-6,7,before_nocodazole,60.341,33.962,-33,3.929904508
2015.01.21_hela_gfp-lgn_rfp-tub_irfp-act_rap1_stlc_dmso_noc_latb_noc-latb_vox-60x,point-6,7,before_nocodazole,65.554,47.231,-30,4.752095795
2015.01.21_hela_gfp-lgn_rfp-tub_irfp-act_rap1_stlc_dmso_noc_latb_noc-latb_vox-60x,point-6,7,before_nocodazole,72.662,50.074,-27,2.551825338
2015.01.21_hela_gfp-lgn_rfp-tub_irfp-act_rap1_stlc_dmso_noc_latb_noc-latb_vox-60x,point-6,7,before_nocodazole,79.455,40.754,-24,3.844292291
2015.01.21_hela_gfp-lgn_rfp-tub_irfp-act_rap1_stlc_dmso_noc_latb_noc-latb_vox-60x,point-6,7,before_nocodazole,80.719,36.805,-21,1.382119829
2015.01.21_hela_gfp-lgn_rfp-tub_irfp-act_rap1_stlc_dmso_noc_latb_noc-latb_vox-60x,point-6,7,before_nocodazole,80.245,34.752,-18,0.702336181
2015.01.21_hela_gfp-lgn_rfp-tub_irfp-act_rap1_stlc_dmso_noc_latb_noc-latb_vox-60x,point-6,7,before_nocodazole,69.187,28.117,-15,4.298612037
2015.01.21_hela_gfp-lgn_rfp-tub_irfp-act_rap1_stlc_dmso_noc_latb_noc-latb_vox-60x,point-6,7,before_nocodazole,61.763,31.434,-12,2.710437951
2015.01.21_hela_gfp-lgn_rfp-tub_irfp-act_rap1_stlc_dmso_noc_latb_noc-latb_vox-60x,point-6,7,before_nocodazole,65.396,44.229,-9,4.4335929
2015.01.21_hela_gfp-lgn_rfp-tub_irfp-act_rap1_stlc_dmso_noc_latb_noc-latb_vox-60x,point-6,7,before_nocodazole,71.399,50.232,-6,2.829841338
2015.01.21_hela_gfp-lgn_rfp-tub_irfp-act_rap1_stlc_dmso_noc_latb_noc-latb_vox-60x,point-6,7,before_nocodazole,72.347,51.338,-3,0.485562675
2015.01.21_hela_gfp-lgn_rfp-tub_irfp-act_rap1_stlc_dmso_noc_latb_noc-latb_vox-60x,point-6,7,after_nocodazole,70.846,50.943,3,
2015.01.21_hela_gfp-lgn_rfp-tub_irfp-act_rap1_stlc_dmso_noc_latb_noc-latb_vox-60x,point-6,7,after_nocodazole,71.083,50.706,6,0.111722871
2015.01.21_hela_gfp-lgn_rfp-tub_irfp-act_rap1_stlc_dmso_noc_latb_noc-latb_vox-60x,point-6,7,after_nocodazole,71.557,50.35,9,0.197600045
2015.01.21_hela_gfp-lgn_rfp-tub_irfp-act_rap1_stlc_dmso_noc_latb_noc-latb_vox-60x,point-6,7,after_nocodazole,71.912,50.35,12,0.118333333
2015.01.21_hela_gfp-lgn_rfp-tub_irfp-act_rap1_stlc_dmso_noc_latb_noc-latb_vox-60x,point-6,7,after_nocodazole,72.031,49.403,15,0.318149161
2015.01.21_hela_gfp-lgn_rfp-tub_irfp-act_rap1_stlc_dmso_noc_latb_noc-latb_vox-60x,point-6,7,after_nocodazole,72.741,49.876,18,0.284376316
2015.01.21_hela_gfp-lgn_rfp-tub_irfp-act_rap1_stlc_dmso_noc_latb_noc-latb_vox-60x,point-6,7,after_nocodazole,73.452,49.284,21,0.308398191
2015.01.21_hela_gfp-lgn_rfp-tub_irfp-act_rap1_stlc_dmso_noc_latb_noc-latb_vox-60x,point-6,7,after_nocodazole,74.163,49.284,24,0.237
2015.01.21_hela_gfp-lgn_rfp-tub_irfp-act_rap1_stlc_dmso_noc_latb_noc-latb_vox-60x,point-6,7,after_nocodazole,75.348,49.166,27,0.396953538
2015.01.21_hela_gfp-lgn_rfp-tub_irfp-act_rap1_stlc_dmso_noc_latb_noc-latb_vox-60x,point-6,7,after_nocodazole,76.177,46.796,30,0.83693495
2015.01.21_hela_gfp-lgn_rfp-tub_irfp-act_rap1_stlc_dmso_noc_latb_noc-latb_vox-60x,point-6,7,after_nocodazole,75.348,46.796,33,0.276333333
2015.01.21_hela_gfp-lgn_rfp-tub_irfp-act_rap1_stlc_dmso_noc_latb_noc-latb_vox-60x,point-6,7,after_nocodazole,73.689,47.152,36,0.565588877
2015.01.21_hela_gfp-lgn_rfp-tub_irfp-act_rap1_stlc_dmso_noc_latb_noc-latb_vox-60x,point-6,7,after_nocodazole,73.334,47.507,39,0.167348605
2015.01.21_hela_gfp-lgn_rfp-tub_irfp-act_rap1_stlc_dmso_noc_latb_noc-latb_vox-60x,point-6,7,after_nocodazole,74.755,46.559,42,0.569399781
2015.01.21_hela_gfp-lgn_rfp-tub_irfp-act_rap1_stlc_dmso_noc_latb_noc-latb_vox-60x,point-6,7,after_nocodazole,74.4,45.493,45,0.374519099
2015.01.21_hela_gfp-lgn_rfp-tub_irfp-act_rap1_stlc_dmso_noc_latb_noc-latb_vox-60x,point-6,7,after_nocodazole,74.4,44.901,48,0.197333333
2015.01.21_hela_gfp-lgn_rfp-tub_irfp-act_rap1_stlc_dmso_noc_latb_noc-latb_vox-60x,point-6,7,after_nocodazole,74.163,44.545,51,0.14255798
2015.01.21_hela_gfp-lgn_rfp-tub_irfp-act_rap1_stlc_dmso_noc_latb_noc-latb_vox-60x,point-6,7,after_nocodazole,72.741,45.493,54,0.569677102
2015.01.21_hela_gfp-lgn_rfp-tub_irfp-act_rap1_stlc_dmso_noc_latb_noc-latb_vox-60x,point-6,7,after_nocodazole,73.571,43.834,57,0.618347349
2015.01.21_hela_gfp-lgn_rfp-tub_irfp-act_rap1_stlc_dmso_noc_latb_noc-latb_vox-60x,point-6,7,after_nocodazole,73.926,42.057,60,0.60403771
2015.01.21_hela_gfp-lgn_rfp-tub_irfp-act_rap1_stlc_dmso_noc_latb_noc-latb_vox-60x,point-6,7,after_nocodazole,73.334,42.413,63,0.230265547
2015.01.21_hela_gfp-lgn_rfp-tub_irfp-act_rap1_stlc_dmso_noc_latb_noc-latb_vox-60x,point-6,8,before_nocodazole,104.136,29.973,-60,
2015.01.21_hela_gfp-lgn_rfp-tub_irfp-act_rap1_stlc_dmso_noc_latb_noc-latb_vox-60x,point-6,8,before_nocodazole,106.624,26.656,-57,1.382133335
2015.01.21_hela_gfp-lgn_rfp-tub_irfp-act_rap1_stlc_dmso_noc_latb_noc-latb_vox-60x,point-6,8,before_nocodazole,105.558,28.196,-54,0.624317939
2015.01.21_hela_gfp-lgn_rfp-tub_irfp-act_rap1_stlc_dmso_noc_latb_noc-latb_vox-60x,point-6,8,before_nocodazole,106.506,24.761,-51,1.187805119
2015.01.21_hela_gfp-lgn_rfp-tub_irfp-act_rap1_stlc_dmso_noc_latb_noc-latb_vox-60x,point-6,8,before_nocodazole,107.454,23.339,-48,0.569677102
2015.01.21_hela_gfp-lgn_rfp-tub_irfp-act_rap1_stlc_dmso_noc_latb_noc-latb_vox-60x,point-6,8,before_nocodazole,107.335,18.482,-45,1.619485858
2015.01.21_hela_gfp-lgn_rfp-tub_irfp-act_rap1_stlc_dmso_noc_latb_noc-latb_vox-60x,point-6,8,before_nocodazole,103.899,13.743,-42,1.951188157
2015.01.21_hela_gfp-lgn_rfp-tub_irfp-act_rap1_stlc_dmso_noc_latb_noc-latb_vox-60x,point-6,8,before_nocodazole,98.924,11.61,-39,1.804325482
2015.01.21_hela_gfp-lgn_rfp-tub_irfp-act_rap1_stlc_dmso_noc_latb_noc-latb_vox-60x,point-6,8,before_nocodazole,95.725,11.61,-36,1.066333333
2015.01.21_hela_gfp-lgn_rfp-tub_irfp-act_rap1_stlc_dmso_noc_latb_noc-latb_vox-60x,point-6,8,before_nocodazole,91.578,13.98,-33,1.5921512
2015.01.21_hela_gfp-lgn_rfp-tub_irfp-act_rap1_stlc_dmso_noc_latb_noc-latb_vox-60x,point-6,8,before_nocodazole,91.815,13.743,-30,0.111722871
2015.01.21_hela_gfp-lgn_rfp-tub_irfp-act_rap1_stlc_dmso_noc_latb_noc-latb_vox-60x,point-6,8,before_nocodazole,91.46,14.335,-27,0.230093942
2015.01.21_hela_gfp-lgn_rfp-tub_irfp-act_rap1_stlc_dmso_noc_latb_noc-latb_vox-60x,point-6,8,before_nocodazole,90.749,16.468,-24,0.749459805
2015.01.21_hela_gfp-lgn_rfp-tub_irfp-act_rap1_stlc_dmso_noc_latb_noc-latb_vox-60x,point-6,8,before_nocodazole,90.631,15.52,-21,0.318438552
2015.01.21_hela_gfp-lgn_rfp-tub_irfp-act_rap1_stlc_dmso_noc_latb_noc-latb_vox-60x,point-6,8,before_nocodazole,89.564,17.771,-18,0.830360698
2015.01.21_hela_gfp-lgn_rfp-tub_irfp-act_rap1_stlc_dmso_noc_latb_noc-latb_vox-60x,point-6,8,before_nocodazole,91.105,17.06,-15,0.565705263
2015.01.21_hela_gfp-lgn_rfp-tub_irfp-act_rap1_stlc_dmso_noc_latb_noc-latb_vox-60x,point-6,8,before_nocodazole,90.275,19.311,-12,0.799715297
2015.01.21_hela_gfp-lgn_rfp-tub_irfp-act_rap1_stlc_dmso_noc_latb_noc-latb_vox-60x,point-6,8,before_nocodazole,90.394,22.154,-9,0.948496471
2015.01.21_hela_gfp-lgn_rfp-tub_irfp-act_rap1_stlc_dmso_noc_latb_noc-latb_vox-60x,point-6,8,before_nocodazole,91.578,25.708,-6,1.248678057
2015.01.21_hela_gfp-lgn_rfp-tub_irfp-act_rap1_stlc_dmso_noc_latb_noc-latb_vox-60x,point-6,8,before_nocodazole,93.474,29.499,-3,1.412896827
2015.01.21_hela_gfp-lgn_rfp-tub_irfp-act_rap1_stlc_dmso_noc_latb_noc-latb_vox-60x,point-6,8,after_nocodazole,92.289,29.618,3,
2015.01.21_hela_gfp-lgn_rfp-tub_irfp-act_rap1_stlc_dmso_noc_latb_noc-latb_vox-60x,point-6,8,after_nocodazole,92.645,28.907,6,0.265048633
2015.01.21_hela_gfp-lgn_rfp-tub_irfp-act_rap1_stlc_dmso_noc_latb_noc-latb_vox-60x,point-6,8,after_nocodazole,93.237,27.841,9,0.406450762
2015.01.21_hela_gfp-lgn_rfp-tub_irfp-act_rap1_stlc_dmso_noc_latb_noc-latb_vox-60x,point-6,8,after_nocodazole,92.882,27.485,12,0.167584473
2015.01.21_hela_gfp-lgn_rfp-tub_irfp-act_rap1_stlc_dmso_noc_latb_noc-latb_vox-60x,point-6,8,after_nocodazole,93.711,28.67,15,0.482063389
2015.01.21_hela_gfp-lgn_rfp-tub_irfp-act_rap1_stlc_dmso_noc_latb_noc-latb_vox-60x,point-6,8,after_nocodazole,94.422,29.499,18,0.364045479
2015.01.21_hela_gfp-lgn_rfp-tub_irfp-act_rap1_stlc_dmso_noc_latb_noc-latb_vox-60x,point-6,8,after_nocodazole,94.54,30.447,21,0.318438552
2015.01.21_hela_gfp-lgn_rfp-tub_irfp-act_rap1_stlc_dmso_noc_latb_noc-latb_vox-60x,point-6,8,after_nocodazole,95.251,31.75,24,0.494787272
2015.01.21_hela_gfp-lgn_rfp-tub_irfp-act_rap1_stlc_dmso_noc_latb_noc-latb_vox-60x,point-6,8,after_nocodazole,95.606,31.395,27,0.167348605
2015.01.21_hela_gfp-lgn_rfp-tub_irfp-act_rap1_stlc_dmso_noc_latb_noc-latb_vox-60x,point-6,8,after_nocodazole,96.317,31.395,30,0.237
2015.01.21_hela_gfp-lgn_rfp-tub_irfp-act_rap1_stlc_dmso_noc_latb_noc-latb_vox-60x,point-6,8,after_nocodazole,97.147,31.395,33,0.276666667
2015.01.21_hela_gfp-lgn_rfp-tub_irfp-act_rap1_stlc_dmso_noc_latb_noc-latb_vox-60x,point-6,8,after_nocodazole,97.502,31.513,36,0.124699194
2015.01.21_hela_gfp-lgn_rfp-tub_irfp-act_rap1_stlc_dmso_noc_latb_noc-latb_vox-60x,point-6,8,after_nocodazole,97.502,31.869,39,0.118666667
2015.01.21_hela_gfp-lgn_rfp-tub_irfp-act_rap1_stlc_dmso_noc_latb_noc-latb_vox-60x,point-6,8,after_nocodazole,97.502,29.618,42,0.750333333
2015.01.21_hela_gfp-lgn_rfp-tub_irfp-act_rap1_stlc_dmso_noc_latb_noc-latb_vox-60x,point-6,8,after_nocodazole,97.502,28.196,45,0.474
2015.01.21_hela_gfp-lgn_rfp-tub_irfp-act_rap1_stlc_dmso_noc_latb_noc-latb_vox-60x,point-6,8,after_nocodazole,97.502,28.315,48,0.039666667
2015.01.21_hela_gfp-lgn_rfp-tub_irfp-act_rap1_stlc_dmso_noc_latb_noc-latb_vox-60x,point-6,8,after_nocodazole,97.502,28.315,51,0
2015.01.21_hela_gfp-lgn_rfp-tub_irfp-act_rap1_stlc_dmso_noc_latb_noc-latb_vox-60x,point-6,8,after_nocodazole,97.739,29.381,54,0.36400931
2015.01.21_hela_gfp-lgn_rfp-tub_irfp-act_rap1_stlc_dmso_noc_latb_noc-latb_vox-60x,point-6,8,after_nocodazole,97.976,28.789,57,0.212559273
2015.01.21_hela_gfp-lgn_rfp-tub_irfp-act_rap1_stlc_dmso_noc_latb_noc-latb_vox-60x,point-6,8,after_nocodazole,99.042,27.959,60,0.450340118
2015.01.21_hela_gfp-lgn_rfp-tub_irfp-act_rap1_stlc_dmso_noc_latb_noc-latb_vox-60x,point-6,8,after_nocodazole,99.753,27.841,63,0.240241776
2015.01.21_hela_gfp-lgn_rfp-tub_irfp-act_rap1_stlc_dmso_noc_latb_noc-latb_vox-60x,point-7,9,before_nocodazole,45.967,51.061,-60,
2015.01.21_hela_gfp-lgn_rfp-tub_irfp-act_rap1_stlc_dmso_noc_latb_noc-latb_vox-60x,point-7,9,before_nocodazole,44.071,52.364,-57,0.76685686
2015.01.21_hela_gfp-lgn_rfp-tub_irfp-act_rap1_stlc_dmso_noc_latb_noc-latb_vox-60x,point-7,9,before_nocodazole,39.925,52.838,-54,1.391002516
2015.01.21_hela_gfp-lgn_rfp-tub_irfp-act_rap1_stlc_dmso_noc_latb_noc-latb_vox-60x,point-7,9,before_nocodazole,37.911,52.72,-51,0.672484614
2015.01.21_hela_gfp-lgn_rfp-tub_irfp-act_rap1_stlc_dmso_noc_latb_noc-latb_vox-60x,point-7,9,before_nocodazole,36.252,53.786,-48,0.657320909
2015.01.21_hela_gfp-lgn_rfp-tub_irfp-act_rap1_stlc_dmso_noc_latb_noc-latb_vox-60x,point-7,9,before_nocodazole,35.541,55.8,-45,0.711939214
2015.01.21_hela_gfp-lgn_rfp-tub_irfp-act_rap1_stlc_dmso_noc_latb_noc-latb_vox-60x,point-7,9,before_nocodazole,34.594,57.577,-42,0.671196113
2015.01.21_hela_gfp-lgn_rfp-tub_irfp-act_rap1_stlc_dmso_noc_latb_noc-latb_vox-60x,point-7,9,before_nocodazole,34.475,59.354,-39,0.593660022
2015.01.21_hela_gfp-lgn_rfp-tub_irfp-act_rap1_stlc_dmso_noc_latb_noc-latb_vox-60x,point-7,9,before_nocodazole,34.594,59.947,-36,0.201607429
2015.01.21_hela_gfp-lgn_rfp-tub_irfp-act_rap1_stlc_dmso_noc_latb_noc-latb_vox-60x,point-7,9,before_nocodazole,34.238,60.302,-33,0.167584473
2015.01.21_hela_gfp-lgn_rfp-tub_irfp-act_rap1_stlc_dmso_noc_latb_noc-latb_vox-60x,point-7,9,before_nocodazole,35.541,61.605,-30,0.614240091
2015.01.21_hela_gfp-lgn_rfp-tub_irfp-act_rap1_stlc_dmso_noc_latb_noc-latb_vox-60x,point-7,9,before_nocodazole,37.911,61.724,-27,0.790995224
2015.01.21_hela_gfp-lgn_rfp-tub_irfp-act_rap1_stlc_dmso_noc_latb_noc-latb_vox-60x,point-7,9,before_nocodazole,41.347,63.619,-24,1.307972179
2015.01.21_hela_gfp-lgn_rfp-tub_irfp-act_rap1_stlc_dmso_noc_latb_noc-latb_vox-60x,point-7,9,before_nocodazole,42.768,66.344,-21,1.02441669
2015.01.21_hela_gfp-lgn_rfp-tub_irfp-act_rap1_stlc_dmso_noc_latb_noc-latb_vox-60x,point-7,9,before_nocodazole,45.375,65.159,-18,0.954560632
2015.01.21_hela_gfp-lgn_rfp-tub_irfp-act_rap1_stlc_dmso_noc_latb_noc-latb_vox-60x,point-7,9,before_nocodazole,46.559,63.264,-15,0.744825185
2015.01.21_hela_gfp-lgn_rfp-tub_irfp-act_rap1_stlc_dmso_noc_latb_noc-latb_vox-60x,point-7,9,before_nocodazole,47.626,61.25,-12,0.759728387
2015.01.21_hela_gfp-lgn_rfp-tub_irfp-act_rap1_stlc_dmso_noc_latb_noc-latb_vox-60x,point-7,9,before_nocodazole,49.758,53.431,-9,2.70148488
2015.01.21_hela_gfp-lgn_rfp-tub_irfp-act_rap1_stlc_dmso_noc_latb_noc-latb_vox-60x,point-7,9,before_nocodazole,49.64,47.033,-6,2.133029353
2015.01.21_hela_gfp-lgn_rfp-tub_irfp-act_rap1_stlc_dmso_noc_latb_noc-latb_vox-60x,point-7,9,before_nocodazole,48.099,43.005,-3,1.437569902
2015.01.21_hela_gfp-lgn_rfp-tub_irfp-act_rap1_stlc_dmso_noc_latb_noc-latb_vox-60x,point-7,9,after_nocodazole,47.27,45.256,3,
2015.01.21_hela_gfp-lgn_rfp-tub_irfp-act_rap1_stlc_dmso_noc_latb_noc-latb_vox-60x,point-7,9,after_nocodazole,46.559,46.085,6,0.364045479
2015.01.21_hela_gfp-lgn_rfp-tub_irfp-act_rap1_stlc_dmso_noc_latb_noc-latb_vox-60x,point-7,9,after_nocodazole,46.441,43.953,9,0.711754327
2015.01.21_hela_gfp-lgn_rfp-tub_irfp-act_rap1_stlc_dmso_noc_latb_noc-latb_vox-60x,point-7,9,after_nocodazole,46.559,41.583,12,0.790978578
2015.01.21_hela_gfp-lgn_rfp-tub_irfp-act_rap1_stlc_dmso_noc_latb_noc-latb_vox-60x,point-7,9,after_nocodazole,46.559,41.347,15,0.078666667
2015.01.21_hela_gfp-lgn_rfp-tub_irfp-act_rap1_stlc_dmso_noc_latb_noc-latb_vox-60x,point-7,9,after_nocodazole,46.915,41.82,18,0.197333615
2015.01.21_hela_gfp-lgn_rfp-tub_irfp-act_rap1_stlc_dmso_noc_latb_noc-latb_vox-60x,point-7,9,after_nocodazole,45.967,40.873,21,0.446655846
2015.01.21_hela_gfp-lgn_rfp-tub_irfp-act_rap1_stlc_dmso_noc_latb_noc-latb_vox-60x,point-7,9,after_nocodazole,45.256,41.11,24,0.249819935
2015.01.21_hela_gfp-lgn_rfp-tub_irfp-act_rap1_stlc_dmso_noc_latb_noc-latb_vox-60x,point-7,9,after_nocodazole,43.716,41.228,27,0.514838054
2015.01.21_hela_gfp-lgn_rfp-tub_irfp-act_rap1_stlc_dmso_noc_latb_noc-latb_vox-60x,point-7,9,after_nocodazole,43.953,41.702,30,0.17664937
2015.01.21_hela_gfp-lgn_rfp-tub_irfp-act_rap1_stlc_dmso_noc_latb_noc-latb_vox-60x,point-7,9,after_nocodazole,43.953,41.583,33,0.039666667
2015.01.21_hela_gfp-lgn_rfp-tub_irfp-act_rap1_stlc_dmso_noc_latb_noc-latb_vox-60x,point-7,9,after_nocodazole,43.361,42.176,36,0.279307278
2015.01.21_hela_gfp-lgn_rfp-tub_irfp-act_rap1_stlc_dmso_noc_latb_noc-latb_vox-60x,point-7,9,after_nocodazole,43.005,41.702,39,0.197600045
2015.01.21_hela_gfp-lgn_rfp-tub_irfp-act_rap1_stlc_dmso_noc_latb_noc-latb_vox-60x,point-7,9,after_nocodazole,41.939,39.569,42,0.794847644
2015.01.21_hela_gfp-lgn_rfp-tub_irfp-act_rap1_stlc_dmso_noc_latb_noc-latb_vox-60x,point-7,9,after_nocodazole,42.294,39.688,45,0.124804736
2015.01.21_hela_gfp-lgn_rfp-tub_irfp-act_rap1_stlc_dmso_noc_latb_noc-latb_vox-60x,point-7,9,after_nocodazole,41.82,39.451,48,0.17664937
2015.01.21_hela_gfp-lgn_rfp-tub_irfp-act_rap1_stlc_dmso_noc_latb_noc-latb_vox-60x,point-7,9,after_nocodazole,41.465,39.214,51,0.14228063
2015.01.21_hela_gfp-lgn_rfp-tub_irfp-act_rap1_stlc_dmso_noc_latb_noc-latb_vox-60x,point-7,9,after_nocodazole,39.688,39.806,54,0.624339028
2015.01.21_hela_gfp-lgn_rfp-tub_irfp-act_rap1_stlc_dmso_noc_latb_noc-latb_vox-60x,point-7,9,after_nocodazole,40.043,39.806,57,0.118333333
2015.01.21_hela_gfp-lgn_rfp-tub_irfp-act_rap1_stlc_dmso_noc_latb_noc-latb_vox-60x,point-7,9,after_nocodazole,40.162,39.333,60,0.162579895
2015.01.21_hela_gfp-lgn_rfp-tub_irfp-act_rap1_stlc_dmso_noc_latb_noc-latb_vox-60x,point-7,9,after_nocodazole,38.622,40.517,63,0.647512848
2015.01.21_hela_gfp-lgn_rfp-tub_irfp-act_rap1_stlc_dmso_noc_latb_noc-latb_vox-60x,point-2,10,before_dmso,24.168,97.147,-69,
2015.01.21_hela_gfp-lgn_rfp-tub_irfp-act_rap1_stlc_dmso_noc_latb_noc-latb_vox-60x,point-2,10,before_dmso,24.642,97.62,-66,0.223210165
2015.01.21_hela_gfp-lgn_rfp-tub_irfp-act_rap1_stlc_dmso_noc_latb_noc-latb_vox-60x,point-2,10,before_dmso,24.168,97.147,-63,0.223210165
2015.01.21_hela_gfp-lgn_rfp-tub_irfp-act_rap1_stlc_dmso_noc_latb_noc-latb_vox-60x,point-2,10,before_dmso,24.287,99.398,-60,0.751381099
2015.01.21_hela_gfp-lgn_rfp-tub_irfp-act_rap1_stlc_dmso_noc_latb_noc-latb_vox-60x,point-2,10,before_dmso,25.59,99.161,-57,0.441459448
2015.01.21_hela_gfp-lgn_rfp-tub_irfp-act_rap1_stlc_dmso_noc_latb_noc-latb_vox-60x,point-2,10,before_dmso,26.301,99.753,-54,0.308398191
2015.01.21_hela_gfp-lgn_rfp-tub_irfp-act_rap1_stlc_dmso_noc_latb_noc-latb_vox-60x,point-2,10,before_dmso,26.301,100.582,-51,0.276333333
2015.01.21_hela_gfp-lgn_rfp-tub_irfp-act_rap1_stlc_dmso_noc_latb_noc-latb_vox-60x,point-2,10,before_dmso,26.419,99.99,-48,0.201215197
2015.01.21_hela_gfp-lgn_rfp-tub_irfp-act_rap1_stlc_dmso_noc_latb_noc-latb_vox-60x,point-2,10,before_dmso,27.248,101.293,-45,0.514786903
2015.01.21_hela_gfp-lgn_rfp-tub_irfp-act_rap1_stlc_dmso_noc_latb_noc-latb_vox-60x,point-2,10,before_dmso,26.656,101.767,-42,0.252793284
2015.01.21_hela_gfp-lgn_rfp-tub_irfp-act_rap1_stlc_dmso_noc_latb_noc-latb_vox-60x,point-2,10,before_dmso,27.011,102.004,-39,0.14228063
2015.01.21_hela_gfp-lgn_rfp-tub_irfp-act_rap1_stlc_dmso_noc_latb_noc-latb_vox-60x,point-2,10,before_dmso,26.301,101.885,-36,0.239967822
2015.01.21_hela_gfp-lgn_rfp-tub_irfp-act_rap1_stlc_dmso_noc_latb_noc-latb_vox-60x,point-2,10,before_dmso,26.538,101.293,-33,0.212559273
2015.01.21_hela_gfp-lgn_rfp-tub_irfp-act_rap1_stlc_dmso_noc_latb_noc-latb_vox-60x,point-2,10,before_dmso,26.419,101.056,-30,0.088399346
2015.01.21_hela_gfp-lgn_rfp-tub_irfp-act_rap1_stlc_dmso_noc_latb_noc-latb_vox-60x,point-2,10,before_dmso,26.301,102.122,-27,0.357503691
2015.01.21_hela_gfp-lgn_rfp-tub_irfp-act_rap1_stlc_dmso_noc_latb_noc-latb_vox-60x,point-2,10,before_dmso,25.708,101.767,-24,0.23037988
2015.01.21_hela_gfp-lgn_rfp-tub_irfp-act_rap1_stlc_dmso_noc_latb_noc-latb_vox-60x,point-2,10,before_dmso,25.353,101.648,-21,0.124804736
2015.01.21_hela_gfp-lgn_rfp-tub_irfp-act_rap1_stlc_dmso_noc_latb_noc-latb_vox-60x,point-2,10,before_dmso,25.353,100.582,-18,0.355333333
2015.01.21_hela_gfp-lgn_rfp-tub_irfp-act_rap1_stlc_dmso_noc_latb_noc-latb_vox-60x,point-2,10,before_dmso,25.471,101.293,-15,0.240241776
2015.01.21_hela_gfp-lgn_rfp-tub_irfp-act_rap1_stlc_dmso_noc_latb_noc-latb_vox-60x,point-2,10,before_dmso,25.471,100.938,-12,0.118333333
2015.01.21_hela_gfp-lgn_rfp-tub_irfp-act_rap1_stlc_dmso_noc_latb_noc-latb_vox-60x,point-2,10,before_dmso,25.708,101.412,-9,0.17664937
2015.01.21_hela_gfp-lgn_rfp-tub_irfp-act_rap1_stlc_dmso_noc_latb_noc-latb_vox-60x,point-2,10,before_dmso,26.064,102.004,-6,0.230265547
2015.01.21_hela_gfp-lgn_rfp-tub_irfp-act_rap1_stlc_dmso_noc_latb_noc-latb_vox-60x,point-2,10,before_dmso,27.722,104.018,-3,0.86955672
2015.01.21_hela_gfp-lgn_rfp-tub_irfp-act_rap1_stlc_dmso_noc_latb_noc-latb_vox-60x,point-2,10,after_dmso,40.636,102.004,3,
2015.01.21_hela_gfp-lgn_rfp-tub_irfp-act_rap1_stlc_dmso_noc_latb_noc-latb_vox-60x,point-2,10,after_dmso,44.782,95.251,6,2.641386946
2015.01.21_hela_gfp-lgn_rfp-tub_irfp-act_rap1_stlc_dmso_noc_latb_noc-latb_vox-60x,point-2,10,after_dmso,47.033,93.474,9,0.955959669
2015.01.21_hela_gfp-lgn_rfp-tub_irfp-act_rap1_stlc_dmso_noc_latb_noc-latb_vox-60x,point-2,10,after_dmso,47.981,90.394,12,1.074197582
2015.01.21_hela_gfp-lgn_rfp-tub_irfp-act_rap1_stlc_dmso_noc_latb_noc-latb_vox-60x,point-2,10,after_dmso,47.626,90.038,15,0.167584473
2015.01.21_hela_gfp-lgn_rfp-tub_irfp-act_rap1_stlc_dmso_noc_latb_noc-latb_vox-60x,point-2,10,after_dmso,45.256,89.564,18,0.805645083
2015.01.21_hela_gfp-lgn_rfp-tub_irfp-act_rap1_stlc_dmso_noc_latb_noc-latb_vox-60x,point-2,10,after_dmso,41.702,89.446,21,1.18531946
2015.01.21_hela_gfp-lgn_rfp-tub_irfp-act_rap1_stlc_dmso_noc_latb_noc-latb_vox-60x,point-2,10,after_dmso,38.266,90.275,24,1.178197163
2015.01.21_hela_gfp-lgn_rfp-tub_irfp-act_rap1_stlc_dmso_noc_latb_noc-latb_vox-60x,point-2,10,after_dmso,36.608,90.275,27,0.552666667
2015.01.21_hela_gfp-lgn_rfp-tub_irfp-act_rap1_stlc_dmso_noc_latb_noc-latb_vox-60x,point-2,10,after_dmso,36.252,91.105,30,0.301041894
2015.01.21_hela_gfp-lgn_rfp-tub_irfp-act_rap1_stlc_dmso_noc_latb_noc-latb_vox-60x,point-2,10,after_dmso,36.726,92.052,33,0.35300063
2015.01.21_hela_gfp-lgn_rfp-tub_irfp-act_rap1_stlc_dmso_noc_latb_noc-latb_vox-60x,point-2,10,after_dmso,38.148,91.815,36,0.48053824
2015.01.21_hela_gfp-lgn_rfp-tub_irfp-act_rap1_stlc_dmso_noc_latb_noc-latb_vox-60x,point-2,10,after_dmso,37.555,93.119,39,0.477501018
2015.01.21_hela_gfp-lgn_rfp-tub_irfp-act_rap1_stlc_dmso_noc_latb_noc-latb_vox-60x,point-2,10,after_dmso,38.029,92.408,42,0.284838551
2015.01.21_hela_gfp-lgn_rfp-tub_irfp-act_rap1_stlc_dmso_noc_latb_noc-latb_vox-60x,point-2,10,after_dmso,37.082,93.119,45,0.394733384
2015.01.21_hela_gfp-lgn_rfp-tub_irfp-act_rap1_stlc_dmso_noc_latb_noc-latb_vox-60x,point-2,10,after_dmso,38.503,91.578,48,0.698722803
2015.01.21_hela_gfp-lgn_rfp-tub_irfp-act_rap1_stlc_dmso_noc_latb_noc-latb_vox-60x,point-2,10,after_dmso,37.082,92.526,51,0.569399781
2015.01.21_hela_gfp-lgn_rfp-tub_irfp-act_rap1_stlc_dmso_noc_latb_noc-latb_vox-60x,point-2,10,after_dmso,37.082,92.052,54,0.158
2015.01.21_hela_gfp-lgn_rfp-tub_irfp-act_rap1_stlc_dmso_noc_latb_noc-latb_vox-60x,point-2,10,after_dmso,38.266,91.341,57,0.460359401
2015.01.21_hela_gfp-lgn_rfp-tub_irfp-act_rap1_stlc_dmso_noc_latb_noc-latb_vox-60x,point-2,10,after_dmso,38.859,91.341,60,0.197666667
2015.01.21_hela_gfp-lgn_rfp-tub_irfp-act_rap1_stlc_dmso_noc_latb_noc-latb_vox-60x,point-2,11,before_dmso,94.777,64.922,-72,
2015.01.21_hela_gfp-lgn_rfp-tub_irfp-act_rap1_stlc_dmso_noc_latb_noc-latb_vox-60x,point-2,11,before_dmso,98.252,63.106,-69,1.306967695
2015.01.21_hela_gfp-lgn_rfp-tub_irfp-act_rap1_stlc_dmso_noc_latb_noc-latb_vox-60x,point-2,11,before_dmso,100.622,61.289,-66,0.99545573
2015.01.21_hela_gfp-lgn_rfp-tub_irfp-act_rap1_stlc_dmso_noc_latb_noc-latb_vox-60x,point-2,11,before_dmso,101.175,59.473,-63,0.632777388
2015.01.21_hela_gfp-lgn_rfp-tub_irfp-act_rap1_stlc_dmso_noc_latb_noc-latb_vox-60x,point-2,11,before_dmso,103.544,61.131,-60,0.963853666
2015.01.21_hela_gfp-lgn_rfp-tub_irfp-act_rap1_stlc_dmso_noc_latb_noc-latb_vox-60x,point-2,11,before_dmso,105.124,66.897,-57,1.992852673
2015.01.21_hela_gfp-lgn_rfp-tub_irfp-act_rap1_stlc_dmso_noc_latb_noc-latb_vox-60x,point-2,11,before_dmso,102.122,76.217,-54,3.263849193
2015.01.21_hela_gfp-lgn_rfp-tub_irfp-act_rap1_stlc_dmso_noc_latb_noc-latb_vox-60x,point-2,11,before_dmso,99.121,81.271,-51,1.95927756
2015.01.21_hela_gfp-lgn_rfp-tub_irfp-act_rap1_stlc_dmso_noc_latb_noc-latb_vox-60x,point-2,11,before_dmso,96.041,84.51,-48,1.489874007
2015.01.21_hela_gfp-lgn_rfp-tub_irfp-act_rap1_stlc_dmso_noc_latb_noc-latb_vox-60x,point-2,11,before_dmso,92.803,88.775,-45,1.784964021
2015.01.21_hela_gfp-lgn_rfp-tub_irfp-act_rap1_stlc_dmso_noc_latb_noc-latb_vox-60x,point-2,11,before_dmso,95.172,91.618,-42,1.233549981
2015.01.21_hela_gfp-lgn_rfp-tub_irfp-act_rap1_stlc_dmso_noc_latb_noc-latb_vox-60x,point-2,11,before_dmso,96.199,93.355,-39,0.672631482
2015.01.21_hela_gfp-lgn_rfp-tub_irfp-act_rap1_stlc_dmso_noc_latb_noc-latb_vox-60x,point-2,11,before_dmso,98.015,94.461,-36,0.708761988
2015.01.21_hela_gfp-lgn_rfp-tub_irfp-act_rap1_stlc_dmso_noc_latb_noc-latb_vox-60x,point-2,11,before_dmso,99.279,95.488,-33,0.542875574
2015.01.21_hela_gfp-lgn_rfp-tub_irfp-act_rap1_stlc_dmso_noc_latb_noc-latb_vox-60x,point-2,11,before_dmso,101.727,96.199,-30,0.849720542
2015.01.21_hela_gfp-lgn_rfp-tub_irfp-act_rap1_stlc_dmso_noc_latb_noc-latb_vox-60x,point-2,11,before_dmso,101.885,96.91,-27,0.242781337
2015.01.21_hela_gfp-lgn_rfp-tub_irfp-act_rap1_stlc_dmso_noc_latb_noc-latb_vox-60x,point-2,11,before_dmso,103.465,95.962,-24,0.6141936
2015.01.21_hela_gfp-lgn_rfp-tub_irfp-act_rap1_stlc_dmso_noc_latb_noc-latb_vox-60x,point-2,11,before_dmso,105.045,94.619,-21,0.69121865
2015.01.21_hela_gfp-lgn_rfp-tub_irfp-act_rap1_stlc_dmso_noc_latb_noc-latb_vox-60x,point-2,11,before_dmso,105.203,92.566,-18,0.686356969
2015.01.21_hela_gfp-lgn_rfp-tub_irfp-act_rap1_stlc_dmso_noc_latb_noc-latb_vox-60x,point-2,11,before_dmso,104.808,87.827,-15,1.585144438
2015.01.21_hela_gfp-lgn_rfp-tub_irfp-act_rap1_stlc_dmso_noc_latb_noc-latb_vox-60x,point-2,11,before_dmso,102.912,85.536,-12,0.991267259
2015.01.21_hela_gfp-lgn_rfp-tub_irfp-act_rap1_stlc_dmso_noc_latb_noc-latb_vox-60x,point-2,11,before_dmso,102.517,83.246,-9,0.774605634
2015.01.21_hela_gfp-lgn_rfp-tub_irfp-act_rap1_stlc_dmso_noc_latb_noc-latb_vox-60x,point-2,11,before_dmso,101.57,81.192,-6,0.753932284
2015.01.21_hela_gfp-lgn_rfp-tub_irfp-act_rap1_stlc_dmso_noc_latb_noc-latb_vox-60x,point-2,11,before_dmso,101.806,76.769,-3,1.476430568
2015.01.21_hela_gfp-lgn_rfp-tub_irfp-act_rap1_stlc_dmso_noc_latb_noc-latb_vox-60x,point-2,11,after_dmso,98.173,65.791,3,
2015.01.21_hela_gfp-lgn_rfp-tub_irfp-act_rap1_stlc_dmso_noc_latb_noc-latb_vox-60x,point-2,11,after_dmso,96.436,65.949,6,0.581390383
2015.01.21_hela_gfp-lgn_rfp-tub_irfp-act_rap1_stlc_dmso_noc_latb_noc-latb_vox-60x,point-2,11,after_dmso,93.277,64.843,9,1.115672045
2015.01.21_hela_gfp-lgn_rfp-tub_irfp-act_rap1_stlc_dmso_noc_latb_noc-latb_vox-60x,point-2,11,after_dmso,93.119,65.791,12,0.320358827
2015.01.21_hela_gfp-lgn_rfp-tub_irfp-act_rap1_stlc_dmso_noc_latb_noc-latb_vox-60x,point-2,11,after_dmso,94.382,65.87,15,0.421822764
2015.01.21_hela_gfp-lgn_rfp-tub_irfp-act_rap1_stlc_dmso_noc_latb_noc-latb_vox-60x,point-2,11,after_dmso,94.461,65.633,18,0.083273312
2015.01.21_hela_gfp-lgn_rfp-tub_irfp-act_rap1_stlc_dmso_noc_latb_noc-latb_vox-60x,point-2,11,after_dmso,95.488,66.818,21,0.522701742
2015.01.21_hela_gfp-lgn_rfp-tub_irfp-act_rap1_stlc_dmso_noc_latb_noc-latb_vox-60x,point-2,11,after_dmso,95.646,68.95,24,0.712615527
2015.01.21_hela_gfp-lgn_rfp-tub_irfp-act_rap1_stlc_dmso_noc_latb_noc-latb_vox-60x,point-2,11,after_dmso,95.251,70.925,27,0.671370903
2015.01.21_hela_gfp-lgn_rfp-tub_irfp-act_rap1_stlc_dmso_noc_latb_noc-latb_vox-60x,point-2,11,after_dmso,95.488,72.662,30,0.584364612
2015.01.21_hela_gfp-lgn_rfp-tub_irfp-act_rap1_stlc_dmso_noc_latb_noc-latb_vox-60x,point-2,11,after_dmso,97.857,73.373,33,0.824464944
2015.01.21_hela_gfp-lgn_rfp-tub_irfp-act_rap1_stlc_dmso_noc_latb_noc-latb_vox-60x,point-2,11,after_dmso,99.279,75.032,36,0.728344012
2015.01.21_hela_gfp-lgn_rfp-tub_irfp-act_rap1_stlc_dmso_noc_latb_noc-latb_vox-60x,point-2,11,after_dmso,98.331,75.111,39,0.317095324
2015.01.21_hela_gfp-lgn_rfp-tub_irfp-act_rap1_stlc_dmso_noc_latb_noc-latb_vox-60x,point-2,11,after_dmso,96.989,76.375,42,0.614515166
2015.01.21_hela_gfp-lgn_rfp-tub_irfp-act_rap1_stlc_dmso_noc_latb_noc-latb_vox-60x,point-2,11,after_dmso,97.305,77.638,45,0.433977086
2015.01.21_hela_gfp-lgn_rfp-tub_irfp-act_rap1_stlc_dmso_noc_latb_noc-latb_vox-60x,point-2,11,after_dmso,96.357,78.665,48,0.465884225
2015.01.21_hela_gfp-lgn_rfp-tub_irfp-act_rap1_stlc_dmso_noc_latb_noc-latb_vox-60x,point-2,11,after_dmso,95.093,81.666,51,1.085443944
2015.01.21_hela_gfp-lgn_rfp-tub_irfp-act_rap1_stlc_dmso_noc_latb_noc-latb_vox-60x,point-2,11,after_dmso,99.279,85.22,54,1.830407119
2015.01.21_hela_gfp-lgn_rfp-tub_irfp-act_rap1_stlc_dmso_noc_latb_noc-latb_vox-60x,point-2,11,after_dmso,101.727,86.089,57,0.865888433
2015.01.21_hela_gfp-lgn_rfp-tub_irfp-act_rap1_stlc_dmso_noc_latb_noc-latb_vox-60x,point-2,11,after_dmso,102.201,84.905,60,0.425118546
2015.01.21_hela_gfp-lgn_rfp-tub_irfp-act_rap1_stlc_dmso_noc_latb_noc-latb_vox-60x,point-4,12,before_dmso,61.605,66.581,-72,
2015.01.21_hela_gfp-lgn_rfp-tub_irfp-act_rap1_stlc_dmso_noc_latb_noc-latb_vox-60x,point-4,12,before_dmso,59.117,67.173,-69,0.85248708
2015.01.21_hela_gfp-lgn_rfp-tub_irfp-act_rap1_stlc_dmso_noc_latb_noc-latb_vox-60x,point-4,12,before_dmso,55.682,68.713,-66,1.254805208
2015.01.21_hela_gfp-lgn_rfp-tub_irfp-act_rap1_stlc_dmso_noc_latb_noc-latb_vox-60x,point-4,12,before_dmso,55.919,68.003,-63,0.24950373
2015.01.21_hela_gfp-lgn_rfp-tub_irfp-act_rap1_stlc_dmso_noc_latb_noc-latb_vox-60x,point-4,12,before_dmso,55.445,67.884,-60,0.162903175
2015.01.21_hela_gfp-lgn_rfp-tub_irfp-act_rap1_stlc_dmso_noc_latb_noc-latb_vox-60x,point-4,12,before_dmso,56.274,68.24,-57,0.30073558
2015.01.21_hela_gfp-lgn_rfp-tub_irfp-act_rap1_stlc_dmso_noc_latb_noc-latb_vox-60x,point-4,12,before_dmso,57.103,67.884,-54,0.30073558
2015.01.21_hela_gfp-lgn_rfp-tub_irfp-act_rap1_stlc_dmso_noc_latb_noc-latb_vox-60x,point-4,12,before_dmso,58.999,66.699,-51,0.745284509
2015.01.21_hela_gfp-lgn_rfp-tub_irfp-act_rap1_stlc_dmso_noc_latb_noc-latb_vox-60x,point-4,12,before_dmso,62.316,66.699,-48,1.105666667
2015.01.21_hela_gfp-lgn_rfp-tub_irfp-act_rap1_stlc_dmso_noc_latb_noc-latb_vox-60x,point-4,12,before_dmso,64.093,66.936,-45,0.597578261
2015.01.21_hela_gfp-lgn_rfp-tub_irfp-act_rap1_stlc_dmso_noc_latb_noc-latb_vox-60x,point-4,12,before_dmso,66.344,67.884,-42,0.814159758
2015.01.21_hela_gfp-lgn_rfp-tub_irfp-act_rap1_stlc_dmso_noc_latb_noc-latb_vox-60x,point-4,12,before_dmso,66.462,68.713,-39,0.279118653
2015.01.21_hela_gfp-lgn_rfp-tub_irfp-act_rap1_stlc_dmso_noc_latb_noc-latb_vox-60x,point-4,12,before_dmso,67.41,70.254,-36,0.603083282
2015.01.21_hela_gfp-lgn_rfp-tub_irfp-act_rap1_stlc_dmso_noc_latb_noc-latb_vox-60x,point-4,12,before_dmso,64.093,70.372,-33,1.106366074
2015.01.21_hela_gfp-lgn_rfp-tub_irfp-act_rap1_stlc_dmso_noc_latb_noc-latb_vox-60x,point-4,12,before_dmso,61.605,70.964,-30,0.85248708
2015.01.21_hela_gfp-lgn_rfp-tub_irfp-act_rap1_stlc_dmso_noc_latb_noc-latb_vox-60x,point-4,12,before_dmso,61.961,67.884,-27,1.033501922
2015.01.21_hela_gfp-lgn_rfp-tub_irfp-act_rap1_stlc_dmso_noc_latb_noc-latb_vox-60x,point-4,12,before_dmso,61.961,66.818,-24,0.355333333
2015.01.21_hela_gfp-lgn_rfp-tub_irfp-act_rap1_stlc_dmso_noc_latb_noc-latb_vox-60x,point-4,12,before_dmso,59.473,70.491,-21,1.478778512
2015.01.21_hela_gfp-lgn_rfp-tub_irfp-act_rap1_stlc_dmso_noc_latb_noc-latb_vox-60x,point-4,12,before_dmso,60.183,69.306,-18,0.46047379
2015.01.21_hela_gfp-lgn_rfp-tub_irfp-act_rap1_stlc_dmso_noc_latb_noc-latb_vox-60x,point-4,12,before_dmso,63.856,63.145,-15,2.390928458
2015.01.21_hela_gfp-lgn_rfp-tub_irfp-act_rap1_stlc_dmso_noc_latb_noc-latb_vox-60x,point-4,12,before_dmso,64.567,58.406,-12,1.59734648
2015.01.21_hela_gfp-lgn_rfp-tub_irfp-act_rap1_stlc_dmso_noc_latb_noc-latb_vox-60x,point-4,12,before_dmso,66.699,56.274,-9,1.005034438
2015.01.21_hela_gfp-lgn_rfp-tub_irfp-act_rap1_stlc_dmso_noc_latb_noc-latb_vox-60x,point-4,12,before_dmso,69.424,53.549,-6,1.284577319
2015.01.21_hela_gfp-lgn_rfp-tub_irfp-act_rap1_stlc_dmso_noc_latb_noc-latb_vox-60x,point-4,12,before_dmso,74.519,53.194,-3,1.702450848
2015.01.21_hela_gfp-lgn_rfp-tub_irfp-act_rap1_stlc_dmso_noc_latb_noc-latb_vox-60x,point-4,12,after_dmso,77.954,56.866,3,
2015.01.21_hela_gfp-lgn_rfp-tub_irfp-act_rap1_stlc_dmso_noc_latb_noc-latb_vox-60x,point-4,12,after_dmso,78.665,60.065,6,1.092353321
2015.01.21_hela_gfp-lgn_rfp-tub_irfp-act_rap1_stlc_dmso_noc_latb_noc-latb_vox-60x,point-4,12,after_dmso,79.02,62.198,9,0.720779979
2015.01.21_hela_gfp-lgn_rfp-tub_irfp-act_rap1_stlc_dmso_noc_latb_noc-latb_vox-60x,point-4,12,after_dmso,76.296,62.908,12,0.938336353
2015.01.21_hela_gfp-lgn_rfp-tub_irfp-act_rap1_stlc_dmso_noc_latb_noc-latb_vox-60x,point-4,12,after_dmso,76.177,60.065,15,0.948496471
2015.01.21_hela_gfp-lgn_rfp-tub_irfp-act_rap1_stlc_dmso_noc_latb_noc-latb_vox-60x,point-4,12,after_dmso,70.135,53.905,18,2.876173461
2015.01.21_hela_gfp-lgn_rfp-tub_irfp-act_rap1_stlc_dmso_noc_latb_noc-latb_vox-60x,point-4,12,after_dmso,61.131,50.706,21,3.185132424
2015.01.21_hela_gfp-lgn_rfp-tub_irfp-act_rap1_stlc_dmso_noc_latb_noc-latb_vox-60x,point-4,12,after_dmso,55.208,56.155,24,2.682733473
2015.01.21_hela_gfp-lgn_rfp-tub_irfp-act_rap1_stlc_dmso_noc_latb_noc-latb_vox-60x,point-4,12,after_dmso,52.246,61.724,27,2.102569988
2015.01.21_hela_gfp-lgn_rfp-tub_irfp-act_rap1_stlc_dmso_noc_latb_noc-latb_vox-60x,point-4,12,after_dmso,50.35,63.501,30,0.86618865
2015.01.21_hela_gfp-lgn_rfp-tub_irfp-act_rap1_stlc_dmso_noc_latb_noc-latb_vox-60x,point-4,12,after_dmso,47.033,66.581,33,1.508821799
2015.01.21_hela_gfp-lgn_rfp-tub_irfp-act_rap1_stlc_dmso_noc_latb_noc-latb_vox-60x,point-4,12,after_dmso,44.782,69.187,36,1.147859699
2015.01.21_hela_gfp-lgn_rfp-tub_irfp-act_rap1_stlc_dmso_noc_latb_noc-latb_vox-60x,point-4,12,after_dmso,44.782,72.268,39,1.027
2015.01.21_hela_gfp-lgn_rfp-tub_irfp-act_rap1_stlc_dmso_noc_latb_noc-latb_vox-60x,point-4,12,after_dmso,44.071,74.637,42,0.824464944
2015.01.21_hela_gfp-lgn_rfp-tub_irfp-act_rap1_stlc_dmso_noc_latb_noc-latb_vox-60x,point-4,12,after_dmso,44.19,76.888,45,0.751381099
2015.01.21_hela_gfp-lgn_rfp-tub_irfp-act_rap1_stlc_dmso_noc_latb_noc-latb_vox-60x,point-4,12,after_dmso,43.834,77.836,48,0.337546705
2015.01.21_hela_gfp-lgn_rfp-tub_irfp-act_rap1_stlc_dmso_noc_latb_noc-latb_vox-60x,point-4,12,after_dmso,45.138,79.376,51,0.672641228
2015.01.21_hela_gfp-lgn_rfp-tub_irfp-act_rap1_stlc_dmso_noc_latb_noc-latb_vox-60x,point-4,12,after_dmso,47.389,80.798,54,0.887511189
2015.01.21_hela_gfp-lgn_rfp-tub_irfp-act_rap1_stlc_dmso_noc_latb_noc-latb_vox-60x,point-4,12,after_dmso,54.023,80.442,57,2.214515046
2015.01.21_hela_gfp-lgn_rfp-tub_irfp-act_rap1_stlc_dmso_noc_latb_noc-latb_vox-60x,point-4,12,after_dmso,63.619,76.177,60,3.50037206
2015.01.21_hela_gfp-lgn_rfp-tub_irfp-act_rap1_stlc_dmso_noc_latb_noc-latb_vox-60x,point-5,13,before_dmso,79.257,95.606,-72,
2015.01.21_hela_gfp-lgn_rfp-tub_irfp-act_rap1_stlc_dmso_noc_latb_noc-latb_vox-60x,point-5,13,before_dmso,77.362,89.091,-69,2.261667281
2015.01.21_hela_gfp-lgn_rfp-tub_irfp-act_rap1_stlc_dmso_noc_latb_noc-latb_vox-60x,point-5,13,before_dmso,74.637,83.167,-66,2.173563408
2015.01.21_hela_gfp-lgn_rfp-tub_irfp-act_rap1_stlc_dmso_noc_latb_noc-latb_vox-60x,point-5,13,before_dmso,73.334,76.651,-63,2.215001003
2015.01.21_hela_gfp-lgn_rfp-tub_irfp-act_rap1_stlc_dmso_noc_latb_noc-latb_vox-60x,point-5,13,before_dmso,74.637,70.491,-60,2.098767072
2015.01.21_hela_gfp-lgn_rfp-tub_irfp-act_rap1_stlc_dmso_noc_latb_noc-latb_vox-60x,point-5,13,before_dmso,72.978,65.989,-57,1.599315305
2015.01.21_hela_gfp-lgn_rfp-tub_irfp-act_rap1_stlc_dmso_noc_latb_noc-latb_vox-60x,point-5,13,before_dmso,67.529,66.344,-54,1.820183935
2015.01.21_hela_gfp-lgn_rfp-tub_irfp-act_rap1_stlc_dmso_noc_latb_noc-latb_vox-60x,point-5,13,before_dmso,62.908,69.306,-51,1.829604845
2015.01.21_hela_gfp-lgn_rfp-tub_irfp-act_rap1_stlc_dmso_noc_latb_noc-latb_vox-60x,point-5,13,before_dmso,61.605,72.86,-48,1.261776746
2015.01.21_hela_gfp-lgn_rfp-tub_irfp-act_rap1_stlc_dmso_noc_latb_noc-latb_vox-60x,point-5,13,before_dmso,61.368,76.177,-45,1.108485353
2015.01.21_hela_gfp-lgn_rfp-tub_irfp-act_rap1_stlc_dmso_noc_latb_noc-latb_vox-60x,point-5,13,before_dmso,62.198,76.414,-42,0.287724598
2015.01.21_hela_gfp-lgn_rfp-tub_irfp-act_rap1_stlc_dmso_noc_latb_noc-latb_vox-60x,point-5,13,before_dmso,63.264,75.703,-39,0.427119161
2015.01.21_hela_gfp-lgn_rfp-tub_irfp-act_rap1_stlc_dmso_noc_latb_noc-latb_vox-60x,point-5,13,before_dmso,65.159,74.874,-36,0.689465655
2015.01.21_hela_gfp-lgn_rfp-tub_irfp-act_rap1_stlc_dmso_noc_latb_noc-latb_vox-60x,point-5,13,before_dmso,65.278,74.4,-33,0.162903175
2015.01.21_hela_gfp-lgn_rfp-tub_irfp-act_rap1_stlc_dmso_noc_latb_noc-latb_vox-60x,point-5,13,before_dmso,64.804,74.637,-30,0.17664937
2015.01.21_hela_gfp-lgn_rfp-tub_irfp-act_rap1_stlc_dmso_noc_latb_noc-latb_vox-60x,point-5,13,before_dmso,65.396,75.111,-27,0.252793284
2015.01.21_hela_gfp-lgn_rfp-tub_irfp-act_rap1_stlc_dmso_noc_latb_noc-latb_vox-60x,point-5,13,before_dmso,66.581,74.755,-24,0.412440029
2015.01.21_hela_gfp-lgn_rfp-tub_irfp-act_rap1_stlc_dmso_noc_latb_noc-latb_vox-60x,point-5,13,before_dmso,67.884,72.978,-21,0.734509511
2015.01.21_hela_gfp-lgn_rfp-tub_irfp-act_rap1_stlc_dmso_noc_latb_noc-latb_vox-60x,point-5,13,before_dmso,70.135,71.083,-18,0.98081746
2015.01.21_hela_gfp-lgn_rfp-tub_irfp-act_rap1_stlc_dmso_noc_latb_noc-latb_vox-60x,point-5,13,before_dmso,69.306,71.201,-15,0.279118653
2015.01.21_hela_gfp-lgn_rfp-tub_irfp-act_rap1_stlc_dmso_noc_latb_noc-latb_vox-60x,point-5,13,before_dmso,69.306,71.083,-12,0.039333333
2015.01.21_hela_gfp-lgn_rfp-tub_irfp-act_rap1_stlc_dmso_noc_latb_noc-latb_vox-60x,point-5,13,before_dmso,70.609,72.149,-9,0.561165949
2015.01.21_hela_gfp-lgn_rfp-tub_irfp-act_rap1_stlc_dmso_noc_latb_noc-latb_vox-60x,point-5,13,before_dmso,71.083,73.926,-6,0.613043863
2015.01.21_hela_gfp-lgn_rfp-tub_irfp-act_rap1_stlc_dmso_noc_latb_noc-latb_vox-60x,point-5,13,before_dmso,72.031,75.822,-3,0.706597481
2015.01.21_hela_gfp-lgn_rfp-tub_irfp-act_rap1_stlc_dmso_noc_latb_noc-latb_vox-60x,point-5,13,after_dmso,69.187,81.034,3,
2015.01.21_hela_gfp-lgn_rfp-tub_irfp-act_rap1_stlc_dmso_noc_latb_noc-latb_vox-60x,point-5,13,after_dmso,72.505,86.247,6,2.059786747
2015.01.21_hela_gfp-lgn_rfp-tub_irfp-act_rap1_stlc_dmso_noc_latb_noc-latb_vox-60x,point-5,13,after_dmso,73.452,88.301,9,0.753932284
2015.01.21_hela_gfp-lgn_rfp-tub_irfp-act_rap1_stlc_dmso_noc_latb_noc-latb_vox-60x,point-5,13,after_dmso,74.716,91.302,12,1.085443944
2015.01.21_hela_gfp-lgn_rfp-tub_irfp-act_rap1_stlc_dmso_noc_latb_noc-latb_vox-60x,point-5,13,after_dmso,76.927,96.199,15,1.791000031
2015.01.21_hela_gfp-lgn_rfp-tub_irfp-act_rap1_stlc_dmso_noc_latb_noc-latb_vox-60x,point-5,13,after_dmso,79.613,100.306,18,1.635782008
2015.01.21_hela_gfp-lgn_rfp-tub_irfp-act_rap1_stlc_dmso_noc_latb_noc-latb_vox-60x,point-5,13,after_dmso,80.403,102.359,21,0.733250677
2015.01.21_hela_gfp-lgn_rfp-tub_irfp-act_rap1_stlc_dmso_noc_latb_noc-latb_vox-60x,point-5,13,after_dmso,83.246,103.939,24,1.084181668
2015.01.21_hela_gfp-lgn_rfp-tub_irfp-act_rap1_stlc_dmso_noc_latb_noc-latb_vox-60x,point-5,13,after_dmso,84.352,104.097,27,0.372409571
2015.01.21_hela_gfp-lgn_rfp-tub_irfp-act_rap1_stlc_dmso_noc_latb_noc-latb_vox-60x,point-5,13,after_dmso,84.51,104.097,30,0.052666667
2015.01.21_hela_gfp-lgn_rfp-tub_irfp-act_rap1_stlc_dmso_noc_latb_noc-latb_vox-60x,point-5,13,after_dmso,82.456,98.726,33,1.916784257
2015.01.21_hela_gfp-lgn_rfp-tub_irfp-act_rap1_stlc_dmso_noc_latb_noc-latb_vox-60x,point-5,13,after_dmso,74.874,96.515,36,2.632600003
2015.01.21_hela_gfp-lgn_rfp-tub_irfp-act_rap1_stlc_dmso_noc_latb_noc-latb_vox-60x,point-5,13,after_dmso,72.662,92.092,39,1.64842932
2015.01.21_hela_gfp-lgn_rfp-tub_irfp-act_rap1_stlc_dmso_noc_latb_noc-latb_vox-60x,point-5,13,after_dmso,72.031,87.985,42,1.385063577
2015.01.21_hela_gfp-lgn_rfp-tub_irfp-act_rap1_stlc_dmso_noc_latb_noc-latb_vox-60x,point-5,13,after_dmso,71.715,85.299,45,0.901508119
2015.01.21_hela_gfp-lgn_rfp-tub_irfp-act_rap1_stlc_dmso_noc_latb_noc-latb_vox-60x,point-5,13,after_dmso,71.083,80.877,48,1.488978322
2015.01.21_hela_gfp-lgn_rfp-tub_irfp-act_rap1_stlc_dmso_noc_latb_noc-latb_vox-60x,point-5,13,after_dmso,65.554,78.349,51,2.026508355
2015.01.21_hela_gfp-lgn_rfp-tub_irfp-act_rap1_stlc_dmso_noc_latb_noc-latb_vox-60x,point-5,13,after_dmso,68.713,73.768,54,1.854868729
2015.01.21_hela_gfp-lgn_rfp-tub_irfp-act_rap1_stlc_dmso_noc_latb_noc-latb_vox-60x,point-5,13,after_dmso,72.031,68.871,57,1.971737333
2015.01.21_hela_gfp-lgn_rfp-tub_irfp-act_rap1_stlc_dmso_noc_latb_noc-latb_vox-60x,point-5,13,after_dmso,73.136,68.398,60,0.400659734
2015.01.21_hela_gfp-lgn_rfp-tub_irfp-act_rap1_stlc_dmso_noc_latb_noc-latb_vox-60x,point-6,14,before_dmso,72.662,64.133,-72,
2015.01.21_hela_gfp-lgn_rfp-tub_irfp-act_rap1_stlc_dmso_noc_latb_noc-latb_vox-60x,point-6,14,before_dmso,72.978,64.448,-69,0.148728313
2015.01.21_hela_gfp-lgn_rfp-tub_irfp-act_rap1_stlc_dmso_noc_latb_noc-latb_vox-60x,point-6,14,before_dmso,73.452,63.659,-66,0.306811017
2015.01.21_hela_gfp-lgn_rfp-tub_irfp-act_rap1_stlc_dmso_noc_latb_noc-latb_vox-60x,point-6,14,before_dmso,74.242,64.448,-63,0.372173944
2015.01.21_hela_gfp-lgn_rfp-tub_irfp-act_rap1_stlc_dmso_noc_latb_noc-latb_vox-60x,point-6,14,before_dmso,74.4,65.396,-60,0.320358827
2015.01.21_hela_gfp-lgn_rfp-tub_irfp-act_rap1_stlc_dmso_noc_latb_noc-latb_vox-60x,point-6,14,before_dmso,74.874,65.08,-57,0.189892367
2015.01.21_hela_gfp-lgn_rfp-tub_irfp-act_rap1_stlc_dmso_noc_latb_noc-latb_vox-60x,point-6,14,before_dmso,74.716,65.238,-54,0.074481914
2015.01.21_hela_gfp-lgn_rfp-tub_irfp-act_rap1_stlc_dmso_noc_latb_noc-latb_vox-60x,point-6,14,before_dmso,74.716,66.66,-51,0.474
2015.01.21_hela_gfp-lgn_rfp-tub_irfp-act_rap1_stlc_dmso_noc_latb_noc-latb_vox-60x,point-6,14,before_dmso,73.452,69.977,-48,1.183224643
2015.01.21_hela_gfp-lgn_rfp-tub_irfp-act_rap1_stlc_dmso_noc_latb_noc-latb_vox-60x,point-6,14,before_dmso,67.45,71.557,-45,2.068826935
2015.01.21_hela_gfp-lgn_rfp-tub_irfp-act_rap1_stlc_dmso_noc_latb_noc-latb_vox-60x,point-6,14,before_dmso,64.922,68.082,-42,1.432418662
2015.01.21_hela_gfp-lgn_rfp-tub_irfp-act_rap1_stlc_dmso_noc_latb_noc-latb_vox-60x,point-6,14,before_dmso,64.448,65.238,-39,0.96107648
2015.01.21_hela_gfp-lgn_rfp-tub_irfp-act_rap1_stlc_dmso_noc_latb_noc-latb_vox-60x,point-6,14,before_dmso,66.344,64.133,-36,0.731500816
2015.01.21_hela_gfp-lgn_rfp-tub_irfp-act_rap1_stlc_dmso_noc_latb_noc-latb_vox-60x,point-6,14,before_dmso,67.292,64.448,-33,0.332987988
2015.01.21_hela_gfp-lgn_rfp-tub_irfp-act_rap1_stlc_dmso_noc_latb_noc-latb_vox-60x,point-6,14,before_dmso,67.292,64.922,-30,0.158
2015.01.21_hela_gfp-lgn_rfp-tub_irfp-act_rap1_stlc_dmso_noc_latb_noc-latb_vox-60x,point-6,14,before_dmso,66.344,64.606,-27,0.333093247
2015.01.21_hela_gfp-lgn_rfp-tub_irfp-act_rap1_stlc_dmso_noc_latb_noc-latb_vox-60x,point-6,14,before_dmso,64.922,64.448,-24,0.476916951
2015.01.21_hela_gfp-lgn_rfp-tub_irfp-act_rap1_stlc_dmso_noc_latb_noc-latb_vox-60x,point-6,14,before_dmso,65.87,63.817,-21,0.379599936
2015.01.21_hela_gfp-lgn_rfp-tub_irfp-act_rap1_stlc_dmso_noc_latb_noc-latb_vox-60x,point-6,14,before_dmso,64.922,62.869,-18,0.446891486
2015.01.21_hela_gfp-lgn_rfp-tub_irfp-act_rap1_stlc_dmso_noc_latb_noc-latb_vox-60x,point-6,14,before_dmso,63.659,62.395,-15,0.449672103
2015.01.21_hela_gfp-lgn_rfp-tub_irfp-act_rap1_stlc_dmso_noc_latb_noc-latb_vox-60x,point-6,14,before_dmso,63.975,62.869,-12,0.189892367
2015.01.21_hela_gfp-lgn_rfp-tub_irfp-act_rap1_stlc_dmso_noc_latb_noc-latb_vox-60x,point-6,14,before_dmso,63.975,62.869,-9,0
2015.01.21_hela_gfp-lgn_rfp-tub_irfp-act_rap1_stlc_dmso_noc_latb_noc-latb_vox-60x,point-6,14,before_dmso,62.711,61.763,-6,0.559854346
2015.01.21_hela_gfp-lgn_rfp-tub_irfp-act_rap1_stlc_dmso_noc_latb_noc-latb_vox-60x,point-6,14,before_dmso,61.605,61.131,-3,0.424612241
2015.01.21_hela_gfp-lgn_rfp-tub_irfp-act_rap1_stlc_dmso_noc_latb_noc-latb_vox-60x,point-6,14,after_dmso,61.368,61.368,3,
2015.01.21_hela_gfp-lgn_rfp-tub_irfp-act_rap1_stlc_dmso_noc_latb_noc-latb_vox-60x,point-6,14,after_dmso,59.354,63.619,6,1.006821015
2015.01.21_hela_gfp-lgn_rfp-tub_irfp-act_rap1_stlc_dmso_noc_latb_noc-latb_vox-60x,point-6,14,after_dmso,59.354,64.33,9,0.237
2015.01.21_hela_gfp-lgn_rfp-tub_irfp-act_rap1_stlc_dmso_noc_latb_noc-latb_vox-60x,point-6,14,after_dmso,58.406,66.344,12,0.741986822
2015.01.21_hela_gfp-lgn_rfp-tub_irfp-act_rap1_stlc_dmso_noc_latb_noc-latb_vox-60x,point-6,14,after_dmso,57.222,66.581,15,0.402495687
2015.01.21_hela_gfp-lgn_rfp-tub_irfp-act_rap1_stlc_dmso_noc_latb_noc-latb_vox-60x,point-6,14,after_dmso,56.866,66.344,18,0.14255798
2015.01.21_hela_gfp-lgn_rfp-tub_irfp-act_rap1_stlc_dmso_noc_latb_noc-latb_vox-60x,point-6,14,after_dmso,55.445,65.752,21,0.513128206
2015.01.21_hela_gfp-lgn_rfp-tub_irfp-act_rap1_stlc_dmso_noc_latb_noc-latb_vox-60x,point-6,14,after_dmso,54.615,65.87,24,0.279448664
2015.01.21_hela_gfp-lgn_rfp-tub_irfp-act_rap1_stlc_dmso_noc_latb_noc-latb_vox-60x,point-6,14,after_dmso,53.668,66.462,27,0.372271257
2015.01.21_hela_gfp-lgn_rfp-tub_irfp-act_rap1_stlc_dmso_noc_latb_noc-latb_vox-60x,point-6,14,after_dmso,53.075,67.766,30,0.477501018
2015.01.21_hela_gfp-lgn_rfp-tub_irfp-act_rap1_stlc_dmso_noc_latb_noc-latb_vox-60x,point-6,14,after_dmso,52.957,67.055,33,0.240241776
2015.01.21_hela_gfp-lgn_rfp-tub_irfp-act_rap1_stlc_dmso_noc_latb_noc-latb_vox-60x,point-6,14,after_dmso,53.075,67.884,36,0.279118653
2015.01.21_hela_gfp-lgn_rfp-tub_irfp-act_rap1_stlc_dmso_noc_latb_noc-latb_vox-60x,point-6,14,after_dmso,53.194,67.647,39,0.088399346
2015.01.21_hela_gfp-lgn_rfp-tub_irfp-act_rap1_stlc_dmso_noc_latb_noc-latb_vox-60x,point-6,14,after_dmso,53.194,68.358,42,0.237
2015.01.21_hela_gfp-lgn_rfp-tub_irfp-act_rap1_stlc_dmso_noc_latb_noc-latb_vox-60x,point-6,14,after_dmso,52.957,69.424,45,0.36400931
2015.01.21_hela_gfp-lgn_rfp-tub_irfp-act_rap1_stlc_dmso_noc_latb_noc-latb_vox-60x,point-6,14,after_dmso,52.246,70.017,48,0.308611586
2015.01.21_hela_gfp-lgn_rfp-tub_irfp-act_rap1_stlc_dmso_noc_latb_noc-latb_vox-60x,point-6,14,after_dmso,51.654,69.543,51,0.252793284
2015.01.21_hela_gfp-lgn_rfp-tub_irfp-act_rap1_stlc_dmso_noc_latb_noc-latb_vox-60x,point-6,14,after_dmso,50.587,68.832,54,0.427396511
2015.01.21_hela_gfp-lgn_rfp-tub_irfp-act_rap1_stlc_dmso_noc_latb_noc-latb_vox-60x,point-6,14,after_dmso,51.298,69.661,57,0.364045479
2015.01.21_hela_gfp-lgn_rfp-tub_irfp-act_rap1_stlc_dmso_noc_latb_noc-latb_vox-60x,point-6,14,after_dmso,51.298,69.424,60,0.079
2015.01.21_hela_gfp-lgn_rfp-tub_irfp-act_rap1_stlc_dmso_noc_latb_noc-latb_vox-60x,point-7,15,before_dmso,35.778,39.806,-72,
2015.01.21_hela_gfp-lgn_rfp-tub_irfp-act_rap1_stlc_dmso_noc_latb_noc-latb_vox-60x,point-7,15,before_dmso,38.503,42.294,-69,1.22998505
2015.01.21_hela_gfp-lgn_rfp-tub_irfp-act_rap1_stlc_dmso_noc_latb_noc-latb_vox-60x,point-7,15,before_dmso,41.11,42.887,-66,0.891197571
2015.01.21_hela_gfp-lgn_rfp-tub_irfp-act_rap1_stlc_dmso_noc_latb_noc-latb_vox-60x,point-7,15,before_dmso,46.322,45.256,-63,1.908376419
2015.01.21_hela_gfp-lgn_rfp-tub_irfp-act_rap1_stlc_dmso_noc_latb_noc-latb_vox-60x,point-7,15,before_dmso,50.587,45.967,-60,1.441285923
2015.01.21_hela_gfp-lgn_rfp-tub_irfp-act_rap1_stlc_dmso_noc_latb_noc-latb_vox-60x,point-7,15,before_dmso,57.577,45.256,-57,2.342022417
2015.01.21_hela_gfp-lgn_rfp-tub_irfp-act_rap1_stlc_dmso_noc_latb_noc-latb_vox-60x,point-7,15,before_dmso,58.999,37.2,-54,2.726846367
2015.01.21_hela_gfp-lgn_rfp-tub_irfp-act_rap1_stlc_dmso_noc_latb_noc-latb_vox-60x,point-7,15,before_dmso,56.629,34.238,-51,1.264486896
2015.01.21_hela_gfp-lgn_rfp-tub_irfp-act_rap1_stlc_dmso_noc_latb_noc-latb_vox-60x,point-7,15,before_dmso,58.288,34.001,-48,0.558614357
2015.01.21_hela_gfp-lgn_rfp-tub_irfp-act_rap1_stlc_dmso_noc_latb_noc-latb_vox-60x,point-7,15,before_dmso,58.288,33.409,-45,0.197333333
2015.01.21_hela_gfp-lgn_rfp-tub_irfp-act_rap1_stlc_dmso_noc_latb_noc-latb_vox-60x,point-7,15,before_dmso,57.222,33.883,-42,0.388877587
2015.01.21_hela_gfp-lgn_rfp-tub_irfp-act_rap1_stlc_dmso_noc_latb_noc-latb_vox-60x,point-7,15,before_dmso,57.577,33.764,-39,0.124804736
2015.01.21_hela_gfp-lgn_rfp-tub_irfp-act_rap1_stlc_dmso_noc_latb_noc-latb_vox-60x,point-7,15,before_dmso,58.643,34.12,-36,0.374624553
2015.01.21_hela_gfp-lgn_rfp-tub_irfp-act_rap1_stlc_dmso_noc_latb_noc-latb_vox-60x,point-7,15,before_dmso,58.169,35.068,-33,0.35329874
2015.01.21_hela_gfp-lgn_rfp-tub_irfp-act_rap1_stlc_dmso_noc_latb_noc-latb_vox-60x,point-7,15,before_dmso,58.406,34.831,-30,0.111722871
2015.01.21_hela_gfp-lgn_rfp-tub_irfp-act_rap1_stlc_dmso_noc_latb_noc-latb_vox-60x,point-7,15,before_dmso,58.406,35.304,-27,0.157666667
2015.01.21_hela_gfp-lgn_rfp-tub_irfp-act_rap1_stlc_dmso_noc_latb_noc-latb_vox-60x,point-7,15,before_dmso,58.406,35.304,-24,0
2015.01.21_hela_gfp-lgn_rfp-tub_irfp-act_rap1_stlc_dmso_noc_latb_noc-latb_vox-60x,point-7,15,before_dmso,58.406,35.423,-21,0.039666667
2015.01.21_hela_gfp-lgn_rfp-tub_irfp-act_rap1_stlc_dmso_noc_latb_noc-latb_vox-60x,point-7,15,before_dmso,58.051,34.594,-18,0.300604206
2015.01.21_hela_gfp-lgn_rfp-tub_irfp-act_rap1_stlc_dmso_noc_latb_noc-latb_vox-60x,point-7,15,before_dmso,57.814,36.252,-15,0.558284376
2015.01.21_hela_gfp-lgn_rfp-tub_irfp-act_rap1_stlc_dmso_noc_latb_noc-latb_vox-60x,point-7,15,before_dmso,56.748,35.778,-12,0.388877587
2015.01.21_hela_gfp-lgn_rfp-tub_irfp-act_rap1_stlc_dmso_noc_latb_noc-latb_vox-60x,point-7,15,before_dmso,57.696,35.541,-9,0.325725344
2015.01.21_hela_gfp-lgn_rfp-tub_irfp-act_rap1_stlc_dmso_noc_latb_noc-latb_vox-60x,point-7,15,before_dmso,58.051,36.015,-6,0.197400045
2015.01.21_hela_gfp-lgn_rfp-tub_irfp-act_rap1_stlc_dmso_noc_latb_noc-latb_vox-60x,point-7,15,before_dmso,58.169,36.371,-3,0.125015555
2015.01.21_hela_gfp-lgn_rfp-tub_irfp-act_rap1_stlc_dmso_noc_latb_noc-latb_vox-60x,point-7,15,after_dmso,58.051,36.252,3,
2015.01.21_hela_gfp-lgn_rfp-tub_irfp-act_rap1_stlc_dmso_noc_latb_noc-latb_vox-60x,point-7,15,after_dmso,57.222,36.371,6,0.279165821
2015.01.21_hela_gfp-lgn_rfp-tub_irfp-act_rap1_stlc_dmso_noc_latb_noc-latb_vox-60x,point-7,15,after_dmso,56.155,37.319,9,0.475767567
2015.01.21_hela_gfp-lgn_rfp-tub_irfp-act_rap1_stlc_dmso_noc_latb_noc-latb_vox-60x,point-7,15,after_dmso,54.971,38.029,12,0.460187884
2015.01.21_hela_gfp-lgn_rfp-tub_irfp-act_rap1_stlc_dmso_noc_latb_noc-latb_vox-60x,point-7,15,after_dmso,53.549,39.096,15,0.592600015
2015.01.21_hela_gfp-lgn_rfp-tub_irfp-act_rap1_stlc_dmso_noc_latb_noc-latb_vox-60x,point-7,15,after_dmso,52.72,40.399,18,0.514786903
2015.01.21_hela_gfp-lgn_rfp-tub_irfp-act_rap1_stlc_dmso_noc_latb_noc-latb_vox-60x,point-7,15,after_dmso,52.601,41.228,21,0.279165821
2015.01.21_hela_gfp-lgn_rfp-tub_irfp-act_rap1_stlc_dmso_noc_latb_noc-latb_vox-60x,point-7,15,after_dmso,52.72,41.82,24,0.201280622
2015.01.21_hela_gfp-lgn_rfp-tub_irfp-act_rap1_stlc_dmso_noc_latb_noc-latb_vox-60x,point-7,15,after_dmso,52.72,42.294,27,0.158
2015.01.21_hela_gfp-lgn_rfp-tub_irfp-act_rap1_stlc_dmso_noc_latb_noc-latb_vox-60x,point-7,15,after_dmso,51.061,45.967,30,1.343428863
2015.01.21_hela_gfp-lgn_rfp-tub_irfp-act_rap1_stlc_dmso_noc_latb_noc-latb_vox-60x,point-7,15,after_dmso,49.995,47.981,33,0.759572394
2015.01.21_hela_gfp-lgn_rfp-tub_irfp-act_rap1_stlc_dmso_noc_latb_noc-latb_vox-60x,point-7,15,after_dmso,48.692,48.336,36,0.450164661
2015.01.21_hela_gfp-lgn_rfp-tub_irfp-act_rap1_stlc_dmso_noc_latb_noc-latb_vox-60x,point-7,15,after_dmso,49.166,48.218,39,0.16282233
2015.01.21_hela_gfp-lgn_rfp-tub_irfp-act_rap1_stlc_dmso_noc_latb_noc-latb_vox-60x,point-7,15,after_dmso,48.81,49.758,42,0.526870846
2015.01.21_hela_gfp-lgn_rfp-tub_irfp-act_rap1_stlc_dmso_noc_latb_noc-latb_vox-60x,point-7,15,after_dmso,49.758,50.232,45,0.35329874
2015.01.21_hela_gfp-lgn_rfp-tub_irfp-act_rap1_stlc_dmso_noc_latb_noc-latb_vox-60x,point-7,15,after_dmso,49.047,50.824,48,0.308398191
2015.01.21_hela_gfp-lgn_rfp-tub_irfp-act_rap1_stlc_dmso_noc_latb_noc-latb_vox-60x,point-7,15,after_dmso,48.81,50.943,51,0.088399346
2015.01.21_hela_gfp-lgn_rfp-tub_irfp-act_rap1_stlc_dmso_noc_latb_noc-latb_vox-60x,point-7,15,after_dmso,48.692,51.18,54,0.088250275
2015.01.21_hela_gfp-lgn_rfp-tub_irfp-act_rap1_stlc_dmso_noc_latb_noc-latb_vox-60x,point-7,15,after_dmso,47.507,51.417,57,0.402822542
2015.01.21_hela_gfp-lgn_rfp-tub_irfp-act_rap1_stlc_dmso_noc_latb_noc-latb_vox-60x,point-7,15,after_dmso,47.981,50.943,60,0.223445743
2015.01.21_hela_gfp-lgn_rfp-tub_irfp-act_rap1_stlc_dmso_noc_latb_noc-latb_vox-60x,point-7,16,before_dmso,55.682,65.515,-72,
2015.01.21_hela_gfp-lgn_rfp-tub_irfp-act_rap1_stlc_dmso_noc_latb_noc-latb_vox-60x,point-7,16,before_dmso,56.274,65.396,-69,0.201280622
2015.01.21_hela_gfp-lgn_rfp-tub_irfp-act_rap1_stlc_dmso_noc_latb_noc-latb_vox-60x,point-7,16,before_dmso,54.497,63.501,-66,0.865945469
2015.01.21_hela_gfp-lgn_rfp-tub_irfp-act_rap1_stlc_dmso_noc_latb_noc-latb_vox-60x,point-7,16,before_dmso,54.141,62.198,-63,0.450252398
2015.01.21_hela_gfp-lgn_rfp-tub_irfp-act_rap1_stlc_dmso_noc_latb_noc-latb_vox-60x,point-7,16,before_dmso,50.943,59.236,-60,1.452991091
2015.01.21_hela_gfp-lgn_rfp-tub_irfp-act_rap1_stlc_dmso_noc_latb_noc-latb_vox-60x,point-7,16,before_dmso,50.706,59.354,-57,0.088250275
2015.01.21_hela_gfp-lgn_rfp-tub_irfp-act_rap1_stlc_dmso_noc_latb_noc-latb_vox-60x,point-7,16,before_dmso,49.995,60.539,-54,0.4606452
2015.01.21_hela_gfp-lgn_rfp-tub_irfp-act_rap1_stlc_dmso_noc_latb_noc-latb_vox-60x,point-7,16,before_dmso,49.166,60.183,-51,0.30073558
2015.01.21_hela_gfp-lgn_rfp-tub_irfp-act_rap1_stlc_dmso_noc_latb_noc-latb_vox-60x,point-7,16,before_dmso,48.81,59.71,-48,0.197333615
2015.01.21_hela_gfp-lgn_rfp-tub_irfp-act_rap1_stlc_dmso_noc_latb_noc-latb_vox-60x,point-7,16,before_dmso,48.099,61.25,-45,0.56540261
2015.01.21_hela_gfp-lgn_rfp-tub_irfp-act_rap1_stlc_dmso_noc_latb_noc-latb_vox-60x,point-7,16,before_dmso,47.152,61.368,-42,0.318107773
2015.01.21_hela_gfp-lgn_rfp-tub_irfp-act_rap1_stlc_dmso_noc_latb_noc-latb_vox-60x,point-7,16,before_dmso,47.389,62.316,-39,0.325725344
2015.01.21_hela_gfp-lgn_rfp-tub_irfp-act_rap1_stlc_dmso_noc_latb_noc-latb_vox-60x,point-7,16,before_dmso,47.744,63.264,-36,0.337429663
2015.01.21_hela_gfp-lgn_rfp-tub_irfp-act_rap1_stlc_dmso_noc_latb_noc-latb_vox-60x,point-7,16,before_dmso,46.678,65.633,-33,0.865930264
2015.01.21_hela_gfp-lgn_rfp-tub_irfp-act_rap1_stlc_dmso_noc_latb_noc-latb_vox-60x,point-7,16,before_dmso,47.033,68.832,-30,1.072879096
2015.01.21_hela_gfp-lgn_rfp-tub_irfp-act_rap1_stlc_dmso_noc_latb_noc-latb_vox-60x,point-7,16,before_dmso,47.862,68.95,-27,0.279118653
2015.01.21_hela_gfp-lgn_rfp-tub_irfp-act_rap1_stlc_dmso_noc_latb_noc-latb_vox-60x,point-7,16,before_dmso,47.033,69.306,-24,0.30073558
2015.01.21_hela_gfp-lgn_rfp-tub_irfp-act_rap1_stlc_dmso_noc_latb_noc-latb_vox-60x,point-7,16,before_dmso,48.099,69.78,-21,0.388877587
2015.01.21_hela_gfp-lgn_rfp-tub_irfp-act_rap1_stlc_dmso_noc_latb_noc-latb_vox-60x,point-7,16,before_dmso,48.099,71.794,-18,0.671333333
2015.01.21_hela_gfp-lgn_rfp-tub_irfp-act_rap1_stlc_dmso_noc_latb_noc-latb_vox-60x,point-7,16,before_dmso,46.915,73.571,-15,0.711772826
2015.01.21_hela_gfp-lgn_rfp-tub_irfp-act_rap1_stlc_dmso_noc_latb_noc-latb_vox-60x,point-7,16,before_dmso,48.336,76.059,-12,0.955067479
2015.01.21_hela_gfp-lgn_rfp-tub_irfp-act_rap1_stlc_dmso_noc_latb_noc-latb_vox-60x,point-7,16,before_dmso,48.336,78.428,-9,0.789666667
2015.01.21_hela_gfp-lgn_rfp-tub_irfp-act_rap1_stlc_dmso_noc_latb_noc-latb_vox-60x,point-7,16,before_dmso,46.559,80.798,-6,0.987400009
2015.01.21_hela_gfp-lgn_rfp-tub_irfp-act_rap1_stlc_dmso_noc_latb_noc-latb_vox-60x,point-7,16,before_dmso,44.901,82.219,-3,0.727873997
2015.01.21_hela_gfp-lgn_rfp-tub_irfp-act_rap1_stlc_dmso_noc_latb_noc-latb_vox-60x,point-7,16,after_dmso,44.19,80.916,3,
2015.01.21_hela_gfp-lgn_rfp-tub_irfp-act_rap1_stlc_dmso_noc_latb_noc-latb_vox-60x,point-7,16,after_dmso,44.782,78.902,6,0.69973487
2015.01.21_hela_gfp-lgn_rfp-tub_irfp-act_rap1_stlc_dmso_noc_latb_noc-latb_vox-60x,point-7,16,after_dmso,44.782,78.073,9,0.276333333
2015.01.21_hela_gfp-lgn_rfp-tub_irfp-act_rap1_stlc_dmso_noc_latb_noc-latb_vox-60x,point-7,16,after_dmso,46.204,76.651,12,0.670337229
2015.01.21_hela_gfp-lgn_rfp-tub_irfp-act_rap1_stlc_dmso_noc_latb_noc-latb_vox-60x,point-7,16,after_dmso,46.678,75.703,15,0.35329874
2015.01.21_hela_gfp-lgn_rfp-tub_irfp-act_rap1_stlc_dmso_noc_latb_noc-latb_vox-60x,point-7,16,after_dmso,47.27,75.585,18,0.201215197
2015.01.21_hela_gfp-lgn_rfp-tub_irfp-act_rap1_stlc_dmso_noc_latb_noc-latb_vox-60x,point-7,16,after_dmso,47.507,75.585,21,0.079
2015.01.21_hela_gfp-lgn_rfp-tub_irfp-act_rap1_stlc_dmso_noc_latb_noc-latb_vox-60x,point-7,16,after_dmso,47.033,75.111,24,0.223445743
2015.01.21_hela_gfp-lgn_rfp-tub_irfp-act_rap1_stlc_dmso_noc_latb_noc-latb_vox-60x,point-7,16,after_dmso,47.27,74.755,27,0.14255798
2015.01.21_hela_gfp-lgn_rfp-tub_irfp-act_rap1_stlc_dmso_noc_latb_noc-latb_vox-60x,point-7,16,after_dmso,47.626,74.282,30,0.197333615
2015.01.21_hela_gfp-lgn_rfp-tub_irfp-act_rap1_stlc_dmso_noc_latb_noc-latb_vox-60x,point-7,16,after_dmso,47.033,76.177,33,0.66187226
2015.01.21_hela_gfp-lgn_rfp-tub_irfp-act_rap1_stlc_dmso_noc_latb_noc-latb_vox-60x,point-7,16,after_dmso,48.099,76.414,36,0.36400931
2015.01.21_hela_gfp-lgn_rfp-tub_irfp-act_rap1_stlc_dmso_noc_latb_noc-latb_vox-60x,point-7,16,after_dmso,48.692,76.414,39,0.197666667
2015.01.21_hela_gfp-lgn_rfp-tub_irfp-act_rap1_stlc_dmso_noc_latb_noc-latb_vox-60x,point-7,16,after_dmso,47.862,76.888,42,0.318603899
2015.01.21_hela_gfp-lgn_rfp-tub_irfp-act_rap1_stlc_dmso_noc_latb_noc-latb_vox-60x,point-7,16,after_dmso,47.626,76.059,45,0.287312644
2015.01.21_hela_gfp-lgn_rfp-tub_irfp-act_rap1_stlc_dmso_noc_latb_noc-latb_vox-60x,point-7,16,after_dmso,47.626,76.059,48,0
2015.01.21_hela_gfp-lgn_rfp-tub_irfp-act_rap1_stlc_dmso_noc_latb_noc-latb_vox-60x,point-7,16,after_dmso,47.033,77.362,51,0.477197606
2015.01.21_hela_gfp-lgn_rfp-tub_irfp-act_rap1_stlc_dmso_noc_latb_noc-latb_vox-60x,point-7,16,after_dmso,48.218,77.006,54,0.412440029
2015.01.21_hela_gfp-lgn_rfp-tub_irfp-act_rap1_stlc_dmso_noc_latb_noc-latb_vox-60x,point-7,16,after_dmso,48.218,76.414,57,0.197333333
2015.01.21_hela_gfp-lgn_rfp-tub_irfp-act_rap1_stlc_dmso_noc_latb_noc-latb_vox-60x,point-7,16,after_dmso,48.336,76.296,60,0.055625733