raw,cell_id,condition,centrosome_x,centrosome_y,distance,intensity,background
2013.09.06_hela_gfp-lgn_rap1_dmso-nocodazole-stlc_fix-pfa_dapi_gfp_phalloidin_tubulin_spe-60x__cell-1,1,rap1_stlc,37.241,36.34,0.5,227.805,2.061
2013.09.06_hela_gfp-lgn_rap1_dmso-nocodazole-stlc_fix-pfa_dapi_gfp_phalloidin_tubulin_spe-60x__cell-1,1,rap1_stlc,37.241,36.34,1,192.694,2.061
2013.09.06_hela_gfp-lgn_rap1_dmso-nocodazole-stlc_fix-pfa_dapi_gfp_phalloidin_tubulin_spe-60x__cell-1,1,rap1_stlc,37.241,36.34,1.5,171.426,2.061
2013.09.06_hela_gfp-lgn_rap1_dmso-nocodazole-stlc_fix-pfa_dapi_gfp_phalloidin_tubulin_spe-60x__cell-1,1,rap1_stlc,37.241,36.34,2,156.63,2.061
2013.09.06_hela_gfp-lgn_rap1_dmso-nocodazole-stlc_fix-pfa_dapi_gfp_phalloidin_tubulin_spe-60x__cell-1,1,rap1_stlc,37.241,36.34,2.5,140.656,2.061
2013.09.06_hela_gfp-lgn_rap1_dmso-nocodazole-stlc_fix-pfa_dapi_gfp_phalloidin_tubulin_spe-60x__cell-1,1,rap1_stlc,37.241,36.34,3,127.069,2.061
2013.09.06_hela_gfp-lgn_rap1_dmso-nocodazole-stlc_fix-pfa_dapi_gfp_phalloidin_tubulin_spe-60x__cell-1,1,rap1_stlc,37.241,36.34,3.5,110.833,2.061
2013.09.06_hela_gfp-lgn_rap1_dmso-nocodazole-stlc_fix-pfa_dapi_gfp_phalloidin_tubulin_spe-60x__cell-1,1,rap1_stlc,37.241,36.34,4,95.877,2.061
2013.09.06_hela_gfp-lgn_rap1_dmso-nocodazole-stlc_fix-pfa_dapi_gfp_phalloidin_tubulin_spe-60x__cell-1,1,rap1_stlc,37.241,36.34,4.5,83.771,2.061
2013.09.06_hela_gfp-lgn_rap1_dmso-nocodazole-stlc_fix-pfa_dapi_gfp_phalloidin_tubulin_spe-60x__cell-1,1,rap1_stlc,37.241,36.34,5,76.348,2.061
2013.09.06_hela_gfp-lgn_rap1_dmso-nocodazole-stlc_fix-pfa_dapi_gfp_phalloidin_tubulin_spe-60x__cell-1,1,rap1_stlc,37.241,36.34,5.5,71.56,2.061
2013.09.06_hela_gfp-lgn_rap1_dmso-nocodazole-stlc_fix-pfa_dapi_gfp_phalloidin_tubulin_spe-60x__cell-1,1,rap1_stlc,37.241,36.34,6,66.282,2.061
2013.09.06_hela_gfp-lgn_rap1_dmso-nocodazole-stlc_fix-pfa_dapi_gfp_phalloidin_tubulin_spe-60x__cell-1,1,rap1_stlc,37.241,36.34,6.5,59.5,2.061
2013.09.06_hela_gfp-lgn_rap1_dmso-nocodazole-stlc_fix-pfa_dapi_gfp_phalloidin_tubulin_spe-60x__cell-1,1,rap1_stlc,37.241,36.34,7,54.525,2.061
2013.09.06_hela_gfp-lgn_rap1_dmso-nocodazole-stlc_fix-pfa_dapi_gfp_phalloidin_tubulin_spe-60x__cell-1,1,rap1_stlc,37.241,36.34,7.5,51.343,2.061
2013.09.06_hela_gfp-lgn_rap1_dmso-nocodazole-stlc_fix-pfa_dapi_gfp_phalloidin_tubulin_spe-60x__cell-1,1,rap1_stlc,37.241,36.34,8,46.041,2.061
2013.09.06_hela_gfp-lgn_rap1_dmso-nocodazole-stlc_fix-pfa_dapi_gfp_phalloidin_tubulin_spe-60x__cell-1,1,rap1_stlc,37.241,36.34,8.5,40.112,2.061
2013.09.06_hela_gfp-lgn_rap1_dmso-nocodazole-stlc_fix-pfa_dapi_gfp_phalloidin_tubulin_spe-60x__cell-1,1,rap1_stlc,37.241,36.34,9,34.529,2.061
2013.09.06_hela_gfp-lgn_rap1_dmso-nocodazole-stlc_fix-pfa_dapi_gfp_phalloidin_tubulin_spe-60x__cell-1,1,rap1_stlc,37.241,36.34,9.5,28.852,2.061
2013.09.06_hela_gfp-lgn_rap1_dmso-nocodazole-stlc_fix-pfa_dapi_gfp_phalloidin_tubulin_spe-60x__cell-1,1,rap1_stlc,37.241,36.34,10,24.797,2.061
2013.09.06_hela_gfp-lgn_rap1_dmso-nocodazole-stlc_fix-pfa_dapi_gfp_phalloidin_tubulin_spe-60x__cell-1,1,rap1_stlc,37.241,36.34,10.5,21.471,2.061
2013.09.06_hela_gfp-lgn_rap1_dmso-nocodazole-stlc_fix-pfa_dapi_gfp_phalloidin_tubulin_spe-60x__cell-1,1,rap1_stlc,37.241,36.34,11,18.633,2.061
2013.09.06_hela_gfp-lgn_rap1_dmso-nocodazole-stlc_fix-pfa_dapi_gfp_phalloidin_tubulin_spe-60x__cell-1,1,rap1_stlc,37.241,36.34,11.5,16.548,2.061
2013.09.06_hela_gfp-lgn_rap1_dmso-nocodazole-stlc_fix-pfa_dapi_gfp_phalloidin_tubulin_spe-60x__cell-1,1,rap1_stlc,37.241,36.34,12,14.858,2.061
2013.09.06_hela_gfp-lgn_rap1_dmso-nocodazole-stlc_fix-pfa_dapi_gfp_phalloidin_tubulin_spe-60x__cell-1,1,rap1_stlc,37.241,36.34,12.5,12.883,2.061
2013.09.06_hela_gfp-lgn_rap1_dmso-nocodazole-stlc_fix-pfa_dapi_gfp_phalloidin_tubulin_spe-60x__cell-1,1,rap1_stlc,37.241,36.34,13,11.433,2.061
2013.09.06_hela_gfp-lgn_rap1_dmso-nocodazole-stlc_fix-pfa_dapi_gfp_phalloidin_tubulin_spe-60x__cell-1,1,rap1_stlc,37.241,36.34,13.5,10.439,2.061
2013.09.06_hela_gfp-lgn_rap1_dmso-nocodazole-stlc_fix-pfa_dapi_gfp_phalloidin_tubulin_spe-60x__cell-1,1,rap1_stlc,37.241,36.34,14,9.409,2.061
2013.09.06_hela_gfp-lgn_rap1_dmso-nocodazole-stlc_fix-pfa_dapi_gfp_phalloidin_tubulin_spe-60x__cell-1,1,rap1_stlc,37.241,36.34,14.5,8.642,2.061
2013.09.06_hela_gfp-lgn_rap1_dmso-nocodazole-stlc_fix-pfa_dapi_gfp_phalloidin_tubulin_spe-60x__cell-1,1,rap1_stlc,37.241,36.34,15,8.265,2.061
2013.09.06_hela_gfp-lgn_rap1_dmso-nocodazole-stlc_fix-pfa_dapi_gfp_phalloidin_tubulin_spe-60x__cell-1,1,rap1_stlc,37.241,36.34,15.5,7.779,2.061
2013.09.06_hela_gfp-lgn_rap1_dmso-nocodazole-stlc_fix-pfa_dapi_gfp_phalloidin_tubulin_spe-60x__cell-1,1,rap1_stlc,37.241,36.34,16,7.259,2.061
2013.09.06_hela_gfp-lgn_rap1_dmso-nocodazole-stlc_fix-pfa_dapi_gfp_phalloidin_tubulin_spe-60x__cell-1,1,rap1_stlc,37.241,36.34,16.5,6.838,2.061
2013.09.06_hela_gfp-lgn_rap1_dmso-nocodazole-stlc_fix-pfa_dapi_gfp_phalloidin_tubulin_spe-60x__cell-1,1,rap1_stlc,37.241,36.34,17,6.19,2.061
2013.09.06_hela_gfp-lgn_rap1_dmso-nocodazole-stlc_fix-pfa_dapi_gfp_phalloidin_tubulin_spe-60x__cell-1,1,rap1_stlc,37.241,36.34,17.5,5.731,2.061
2013.09.06_hela_gfp-lgn_rap1_dmso-nocodazole-stlc_fix-pfa_dapi_gfp_phalloidin_tubulin_spe-60x__cell-1,1,rap1_stlc,37.241,36.34,18,5.435,2.061
2013.09.06_hela_gfp-lgn_rap1_dmso-nocodazole-stlc_fix-pfa_dapi_gfp_phalloidin_tubulin_spe-60x__cell-1,1,rap1_stlc,37.241,36.34,18.5,5.118,2.061
2013.09.06_hela_gfp-lgn_rap1_dmso-nocodazole-stlc_fix-pfa_dapi_gfp_phalloidin_tubulin_spe-60x__cell-1,1,rap1_stlc,37.241,36.34,19,4.832,2.061
2013.09.06_hela_gfp-lgn_rap1_dmso-nocodazole-stlc_fix-pfa_dapi_gfp_phalloidin_tubulin_spe-60x__cell-1,1,rap1_stlc,37.241,36.34,19.5,4.66,2.061
2013.09.06_hela_gfp-lgn_rap1_dmso-nocodazole-stlc_fix-pfa_dapi_gfp_phalloidin_tubulin_spe-60x__cell-1,1,rap1_stlc,37.241,36.34,20,4.451,2.061
2013.09.06_hela_gfp-lgn_rap1_dmso-nocodazole-stlc_fix-pfa_dapi_gfp_phalloidin_tubulin_spe-60x__cell-2,2,rap1_stlc,45.33,38.336,0.5,132.213,2.037
2013.09.06_hela_gfp-lgn_rap1_dmso-nocodazole-stlc_fix-pfa_dapi_gfp_phalloidin_tubulin_spe-60x__cell-2,2,rap1_stlc,45.33,38.336,1,142.413,2.037
2013.09.06_hela_gfp-lgn_rap1_dmso-nocodazole-stlc_fix-pfa_dapi_gfp_phalloidin_tubulin_spe-60x__cell-2,2,rap1_stlc,45.33,38.336,1.5,149.936,2.037
2013.09.06_hela_gfp-lgn_rap1_dmso-nocodazole-stlc_fix-pfa_dapi_gfp_phalloidin_tubulin_spe-60x__cell-2,2,rap1_stlc,45.33,38.336,2,145.813,2.037
2013.09.06_hela_gfp-lgn_rap1_dmso-nocodazole-stlc_fix-pfa_dapi_gfp_phalloidin_tubulin_spe-60x__cell-2,2,rap1_stlc,45.33,38.336,2.5,134.54,2.037
2013.09.06_hela_gfp-lgn_rap1_dmso-nocodazole-stlc_fix-pfa_dapi_gfp_phalloidin_tubulin_spe-60x__cell-2,2,rap1_stlc,45.33,38.336,3,122.969,2.037
2013.09.06_hela_gfp-lgn_rap1_dmso-nocodazole-stlc_fix-pfa_dapi_gfp_phalloidin_tubulin_spe-60x__cell-2,2,rap1_stlc,45.33,38.336,3.5,111.756,2.037
2013.09.06_hela_gfp-lgn_rap1_dmso-nocodazole-stlc_fix-pfa_dapi_gfp_phalloidin_tubulin_spe-60x__cell-2,2,rap1_stlc,45.33,38.336,4,102.267,2.037
2013.09.06_hela_gfp-lgn_rap1_dmso-nocodazole-stlc_fix-pfa_dapi_gfp_phalloidin_tubulin_spe-60x__cell-2,2,rap1_stlc,45.33,38.336,4.5,91.952,2.037
2013.09.06_hela_gfp-lgn_rap1_dmso-nocodazole-stlc_fix-pfa_dapi_gfp_phalloidin_tubulin_spe-60x__cell-2,2,rap1_stlc,45.33,38.336,5,82.425,2.037
2013.09.06_hela_gfp-lgn_rap1_dmso-nocodazole-stlc_fix-pfa_dapi_gfp_phalloidin_tubulin_spe-60x__cell-2,2,rap1_stlc,45.33,38.336,5.5,74.018,2.037
2013.09.06_hela_gfp-lgn_rap1_dmso-nocodazole-stlc_fix-pfa_dapi_gfp_phalloidin_tubulin_spe-60x__cell-2,2,rap1_stlc,45.33,38.336,6,67.943,2.037
2013.09.06_hela_gfp-lgn_rap1_dmso-nocodazole-stlc_fix-pfa_dapi_gfp_phalloidin_tubulin_spe-60x__cell-2,2,rap1_stlc,45.33,38.336,6.5,61.669,2.037
2013.09.06_hela_gfp-lgn_rap1_dmso-nocodazole-stlc_fix-pfa_dapi_gfp_phalloidin_tubulin_spe-60x__cell-2,2,rap1_stlc,45.33,38.336,7,55.947,2.037
2013.09.06_hela_gfp-lgn_rap1_dmso-nocodazole-stlc_fix-pfa_dapi_gfp_phalloidin_tubulin_spe-60x__cell-2,2,rap1_stlc,45.33,38.336,7.5,49.942,2.037
2013.09.06_hela_gfp-lgn_rap1_dmso-nocodazole-stlc_fix-pfa_dapi_gfp_phalloidin_tubulin_spe-60x__cell-2,2,rap1_stlc,45.33,38.336,8,44.258,2.037
2013.09.06_hela_gfp-lgn_rap1_dmso-nocodazole-stlc_fix-pfa_dapi_gfp_phalloidin_tubulin_spe-60x__cell-2,2,rap1_stlc,45.33,38.336,8.5,38.156,2.037
2013.09.06_hela_gfp-lgn_rap1_dmso-nocodazole-stlc_fix-pfa_dapi_gfp_phalloidin_tubulin_spe-60x__cell-2,2,rap1_stlc,45.33,38.336,9,33.455,2.037
2013.09.06_hela_gfp-lgn_rap1_dmso-nocodazole-stlc_fix-pfa_dapi_gfp_phalloidin_tubulin_spe-60x__cell-2,2,rap1_stlc,45.33,38.336,9.5,29.552,2.037
2013.09.06_hela_gfp-lgn_rap1_dmso-nocodazole-stlc_fix-pfa_dapi_gfp_phalloidin_tubulin_spe-60x__cell-2,2,rap1_stlc,45.33,38.336,10,26.322,2.037
2013.09.06_hela_gfp-lgn_rap1_dmso-nocodazole-stlc_fix-pfa_dapi_gfp_phalloidin_tubulin_spe-60x__cell-2,2,rap1_stlc,45.33,38.336,10.5,22.917,2.037
2013.09.06_hela_gfp-lgn_rap1_dmso-nocodazole-stlc_fix-pfa_dapi_gfp_phalloidin_tubulin_spe-60x__cell-2,2,rap1_stlc,45.33,38.336,11,20.3,2.037
2013.09.06_hela_gfp-lgn_rap1_dmso-nocodazole-stlc_fix-pfa_dapi_gfp_phalloidin_tubulin_spe-60x__cell-2,2,rap1_stlc,45.33,38.336,11.5,18.221,2.037
2013.09.06_hela_gfp-lgn_rap1_dmso-nocodazole-stlc_fix-pfa_dapi_gfp_phalloidin_tubulin_spe-60x__cell-2,2,rap1_stlc,45.33,38.336,12,16.619,2.037
2013.09.06_hela_gfp-lgn_rap1_dmso-nocodazole-stlc_fix-pfa_dapi_gfp_phalloidin_tubulin_spe-60x__cell-2,2,rap1_stlc,45.33,38.336,12.5,15.12,2.037
2013.09.06_hela_gfp-lgn_rap1_dmso-nocodazole-stlc_fix-pfa_dapi_gfp_phalloidin_tubulin_spe-60x__cell-2,2,rap1_stlc,45.33,38.336,13,13.931,2.037
2013.09.06_hela_gfp-lgn_rap1_dmso-nocodazole-stlc_fix-pfa_dapi_gfp_phalloidin_tubulin_spe-60x__cell-2,2,rap1_stlc,45.33,38.336,13.5,12.762,2.037
2013.09.06_hela_gfp-lgn_rap1_dmso-nocodazole-stlc_fix-pfa_dapi_gfp_phalloidin_tubulin_spe-60x__cell-2,2,rap1_stlc,45.33,38.336,14,11.647,2.037
2013.09.06_hela_gfp-lgn_rap1_dmso-nocodazole-stlc_fix-pfa_dapi_gfp_phalloidin_tubulin_spe-60x__cell-2,2,rap1_stlc,45.33,38.336,14.5,10.616,2.037
2013.09.06_hela_gfp-lgn_rap1_dmso-nocodazole-stlc_fix-pfa_dapi_gfp_phalloidin_tubulin_spe-60x__cell-2,2,rap1_stlc,45.33,38.336,15,9.756,2.037
2013.09.06_hela_gfp-lgn_rap1_dmso-nocodazole-stlc_fix-pfa_dapi_gfp_phalloidin_tubulin_spe-60x__cell-2,2,rap1_stlc,45.33,38.336,15.5,8.945,2.037
2013.09.06_hela_gfp-lgn_rap1_dmso-nocodazole-stlc_fix-pfa_dapi_gfp_phalloidin_tubulin_spe-60x__cell-2,2,rap1_stlc,45.33,38.336,16,8.219,2.037
2013.09.06_hela_gfp-lgn_rap1_dmso-nocodazole-stlc_fix-pfa_dapi_gfp_phalloidin_tubulin_spe-60x__cell-2,2,rap1_stlc,45.33,38.336,16.5,7.557,2.037
2013.09.06_hela_gfp-lgn_rap1_dmso-nocodazole-stlc_fix-pfa_dapi_gfp_phalloidin_tubulin_spe-60x__cell-2,2,rap1_stlc,45.33,38.336,17,7.04,2.037
2013.09.06_hela_gfp-lgn_rap1_dmso-nocodazole-stlc_fix-pfa_dapi_gfp_phalloidin_tubulin_spe-60x__cell-2,2,rap1_stlc,45.33,38.336,17.5,6.61,2.037
2013.09.06_hela_gfp-lgn_rap1_dmso-nocodazole-stlc_fix-pfa_dapi_gfp_phalloidin_tubulin_spe-60x__cell-2,2,rap1_stlc,45.33,38.336,18,6.202,2.037
2013.09.06_hela_gfp-lgn_rap1_dmso-nocodazole-stlc_fix-pfa_dapi_gfp_phalloidin_tubulin_spe-60x__cell-2,2,rap1_stlc,45.33,38.336,18.5,5.83,2.037
2013.09.06_hela_gfp-lgn_rap1_dmso-nocodazole-stlc_fix-pfa_dapi_gfp_phalloidin_tubulin_spe-60x__cell-2,2,rap1_stlc,45.33,38.336,19,5.513,2.037
2013.09.06_hela_gfp-lgn_rap1_dmso-nocodazole-stlc_fix-pfa_dapi_gfp_phalloidin_tubulin_spe-60x__cell-2,2,rap1_stlc,45.33,38.336,19.5,5.278,2.037
2013.10.23_hela_gfp-lgn_rap1_stlc_fix-pfa_dapi_gfp_phalloidin_tubulin_spe-60x__cell-1,3,rap1_stlc,47.733,20.423,0.5,185.233,3
2013.10.23_hela_gfp-lgn_rap1_stlc_fix-pfa_dapi_gfp_phalloidin_tubulin_spe-60x__cell-1,3,rap1_stlc,47.733,20.423,1,175.97,3
2013.10.23_hela_gfp-lgn_rap1_stlc_fix-pfa_dapi_gfp_phalloidin_tubulin_spe-60x__cell-1,3,rap1_stlc,47.733,20.423,1.5,138.33,3
2013.10.23_hela_gfp-lgn_rap1_stlc_fix-pfa_dapi_gfp_phalloidin_tubulin_spe-60x__cell-1,3,rap1_stlc,47.733,20.423,2,115.538,3
2013.10.23_hela_gfp-lgn_rap1_stlc_fix-pfa_dapi_gfp_phalloidin_tubulin_spe-60x__cell-1,3,rap1_stlc,47.733,20.423,2.5,101.702,3
2013.10.23_hela_gfp-lgn_rap1_stlc_fix-pfa_dapi_gfp_phalloidin_tubulin_spe-60x__cell-1,3,rap1_stlc,47.733,20.423,3,91.41,3
2013.10.23_hela_gfp-lgn_rap1_stlc_fix-pfa_dapi_gfp_phalloidin_tubulin_spe-60x__cell-1,3,rap1_stlc,47.733,20.423,3.5,82.963,3
2013.10.23_hela_gfp-lgn_rap1_stlc_fix-pfa_dapi_gfp_phalloidin_tubulin_spe-60x__cell-1,3,rap1_stlc,47.733,20.423,4,76.9,3
2013.10.23_hela_gfp-lgn_rap1_stlc_fix-pfa_dapi_gfp_phalloidin_tubulin_spe-60x__cell-1,3,rap1_stlc,47.733,20.423,4.5,69.673,3
2013.10.23_hela_gfp-lgn_rap1_stlc_fix-pfa_dapi_gfp_phalloidin_tubulin_spe-60x__cell-1,3,rap1_stlc,47.733,20.423,5,63.805,3
2013.10.23_hela_gfp-lgn_rap1_stlc_fix-pfa_dapi_gfp_phalloidin_tubulin_spe-60x__cell-1,3,rap1_stlc,47.733,20.423,5.5,60.407,3
2013.10.23_hela_gfp-lgn_rap1_stlc_fix-pfa_dapi_gfp_phalloidin_tubulin_spe-60x__cell-1,3,rap1_stlc,47.733,20.423,6,56.016,3
2013.10.23_hela_gfp-lgn_rap1_stlc_fix-pfa_dapi_gfp_phalloidin_tubulin_spe-60x__cell-1,3,rap1_stlc,47.733,20.423,6.5,50.362,3
2013.10.23_hela_gfp-lgn_rap1_stlc_fix-pfa_dapi_gfp_phalloidin_tubulin_spe-60x__cell-1,3,rap1_stlc,47.733,20.423,7,44.272,3
2013.10.23_hela_gfp-lgn_rap1_stlc_fix-pfa_dapi_gfp_phalloidin_tubulin_spe-60x__cell-1,3,rap1_stlc,47.733,20.423,7.5,38.141,3
2013.10.23_hela_gfp-lgn_rap1_stlc_fix-pfa_dapi_gfp_phalloidin_tubulin_spe-60x__cell-1,3,rap1_stlc,47.733,20.423,8,34.895,3
2013.10.23_hela_gfp-lgn_rap1_stlc_fix-pfa_dapi_gfp_phalloidin_tubulin_spe-60x__cell-1,3,rap1_stlc,47.733,20.423,8.5,30.983,3
2013.10.23_hela_gfp-lgn_rap1_stlc_fix-pfa_dapi_gfp_phalloidin_tubulin_spe-60x__cell-1,3,rap1_stlc,47.733,20.423,9,26.961,3
2013.10.23_hela_gfp-lgn_rap1_stlc_fix-pfa_dapi_gfp_phalloidin_tubulin_spe-60x__cell-1,3,rap1_stlc,47.733,20.423,9.5,23.307,3
2013.10.23_hela_gfp-lgn_rap1_stlc_fix-pfa_dapi_gfp_phalloidin_tubulin_spe-60x__cell-1,3,rap1_stlc,47.733,20.423,10,20.827,3
2013.10.23_hela_gfp-lgn_rap1_stlc_fix-pfa_dapi_gfp_phalloidin_tubulin_spe-60x__cell-1,3,rap1_stlc,47.733,20.423,10.5,18.296,3
2013.10.23_hela_gfp-lgn_rap1_stlc_fix-pfa_dapi_gfp_phalloidin_tubulin_spe-60x__cell-1,3,rap1_stlc,47.733,20.423,11,16.587,3
2013.10.23_hela_gfp-lgn_rap1_stlc_fix-pfa_dapi_gfp_phalloidin_tubulin_spe-60x__cell-1,3,rap1_stlc,47.733,20.423,11.5,15.144,3
2013.10.23_hela_gfp-lgn_rap1_stlc_fix-pfa_dapi_gfp_phalloidin_tubulin_spe-60x__cell-1,3,rap1_stlc,47.733,20.423,12,13.715,3
2013.10.23_hela_gfp-lgn_rap1_stlc_fix-pfa_dapi_gfp_phalloidin_tubulin_spe-60x__cell-1,3,rap1_stlc,47.733,20.423,12.5,12.431,3
2013.10.23_hela_gfp-lgn_rap1_stlc_fix-pfa_dapi_gfp_phalloidin_tubulin_spe-60x__cell-1,3,rap1_stlc,47.733,20.423,13,11.512,3
2013.10.23_hela_gfp-lgn_rap1_stlc_fix-pfa_dapi_gfp_phalloidin_tubulin_spe-60x__cell-1,3,rap1_stlc,47.733,20.423,13.5,10.923,3
2013.10.23_hela_gfp-lgn_rap1_stlc_fix-pfa_dapi_gfp_phalloidin_tubulin_spe-60x__cell-1,3,rap1_stlc,47.733,20.423,14,10.884,3
2013.10.23_hela_gfp-lgn_rap1_stlc_fix-pfa_dapi_gfp_phalloidin_tubulin_spe-60x__cell-1,3,rap1_stlc,47.733,20.423,14.5,10.967,3
2013.10.23_hela_gfp-lgn_rap1_stlc_fix-pfa_dapi_gfp_phalloidin_tubulin_spe-60x__cell-1,3,rap1_stlc,47.733,20.423,15,11.048,3
2013.10.23_hela_gfp-lgn_rap1_stlc_fix-pfa_dapi_gfp_phalloidin_tubulin_spe-60x__cell-1,3,rap1_stlc,47.733,20.423,15.5,10.998,3
2013.10.23_hela_gfp-lgn_rap1_stlc_fix-pfa_dapi_gfp_phalloidin_tubulin_spe-60x__cell-1,3,rap1_stlc,47.733,20.423,16,10.971,3
2013.10.23_hela_gfp-lgn_rap1_stlc_fix-pfa_dapi_gfp_phalloidin_tubulin_spe-60x__cell-1,3,rap1_stlc,47.733,20.423,16.5,11.044,3
2013.10.23_hela_gfp-lgn_rap1_stlc_fix-pfa_dapi_gfp_phalloidin_tubulin_spe-60x__cell-1,3,rap1_stlc,47.733,20.423,17,10.958,3
2013.10.23_hela_gfp-lgn_rap1_stlc_fix-pfa_dapi_gfp_phalloidin_tubulin_spe-60x__cell-1,3,rap1_stlc,47.733,20.423,17.5,10.916,3
2013.10.23_hela_gfp-lgn_rap1_stlc_fix-pfa_dapi_gfp_phalloidin_tubulin_spe-60x__cell-1,3,rap1_stlc,47.733,20.423,18,11.117,3
2013.10.23_hela_gfp-lgn_rap1_stlc_fix-pfa_dapi_gfp_phalloidin_tubulin_spe-60x__cell-1,3,rap1_stlc,47.733,20.423,18.5,10.846,3
2013.10.23_hela_gfp-lgn_rap1_stlc_fix-pfa_dapi_gfp_phalloidin_tubulin_spe-60x__cell-1,3,rap1_stlc,47.733,20.423,19,10.215,3
2013.10.23_hela_gfp-lgn_rap1_stlc_fix-pfa_dapi_gfp_phalloidin_tubulin_spe-60x__cell-1,3,rap1_stlc,47.733,20.423,19.5,9.899,3
2013.10.23_hela_gfp-lgn_rap1_stlc_fix-pfa_dapi_gfp_phalloidin_tubulin_spe-60x__cell-2,4,rap1_stlc,48.173,44.369,0.5,160.006,3
2013.10.23_hela_gfp-lgn_rap1_stlc_fix-pfa_dapi_gfp_phalloidin_tubulin_spe-60x__cell-2,4,rap1_stlc,48.173,44.369,1,138.258,3
2013.10.23_hela_gfp-lgn_rap1_stlc_fix-pfa_dapi_gfp_phalloidin_tubulin_spe-60x__cell-2,4,rap1_stlc,48.173,44.369,1.5,123.024,3
2013.10.23_hela_gfp-lgn_rap1_stlc_fix-pfa_dapi_gfp_phalloidin_tubulin_spe-60x__cell-2,4,rap1_stlc,48.173,44.369,2,111.905,3
2013.10.23_hela_gfp-lgn_rap1_stlc_fix-pfa_dapi_gfp_phalloidin_tubulin_spe-60x__cell-2,4,rap1_stlc,48.173,44.369,2.5,99.374,3
2013.10.23_hela_gfp-lgn_rap1_stlc_fix-pfa_dapi_gfp_phalloidin_tubulin_spe-60x__cell-2,4,rap1_stlc,48.173,44.369,3,89.86,3
2013.10.23_hela_gfp-lgn_rap1_stlc_fix-pfa_dapi_gfp_phalloidin_tubulin_spe-60x__cell-2,4,rap1_stlc,48.173,44.369,3.5,81.74,3
2013.10.23_hela_gfp-lgn_rap1_stlc_fix-pfa_dapi_gfp_phalloidin_tubulin_spe-60x__cell-2,4,rap1_stlc,48.173,44.369,4,75.964,3
2013.10.23_hela_gfp-lgn_rap1_stlc_fix-pfa_dapi_gfp_phalloidin_tubulin_spe-60x__cell-2,4,rap1_stlc,48.173,44.369,4.5,70.909,3
2013.10.23_hela_gfp-lgn_rap1_stlc_fix-pfa_dapi_gfp_phalloidin_tubulin_spe-60x__cell-2,4,rap1_stlc,48.173,44.369,5,66.124,3
2013.10.23_hela_gfp-lgn_rap1_stlc_fix-pfa_dapi_gfp_phalloidin_tubulin_spe-60x__cell-2,4,rap1_stlc,48.173,44.369,5.5,61.337,3
2013.10.23_hela_gfp-lgn_rap1_stlc_fix-pfa_dapi_gfp_phalloidin_tubulin_spe-60x__cell-2,4,rap1_stlc,48.173,44.369,6,57.579,3
2013.10.23_hela_gfp-lgn_rap1_stlc_fix-pfa_dapi_gfp_phalloidin_tubulin_spe-60x__cell-2,4,rap1_stlc,48.173,44.369,6.5,54.534,3
2013.10.23_hela_gfp-lgn_rap1_stlc_fix-pfa_dapi_gfp_phalloidin_tubulin_spe-60x__cell-2,4,rap1_stlc,48.173,44.369,7,52.389,3
2013.10.23_hela_gfp-lgn_rap1_stlc_fix-pfa_dapi_gfp_phalloidin_tubulin_spe-60x__cell-2,4,rap1_stlc,48.173,44.369,7.5,48.909,3
2013.10.23_hela_gfp-lgn_rap1_stlc_fix-pfa_dapi_gfp_phalloidin_tubulin_spe-60x__cell-2,4,rap1_stlc,48.173,44.369,8,44.121,3
2013.10.23_hela_gfp-lgn_rap1_stlc_fix-pfa_dapi_gfp_phalloidin_tubulin_spe-60x__cell-2,4,rap1_stlc,48.173,44.369,8.5,39.261,3
2013.10.23_hela_gfp-lgn_rap1_stlc_fix-pfa_dapi_gfp_phalloidin_tubulin_spe-60x__cell-2,4,rap1_stlc,48.173,44.369,9,35.454,3
2013.10.23_hela_gfp-lgn_rap1_stlc_fix-pfa_dapi_gfp_phalloidin_tubulin_spe-60x__cell-2,4,rap1_stlc,48.173,44.369,9.5,31.874,3
2013.10.23_hela_gfp-lgn_rap1_stlc_fix-pfa_dapi_gfp_phalloidin_tubulin_spe-60x__cell-2,4,rap1_stlc,48.173,44.369,10,29.11,3
2013.10.23_hela_gfp-lgn_rap1_stlc_fix-pfa_dapi_gfp_phalloidin_tubulin_spe-60x__cell-2,4,rap1_stlc,48.173,44.369,10.5,26.286,3
2013.10.23_hela_gfp-lgn_rap1_stlc_fix-pfa_dapi_gfp_phalloidin_tubulin_spe-60x__cell-2,4,rap1_stlc,48.173,44.369,11,24.568,3
2013.10.23_hela_gfp-lgn_rap1_stlc_fix-pfa_dapi_gfp_phalloidin_tubulin_spe-60x__cell-2,4,rap1_stlc,48.173,44.369,11.5,22.785,3
2013.10.23_hela_gfp-lgn_rap1_stlc_fix-pfa_dapi_gfp_phalloidin_tubulin_spe-60x__cell-2,4,rap1_stlc,48.173,44.369,12,21.202,3
2013.10.23_hela_gfp-lgn_rap1_stlc_fix-pfa_dapi_gfp_phalloidin_tubulin_spe-60x__cell-2,4,rap1_stlc,48.173,44.369,12.5,19.987,3
2013.10.23_hela_gfp-lgn_rap1_stlc_fix-pfa_dapi_gfp_phalloidin_tubulin_spe-60x__cell-2,4,rap1_stlc,48.173,44.369,13,18.177,3
2013.10.23_hela_gfp-lgn_rap1_stlc_fix-pfa_dapi_gfp_phalloidin_tubulin_spe-60x__cell-2,4,rap1_stlc,48.173,44.369,13.5,16.988,3
2013.10.23_hela_gfp-lgn_rap1_stlc_fix-pfa_dapi_gfp_phalloidin_tubulin_spe-60x__cell-2,4,rap1_stlc,48.173,44.369,14,16.648,3
2013.10.23_hela_gfp-lgn_rap1_stlc_fix-pfa_dapi_gfp_phalloidin_tubulin_spe-60x__cell-2,4,rap1_stlc,48.173,44.369,14.5,16.365,3
2013.10.23_hela_gfp-lgn_rap1_stlc_fix-pfa_dapi_gfp_phalloidin_tubulin_spe-60x__cell-2,4,rap1_stlc,48.173,44.369,15,15.427,3
2013.10.23_hela_gfp-lgn_rap1_stlc_fix-pfa_dapi_gfp_phalloidin_tubulin_spe-60x__cell-2,4,rap1_stlc,48.173,44.369,15.5,14.452,3
2013.10.23_hela_gfp-lgn_rap1_stlc_fix-pfa_dapi_gfp_phalloidin_tubulin_spe-60x__cell-2,4,rap1_stlc,48.173,44.369,16,13.835,3
2013.10.23_hela_gfp-lgn_rap1_stlc_fix-pfa_dapi_gfp_phalloidin_tubulin_spe-60x__cell-2,4,rap1_stlc,48.173,44.369,16.5,13.261,3
2013.10.23_hela_gfp-lgn_rap1_stlc_fix-pfa_dapi_gfp_phalloidin_tubulin_spe-60x__cell-2,4,rap1_stlc,48.173,44.369,17,12.617,3
2013.10.23_hela_gfp-lgn_rap1_stlc_fix-pfa_dapi_gfp_phalloidin_tubulin_spe-60x__cell-2,4,rap1_stlc,48.173,44.369,17.5,11.924,3
2013.10.23_hela_gfp-lgn_rap1_stlc_fix-pfa_dapi_gfp_phalloidin_tubulin_spe-60x__cell-2,4,rap1_stlc,48.173,44.369,18,11.365,3
2013.10.23_hela_gfp-lgn_rap1_stlc_fix-pfa_dapi_gfp_phalloidin_tubulin_spe-60x__cell-2,4,rap1_stlc,48.173,44.369,18.5,11.183,3
2013.10.23_hela_gfp-lgn_rap1_stlc_fix-pfa_dapi_gfp_phalloidin_tubulin_spe-60x__cell-2,4,rap1_stlc,48.173,44.369,19,11.159,3
2013.10.23_hela_gfp-lgn_rap1_stlc_fix-pfa_dapi_gfp_phalloidin_tubulin_spe-60x__cell-2,4,rap1_stlc,48.173,44.369,19.5,11.601,3
2013.10.23_hela_gfp-lgn_rap1_stlc_fix-pfa_dapi_gfp_phalloidin_tubulin_spe-60x__cell-3,5,rap1_stlc,40.485,18.18,0.5,86.427,3.18
2013.10.23_hela_gfp-lgn_rap1_stlc_fix-pfa_dapi_gfp_phalloidin_tubulin_spe-60x__cell-3,5,rap1_stlc,40.485,18.18,1,97.193,3.18
2013.10.23_hela_gfp-lgn_rap1_stlc_fix-pfa_dapi_gfp_phalloidin_tubulin_spe-60x__cell-3,5,rap1_stlc,40.485,18.18,1.5,105.238,3.18
2013.10.23_hela_gfp-lgn_rap1_stlc_fix-pfa_dapi_gfp_phalloidin_tubulin_spe-60x__cell-3,5,rap1_stlc,40.485,18.18,2,110.091,3.18
2013.10.23_hela_gfp-lgn_rap1_stlc_fix-pfa_dapi_gfp_phalloidin_tubulin_spe-60x__cell-3,5,rap1_stlc,40.485,18.18,2.5,111.61,3.18
2013.10.23_hela_gfp-lgn_rap1_stlc_fix-pfa_dapi_gfp_phalloidin_tubulin_spe-60x__cell-3,5,rap1_stlc,40.485,18.18,3,110.321,3.18
2013.10.23_hela_gfp-lgn_rap1_stlc_fix-pfa_dapi_gfp_phalloidin_tubulin_spe-60x__cell-3,5,rap1_stlc,40.485,18.18,3.5,106.744,3.18
2013.10.23_hela_gfp-lgn_rap1_stlc_fix-pfa_dapi_gfp_phalloidin_tubulin_spe-60x__cell-3,5,rap1_stlc,40.485,18.18,4,101.199,3.18
2013.10.23_hela_gfp-lgn_rap1_stlc_fix-pfa_dapi_gfp_phalloidin_tubulin_spe-60x__cell-3,5,rap1_stlc,40.485,18.18,4.5,95.509,3.18
2013.10.23_hela_gfp-lgn_rap1_stlc_fix-pfa_dapi_gfp_phalloidin_tubulin_spe-60x__cell-3,5,rap1_stlc,40.485,18.18,5,89.821,3.18
2013.10.23_hela_gfp-lgn_rap1_stlc_fix-pfa_dapi_gfp_phalloidin_tubulin_spe-60x__cell-3,5,rap1_stlc,40.485,18.18,5.5,83.252,3.18
2013.10.23_hela_gfp-lgn_rap1_stlc_fix-pfa_dapi_gfp_phalloidin_tubulin_spe-60x__cell-3,5,rap1_stlc,40.485,18.18,6,76.44,3.18
2013.10.23_hela_gfp-lgn_rap1_stlc_fix-pfa_dapi_gfp_phalloidin_tubulin_spe-60x__cell-3,5,rap1_stlc,40.485,18.18,6.5,68.777,3.18
2013.10.23_hela_gfp-lgn_rap1_stlc_fix-pfa_dapi_gfp_phalloidin_tubulin_spe-60x__cell-3,5,rap1_stlc,40.485,18.18,7,61.647,3.18
2013.10.23_hela_gfp-lgn_rap1_stlc_fix-pfa_dapi_gfp_phalloidin_tubulin_spe-60x__cell-3,5,rap1_stlc,40.485,18.18,7.5,53.583,3.18
2013.10.23_hela_gfp-lgn_rap1_stlc_fix-pfa_dapi_gfp_phalloidin_tubulin_spe-60x__cell-3,5,rap1_stlc,40.485,18.18,8,47.905,3.18
2013.10.23_hela_gfp-lgn_rap1_stlc_fix-pfa_dapi_gfp_phalloidin_tubulin_spe-60x__cell-3,5,rap1_stlc,40.485,18.18,8.5,42.552,3.18
2013.10.23_hela_gfp-lgn_rap1_stlc_fix-pfa_dapi_gfp_phalloidin_tubulin_spe-60x__cell-3,5,rap1_stlc,40.485,18.18,9,38.715,3.18
2013.10.23_hela_gfp-lgn_rap1_stlc_fix-pfa_dapi_gfp_phalloidin_tubulin_spe-60x__cell-3,5,rap1_stlc,40.485,18.18,9.5,35.268,3.18
2013.10.23_hela_gfp-lgn_rap1_stlc_fix-pfa_dapi_gfp_phalloidin_tubulin_spe-60x__cell-3,5,rap1_stlc,40.485,18.18,10,32.764,3.18
2013.10.23_hela_gfp-lgn_rap1_stlc_fix-pfa_dapi_gfp_phalloidin_tubulin_spe-60x__cell-3,5,rap1_stlc,40.485,18.18,10.5,30.341,3.18
2013.10.23_hela_gfp-lgn_rap1_stlc_fix-pfa_dapi_gfp_phalloidin_tubulin_spe-60x__cell-3,5,rap1_stlc,40.485,18.18,11,27.804,3.18
2013.10.23_hela_gfp-lgn_rap1_stlc_fix-pfa_dapi_gfp_phalloidin_tubulin_spe-60x__cell-3,5,rap1_stlc,40.485,18.18,11.5,25.412,3.18
2013.10.23_hela_gfp-lgn_rap1_stlc_fix-pfa_dapi_gfp_phalloidin_tubulin_spe-60x__cell-3,5,rap1_stlc,40.485,18.18,12,23.619,3.18
2013.10.23_hela_gfp-lgn_rap1_stlc_fix-pfa_dapi_gfp_phalloidin_tubulin_spe-60x__cell-3,5,rap1_stlc,40.485,18.18,12.5,21.589,3.18
2013.10.23_hela_gfp-lgn_rap1_stlc_fix-pfa_dapi_gfp_phalloidin_tubulin_spe-60x__cell-3,5,rap1_stlc,40.485,18.18,13,19.911,3.18
2013.10.23_hela_gfp-lgn_rap1_stlc_fix-pfa_dapi_gfp_phalloidin_tubulin_spe-60x__cell-3,5,rap1_stlc,40.485,18.18,13.5,18.294,3.18
2013.10.23_hela_gfp-lgn_rap1_stlc_fix-pfa_dapi_gfp_phalloidin_tubulin_spe-60x__cell-3,5,rap1_stlc,40.485,18.18,14,16.622,3.18
2013.10.23_hela_gfp-lgn_rap1_stlc_fix-pfa_dapi_gfp_phalloidin_tubulin_spe-60x__cell-3,5,rap1_stlc,40.485,18.18,14.5,14.791,3.18
2013.10.23_hela_gfp-lgn_rap1_stlc_fix-pfa_dapi_gfp_phalloidin_tubulin_spe-60x__cell-3,5,rap1_stlc,40.485,18.18,15,13.191,3.18
2013.10.23_hela_gfp-lgn_rap1_stlc_fix-pfa_dapi_gfp_phalloidin_tubulin_spe-60x__cell-3,5,rap1_stlc,40.485,18.18,15.5,11.767,3.18
2013.10.23_hela_gfp-lgn_rap1_stlc_fix-pfa_dapi_gfp_phalloidin_tubulin_spe-60x__cell-3,5,rap1_stlc,40.485,18.18,16,10.63,3.18
2013.10.23_hela_gfp-lgn_rap1_stlc_fix-pfa_dapi_gfp_phalloidin_tubulin_spe-60x__cell-3,5,rap1_stlc,40.485,18.18,16.5,9.602,3.18
2013.10.23_hela_gfp-lgn_rap1_stlc_fix-pfa_dapi_gfp_phalloidin_tubulin_spe-60x__cell-3,5,rap1_stlc,40.485,18.18,17,8.819,3.18
2013.10.23_hela_gfp-lgn_rap1_stlc_fix-pfa_dapi_gfp_phalloidin_tubulin_spe-60x__cell-3,5,rap1_stlc,40.485,18.18,17.5,8.025,3.18
2013.10.23_hela_gfp-lgn_rap1_stlc_fix-pfa_dapi_gfp_phalloidin_tubulin_spe-60x__cell-3,5,rap1_stlc,40.485,18.18,18,7.376,3.18
2013.10.23_hela_gfp-lgn_rap1_stlc_fix-pfa_dapi_gfp_phalloidin_tubulin_spe-60x__cell-3,5,rap1_stlc,40.485,18.18,18.5,6.876,3.18
2013.10.23_hela_gfp-lgn_rap1_stlc_fix-pfa_dapi_gfp_phalloidin_tubulin_spe-60x__cell-3,5,rap1_stlc,40.485,18.18,19,6.675,3.18
2013.10.23_hela_gfp-lgn_rap1_stlc_fix-pfa_dapi_gfp_phalloidin_tubulin_spe-60x__cell-3,5,rap1_stlc,40.485,18.18,19.5,7.028,3.18
2013.10.23_hela_gfp-lgn_rap1_stlc_fix-pfa_dapi_gfp_phalloidin_tubulin_spe-60x__cell-4,6,rap1_stlc,43.835,54.433,0.5,79.362,3.06
2013.10.23_hela_gfp-lgn_rap1_stlc_fix-pfa_dapi_gfp_phalloidin_tubulin_spe-60x__cell-4,6,rap1_stlc,43.835,54.433,1,93.334,3.06
2013.10.23_hela_gfp-lgn_rap1_stlc_fix-pfa_dapi_gfp_phalloidin_tubulin_spe-60x__cell-4,6,rap1_stlc,43.835,54.433,1.5,106.574,3.06
2013.10.23_hela_gfp-lgn_rap1_stlc_fix-pfa_dapi_gfp_phalloidin_tubulin_spe-60x__cell-4,6,rap1_stlc,43.835,54.433,2,104.505,3.06
2013.10.23_hela_gfp-lgn_rap1_stlc_fix-pfa_dapi_gfp_phalloidin_tubulin_spe-60x__cell-4,6,rap1_stlc,43.835,54.433,2.5,96.715,3.06
2013.10.23_hela_gfp-lgn_rap1_stlc_fix-pfa_dapi_gfp_phalloidin_tubulin_spe-60x__cell-4,6,rap1_stlc,43.835,54.433,3,88.892,3.06
2013.10.23_hela_gfp-lgn_rap1_stlc_fix-pfa_dapi_gfp_phalloidin_tubulin_spe-60x__cell-4,6,rap1_stlc,43.835,54.433,3.5,80.963,3.06
2013.10.23_hela_gfp-lgn_rap1_stlc_fix-pfa_dapi_gfp_phalloidin_tubulin_spe-60x__cell-4,6,rap1_stlc,43.835,54.433,4,72.554,3.06
2013.10.23_hela_gfp-lgn_rap1_stlc_fix-pfa_dapi_gfp_phalloidin_tubulin_spe-60x__cell-4,6,rap1_stlc,43.835,54.433,4.5,63.609,3.06
2013.10.23_hela_gfp-lgn_rap1_stlc_fix-pfa_dapi_gfp_phalloidin_tubulin_spe-60x__cell-4,6,rap1_stlc,43.835,54.433,5,56.762,3.06
2013.10.23_hela_gfp-lgn_rap1_stlc_fix-pfa_dapi_gfp_phalloidin_tubulin_spe-60x__cell-4,6,rap1_stlc,43.835,54.433,5.5,51.928,3.06
2013.10.23_hela_gfp-lgn_rap1_stlc_fix-pfa_dapi_gfp_phalloidin_tubulin_spe-60x__cell-4,6,rap1_stlc,43.835,54.433,6,48.436,3.06
2013.10.23_hela_gfp-lgn_rap1_stlc_fix-pfa_dapi_gfp_phalloidin_tubulin_spe-60x__cell-4,6,rap1_stlc,43.835,54.433,6.5,45.445,3.06
2013.10.23_hela_gfp-lgn_rap1_stlc_fix-pfa_dapi_gfp_phalloidin_tubulin_spe-60x__cell-4,6,rap1_stlc,43.835,54.433,7,42.29,3.06
2013.10.23_hela_gfp-lgn_rap1_stlc_fix-pfa_dapi_gfp_phalloidin_tubulin_spe-60x__cell-4,6,rap1_stlc,43.835,54.433,7.5,38.401,3.06
2013.10.23_hela_gfp-lgn_rap1_stlc_fix-pfa_dapi_gfp_phalloidin_tubulin_spe-60x__cell-4,6,rap1_stlc,43.835,54.433,8,35.265,3.06
2013.10.23_hela_gfp-lgn_rap1_stlc_fix-pfa_dapi_gfp_phalloidin_tubulin_spe-60x__cell-4,6,rap1_stlc,43.835,54.433,8.5,31.184,3.06
2013.10.23_hela_gfp-lgn_rap1_stlc_fix-pfa_dapi_gfp_phalloidin_tubulin_spe-60x__cell-4,6,rap1_stlc,43.835,54.433,9,27.667,3.06
2013.10.23_hela_gfp-lgn_rap1_stlc_fix-pfa_dapi_gfp_phalloidin_tubulin_spe-60x__cell-4,6,rap1_stlc,43.835,54.433,9.5,24.405,3.06
2013.10.23_hela_gfp-lgn_rap1_stlc_fix-pfa_dapi_gfp_phalloidin_tubulin_spe-60x__cell-4,6,rap1_stlc,43.835,54.433,10,21.904,3.06
2013.10.23_hela_gfp-lgn_rap1_stlc_fix-pfa_dapi_gfp_phalloidin_tubulin_spe-60x__cell-4,6,rap1_stlc,43.835,54.433,10.5,20.121,3.06
2013.10.23_hela_gfp-lgn_rap1_stlc_fix-pfa_dapi_gfp_phalloidin_tubulin_spe-60x__cell-4,6,rap1_stlc,43.835,54.433,11,18.842,3.06
2013.10.23_hela_gfp-lgn_rap1_stlc_fix-pfa_dapi_gfp_phalloidin_tubulin_spe-60x__cell-4,6,rap1_stlc,43.835,54.433,11.5,17.126,3.06
2013.10.23_hela_gfp-lgn_rap1_stlc_fix-pfa_dapi_gfp_phalloidin_tubulin_spe-60x__cell-4,6,rap1_stlc,43.835,54.433,12,16.074,3.06
2013.10.23_hela_gfp-lgn_rap1_stlc_fix-pfa_dapi_gfp_phalloidin_tubulin_spe-60x__cell-4,6,rap1_stlc,43.835,54.433,12.5,15.427,3.06
2013.10.23_hela_gfp-lgn_rap1_stlc_fix-pfa_dapi_gfp_phalloidin_tubulin_spe-60x__cell-4,6,rap1_stlc,43.835,54.433,13,14.861,3.06
2013.10.23_hela_gfp-lgn_rap1_stlc_fix-pfa_dapi_gfp_phalloidin_tubulin_spe-60x__cell-4,6,rap1_stlc,43.835,54.433,13.5,14.244,3.06
2013.10.23_hela_gfp-lgn_rap1_stlc_fix-pfa_dapi_gfp_phalloidin_tubulin_spe-60x__cell-4,6,rap1_stlc,43.835,54.433,14,13.379,3.06
2013.10.23_hela_gfp-lgn_rap1_stlc_fix-pfa_dapi_gfp_phalloidin_tubulin_spe-60x__cell-4,6,rap1_stlc,43.835,54.433,14.5,12.58,3.06
2013.10.23_hela_gfp-lgn_rap1_stlc_fix-pfa_dapi_gfp_phalloidin_tubulin_spe-60x__cell-4,6,rap1_stlc,43.835,54.433,15,12.416,3.06
2013.10.23_hela_gfp-lgn_rap1_stlc_fix-pfa_dapi_gfp_phalloidin_tubulin_spe-60x__cell-4,6,rap1_stlc,43.835,54.433,15.5,12.161,3.06
2013.10.23_hela_gfp-lgn_rap1_stlc_fix-pfa_dapi_gfp_phalloidin_tubulin_spe-60x__cell-4,6,rap1_stlc,43.835,54.433,16,12.539,3.06
2013.10.23_hela_gfp-lgn_rap1_stlc_fix-pfa_dapi_gfp_phalloidin_tubulin_spe-60x__cell-4,6,rap1_stlc,43.835,54.433,16.5,13.165,3.06
2013.10.23_hela_gfp-lgn_rap1_stlc_fix-pfa_dapi_gfp_phalloidin_tubulin_spe-60x__cell-4,6,rap1_stlc,43.835,54.433,17,13.474,3.06
2013.10.23_hela_gfp-lgn_rap1_stlc_fix-pfa_dapi_gfp_phalloidin_tubulin_spe-60x__cell-4,6,rap1_stlc,43.835,54.433,17.5,13.384,3.06
2013.10.23_hela_gfp-lgn_rap1_stlc_fix-pfa_dapi_gfp_phalloidin_tubulin_spe-60x__cell-4,6,rap1_stlc,43.835,54.433,18,13.044,3.06
2013.10.23_hela_gfp-lgn_rap1_stlc_fix-pfa_dapi_gfp_phalloidin_tubulin_spe-60x__cell-4,6,rap1_stlc,43.835,54.433,18.5,12.835,3.06
2013.10.23_hela_gfp-lgn_rap1_stlc_fix-pfa_dapi_gfp_phalloidin_tubulin_spe-60x__cell-4,6,rap1_stlc,43.835,54.433,19,12.686,3.06
2013.10.23_hela_gfp-lgn_rap1_stlc_fix-pfa_dapi_gfp_phalloidin_tubulin_spe-60x__cell-4,6,rap1_stlc,43.835,54.433,19.5,12.994,3.06
2013.10.23_hela_gfp-lgn_rap1_stlc_fix-pfa_dapi_gfp_phalloidin_tubulin_spe-60x__cell-5,7,rap1_stlc,41.566,31.154,0.5,195.405,3.37
2013.10.23_hela_gfp-lgn_rap1_stlc_fix-pfa_dapi_gfp_phalloidin_tubulin_spe-60x__cell-5,7,rap1_stlc,41.566,31.154,1,219.355,3.37
2013.10.23_hela_gfp-lgn_rap1_stlc_fix-pfa_dapi_gfp_phalloidin_tubulin_spe-60x__cell-5,7,rap1_stlc,41.566,31.154,1.5,223.563,3.37
2013.10.23_hela_gfp-lgn_rap1_stlc_fix-pfa_dapi_gfp_phalloidin_tubulin_spe-60x__cell-5,7,rap1_stlc,41.566,31.154,2,200.141,3.37
2013.10.23_hela_gfp-lgn_rap1_stlc_fix-pfa_dapi_gfp_phalloidin_tubulin_spe-60x__cell-5,7,rap1_stlc,41.566,31.154,2.5,172.295,3.37
2013.10.23_hela_gfp-lgn_rap1_stlc_fix-pfa_dapi_gfp_phalloidin_tubulin_spe-60x__cell-5,7,rap1_stlc,41.566,31.154,3,155.298,3.37
2013.10.23_hela_gfp-lgn_rap1_stlc_fix-pfa_dapi_gfp_phalloidin_tubulin_spe-60x__cell-5,7,rap1_stlc,41.566,31.154,3.5,139.144,3.37
2013.10.23_hela_gfp-lgn_rap1_stlc_fix-pfa_dapi_gfp_phalloidin_tubulin_spe-60x__cell-5,7,rap1_stlc,41.566,31.154,4,122.938,3.37
2013.10.23_hela_gfp-lgn_rap1_stlc_fix-pfa_dapi_gfp_phalloidin_tubulin_spe-60x__cell-5,7,rap1_stlc,41.566,31.154,4.5,109.042,3.37
2013.10.23_hela_gfp-lgn_rap1_stlc_fix-pfa_dapi_gfp_phalloidin_tubulin_spe-60x__cell-5,7,rap1_stlc,41.566,31.154,5,97.793,3.37
2013.10.23_hela_gfp-lgn_rap1_stlc_fix-pfa_dapi_gfp_phalloidin_tubulin_spe-60x__cell-5,7,rap1_stlc,41.566,31.154,5.5,90.473,3.37
2013.10.23_hela_gfp-lgn_rap1_stlc_fix-pfa_dapi_gfp_phalloidin_tubulin_spe-60x__cell-5,7,rap1_stlc,41.566,31.154,6,83.513,3.37
2013.10.23_hela_gfp-lgn_rap1_stlc_fix-pfa_dapi_gfp_phalloidin_tubulin_spe-60x__cell-5,7,rap1_stlc,41.566,31.154,6.5,74.699,3.37
2013.10.23_hela_gfp-lgn_rap1_stlc_fix-pfa_dapi_gfp_phalloidin_tubulin_spe-60x__cell-5,7,rap1_stlc,41.566,31.154,7,67.395,3.37
2013.10.23_hela_gfp-lgn_rap1_stlc_fix-pfa_dapi_gfp_phalloidin_tubulin_spe-60x__cell-5,7,rap1_stlc,41.566,31.154,7.5,60.572,3.37
2013.10.23_hela_gfp-lgn_rap1_stlc_fix-pfa_dapi_gfp_phalloidin_tubulin_spe-60x__cell-5,7,rap1_stlc,41.566,31.154,8,54.449,3.37
2013.10.23_hela_gfp-lgn_rap1_stlc_fix-pfa_dapi_gfp_phalloidin_tubulin_spe-60x__cell-5,7,rap1_stlc,41.566,31.154,8.5,49.489,3.37
2013.10.23_hela_gfp-lgn_rap1_stlc_fix-pfa_dapi_gfp_phalloidin_tubulin_spe-60x__cell-5,7,rap1_stlc,41.566,31.154,9,46.415,3.37
2013.10.23_hela_gfp-lgn_rap1_stlc_fix-pfa_dapi_gfp_phalloidin_tubulin_spe-60x__cell-5,7,rap1_stlc,41.566,31.154,9.5,42.453,3.37
2013.10.23_hela_gfp-lgn_rap1_stlc_fix-pfa_dapi_gfp_phalloidin_tubulin_spe-60x__cell-5,7,rap1_stlc,41.566,31.154,10,38.753,3.37
2013.10.23_hela_gfp-lgn_rap1_stlc_fix-pfa_dapi_gfp_phalloidin_tubulin_spe-60x__cell-5,7,rap1_stlc,41.566,31.154,10.5,35.112,3.37
2013.10.23_hela_gfp-lgn_rap1_stlc_fix-pfa_dapi_gfp_phalloidin_tubulin_spe-60x__cell-5,7,rap1_stlc,41.566,31.154,11,31.391,3.37
2013.10.23_hela_gfp-lgn_rap1_stlc_fix-pfa_dapi_gfp_phalloidin_tubulin_spe-60x__cell-5,7,rap1_stlc,41.566,31.154,11.5,27.141,3.37
2013.10.23_hela_gfp-lgn_rap1_stlc_fix-pfa_dapi_gfp_phalloidin_tubulin_spe-60x__cell-5,7,rap1_stlc,41.566,31.154,12,23.849,3.37
2013.10.23_hela_gfp-lgn_rap1_stlc_fix-pfa_dapi_gfp_phalloidin_tubulin_spe-60x__cell-5,7,rap1_stlc,41.566,31.154,12.5,20.678,3.37
2013.10.23_hela_gfp-lgn_rap1_stlc_fix-pfa_dapi_gfp_phalloidin_tubulin_spe-60x__cell-5,7,rap1_stlc,41.566,31.154,13,18.986,3.37
2013.10.23_hela_gfp-lgn_rap1_stlc_fix-pfa_dapi_gfp_phalloidin_tubulin_spe-60x__cell-5,7,rap1_stlc,41.566,31.154,13.5,17.04,3.37
2013.10.23_hela_gfp-lgn_rap1_stlc_fix-pfa_dapi_gfp_phalloidin_tubulin_spe-60x__cell-5,7,rap1_stlc,41.566,31.154,14,15.345,3.37
2013.10.23_hela_gfp-lgn_rap1_stlc_fix-pfa_dapi_gfp_phalloidin_tubulin_spe-60x__cell-5,7,rap1_stlc,41.566,31.154,14.5,13.846,3.37
2013.10.23_hela_gfp-lgn_rap1_stlc_fix-pfa_dapi_gfp_phalloidin_tubulin_spe-60x__cell-5,7,rap1_stlc,41.566,31.154,15,13.059,3.37
2013.10.23_hela_gfp-lgn_rap1_stlc_fix-pfa_dapi_gfp_phalloidin_tubulin_spe-60x__cell-5,7,rap1_stlc,41.566,31.154,15.5,12.859,3.37
2013.10.23_hela_gfp-lgn_rap1_stlc_fix-pfa_dapi_gfp_phalloidin_tubulin_spe-60x__cell-5,7,rap1_stlc,41.566,31.154,16,12.872,3.37
2013.10.23_hela_gfp-lgn_rap1_stlc_fix-pfa_dapi_gfp_phalloidin_tubulin_spe-60x__cell-5,7,rap1_stlc,41.566,31.154,16.5,13.049,3.37
2013.10.23_hela_gfp-lgn_rap1_stlc_fix-pfa_dapi_gfp_phalloidin_tubulin_spe-60x__cell-5,7,rap1_stlc,41.566,31.154,17,13.172,3.37
2013.10.23_hela_gfp-lgn_rap1_stlc_fix-pfa_dapi_gfp_phalloidin_tubulin_spe-60x__cell-5,7,rap1_stlc,41.566,31.154,17.5,13.505,3.37
2013.10.23_hela_gfp-lgn_rap1_stlc_fix-pfa_dapi_gfp_phalloidin_tubulin_spe-60x__cell-5,7,rap1_stlc,41.566,31.154,18,13.764,3.37
2013.10.23_hela_gfp-lgn_rap1_stlc_fix-pfa_dapi_gfp_phalloidin_tubulin_spe-60x__cell-5,7,rap1_stlc,41.566,31.154,18.5,14.463,3.37
2013.10.23_hela_gfp-lgn_rap1_stlc_fix-pfa_dapi_gfp_phalloidin_tubulin_spe-60x__cell-5,7,rap1_stlc,41.566,31.154,19,15.236,3.37
2013.10.23_hela_gfp-lgn_rap1_stlc_fix-pfa_dapi_gfp_phalloidin_tubulin_spe-60x__cell-5,7,rap1_stlc,41.566,31.154,19.5,16.715,3.37
2013.10.23_hela_gfp-lgn_rap1_stlc_fix-pfa_dapi_gfp_phalloidin_tubulin_spe-60x__cell-6,8,rap1_stlc,53.259,55.181,0.5,201.145,3.37
2013.10.23_hela_gfp-lgn_rap1_stlc_fix-pfa_dapi_gfp_phalloidin_tubulin_spe-60x__cell-6,8,rap1_stlc,53.259,55.181,1,217.362,3.37
2013.10.23_hela_gfp-lgn_rap1_stlc_fix-pfa_dapi_gfp_phalloidin_tubulin_spe-60x__cell-6,8,rap1_stlc,53.259,55.181,1.5,210.996,3.37
2013.10.23_hela_gfp-lgn_rap1_stlc_fix-pfa_dapi_gfp_phalloidin_tubulin_spe-60x__cell-6,8,rap1_stlc,53.259,55.181,2,182.53,3.37
2013.10.23_hela_gfp-lgn_rap1_stlc_fix-pfa_dapi_gfp_phalloidin_tubulin_spe-60x__cell-6,8,rap1_stlc,53.259,55.181,2.5,155.885,3.37
2013.10.23_hela_gfp-lgn_rap1_stlc_fix-pfa_dapi_gfp_phalloidin_tubulin_spe-60x__cell-6,8,rap1_stlc,53.259,55.181,3,137.942,3.37
2013.10.23_hela_gfp-lgn_rap1_stlc_fix-pfa_dapi_gfp_phalloidin_tubulin_spe-60x__cell-6,8,rap1_stlc,53.259,55.181,3.5,119.051,3.37
2013.10.23_hela_gfp-lgn_rap1_stlc_fix-pfa_dapi_gfp_phalloidin_tubulin_spe-60x__cell-6,8,rap1_stlc,53.259,55.181,4,102.808,3.37
2013.10.23_hela_gfp-lgn_rap1_stlc_fix-pfa_dapi_gfp_phalloidin_tubulin_spe-60x__cell-6,8,rap1_stlc,53.259,55.181,4.5,92.33,3.37
2013.10.23_hela_gfp-lgn_rap1_stlc_fix-pfa_dapi_gfp_phalloidin_tubulin_spe-60x__cell-6,8,rap1_stlc,53.259,55.181,5,84.106,3.37
2013.10.23_hela_gfp-lgn_rap1_stlc_fix-pfa_dapi_gfp_phalloidin_tubulin_spe-60x__cell-6,8,rap1_stlc,53.259,55.181,5.5,75.421,3.37
2013.10.23_hela_gfp-lgn_rap1_stlc_fix-pfa_dapi_gfp_phalloidin_tubulin_spe-60x__cell-6,8,rap1_stlc,53.259,55.181,6,68.089,3.37
2013.10.23_hela_gfp-lgn_rap1_stlc_fix-pfa_dapi_gfp_phalloidin_tubulin_spe-60x__cell-6,8,rap1_stlc,53.259,55.181,6.5,60.179,3.37
2013.10.23_hela_gfp-lgn_rap1_stlc_fix-pfa_dapi_gfp_phalloidin_tubulin_spe-60x__cell-6,8,rap1_stlc,53.259,55.181,7,53.593,3.37
2013.10.23_hela_gfp-lgn_rap1_stlc_fix-pfa_dapi_gfp_phalloidin_tubulin_spe-60x__cell-6,8,rap1_stlc,53.259,55.181,7.5,48.559,3.37
2013.10.23_hela_gfp-lgn_rap1_stlc_fix-pfa_dapi_gfp_phalloidin_tubulin_spe-60x__cell-6,8,rap1_stlc,53.259,55.181,8,44.428,3.37
2013.10.23_hela_gfp-lgn_rap1_stlc_fix-pfa_dapi_gfp_phalloidin_tubulin_spe-60x__cell-6,8,rap1_stlc,53.259,55.181,8.5,40.642,3.37
2013.10.23_hela_gfp-lgn_rap1_stlc_fix-pfa_dapi_gfp_phalloidin_tubulin_spe-60x__cell-6,8,rap1_stlc,53.259,55.181,9,37.159,3.37
2013.10.23_hela_gfp-lgn_rap1_stlc_fix-pfa_dapi_gfp_phalloidin_tubulin_spe-60x__cell-6,8,rap1_stlc,53.259,55.181,9.5,33.576,3.37
2013.10.23_hela_gfp-lgn_rap1_stlc_fix-pfa_dapi_gfp_phalloidin_tubulin_spe-60x__cell-6,8,rap1_stlc,53.259,55.181,10,31.304,3.37
2013.10.23_hela_gfp-lgn_rap1_stlc_fix-pfa_dapi_gfp_phalloidin_tubulin_spe-60x__cell-6,8,rap1_stlc,53.259,55.181,10.5,29.718,3.37
2013.10.23_hela_gfp-lgn_rap1_stlc_fix-pfa_dapi_gfp_phalloidin_tubulin_spe-60x__cell-6,8,rap1_stlc,53.259,55.181,11,28.361,3.37
2013.10.23_hela_gfp-lgn_rap1_stlc_fix-pfa_dapi_gfp_phalloidin_tubulin_spe-60x__cell-6,8,rap1_stlc,53.259,55.181,11.5,27.047,3.37
2013.10.23_hela_gfp-lgn_rap1_stlc_fix-pfa_dapi_gfp_phalloidin_tubulin_spe-60x__cell-6,8,rap1_stlc,53.259,55.181,12,26.909,3.37
2013.10.23_hela_gfp-lgn_rap1_stlc_fix-pfa_dapi_gfp_phalloidin_tubulin_spe-60x__cell-6,8,rap1_stlc,53.259,55.181,12.5,26.494,3.37
2013.10.23_hela_gfp-lgn_rap1_stlc_fix-pfa_dapi_gfp_phalloidin_tubulin_spe-60x__cell-6,8,rap1_stlc,53.259,55.181,13,26.421,3.37
2013.10.23_hela_gfp-lgn_rap1_stlc_fix-pfa_dapi_gfp_phalloidin_tubulin_spe-60x__cell-6,8,rap1_stlc,53.259,55.181,13.5,26.831,3.37
2013.10.23_hela_gfp-lgn_rap1_stlc_fix-pfa_dapi_gfp_phalloidin_tubulin_spe-60x__cell-6,8,rap1_stlc,53.259,55.181,14,26.893,3.37
2013.10.23_hela_gfp-lgn_rap1_stlc_fix-pfa_dapi_gfp_phalloidin_tubulin_spe-60x__cell-6,8,rap1_stlc,53.259,55.181,14.5,26.544,3.37
2013.10.23_hela_gfp-lgn_rap1_stlc_fix-pfa_dapi_gfp_phalloidin_tubulin_spe-60x__cell-6,8,rap1_stlc,53.259,55.181,15,26.514,3.37
2013.10.23_hela_gfp-lgn_rap1_stlc_fix-pfa_dapi_gfp_phalloidin_tubulin_spe-60x__cell-6,8,rap1_stlc,53.259,55.181,15.5,26.373,3.37
2013.10.23_hela_gfp-lgn_rap1_stlc_fix-pfa_dapi_gfp_phalloidin_tubulin_spe-60x__cell-6,8,rap1_stlc,53.259,55.181,16,26.526,3.37
2013.10.23_hela_gfp-lgn_rap1_stlc_fix-pfa_dapi_gfp_phalloidin_tubulin_spe-60x__cell-6,8,rap1_stlc,53.259,55.181,16.5,28.532,3.37
2013.10.23_hela_gfp-lgn_rap1_stlc_fix-pfa_dapi_gfp_phalloidin_tubulin_spe-60x__cell-6,8,rap1_stlc,53.259,55.181,17,30.547,3.37
2013.10.23_hela_gfp-lgn_rap1_stlc_fix-pfa_dapi_gfp_phalloidin_tubulin_spe-60x__cell-6,8,rap1_stlc,53.259,55.181,17.5,33.071,3.37
2013.10.23_hela_gfp-lgn_rap1_stlc_fix-pfa_dapi_gfp_phalloidin_tubulin_spe-60x__cell-6,8,rap1_stlc,53.259,55.181,18,34.726,3.37
2013.10.23_hela_gfp-lgn_rap1_stlc_fix-pfa_dapi_gfp_phalloidin_tubulin_spe-60x__cell-6,8,rap1_stlc,53.259,55.181,18.5,37.67,3.37
2013.10.23_hela_gfp-lgn_rap1_stlc_fix-pfa_dapi_gfp_phalloidin_tubulin_spe-60x__cell-6,8,rap1_stlc,53.259,55.181,19,38.838,3.37
2013.10.23_hela_gfp-lgn_rap1_stlc_fix-pfa_dapi_gfp_phalloidin_tubulin_spe-60x__cell-6,8,rap1_stlc,53.259,55.181,19.5,39.142,3.37