ID,Cell_Number,Treatment,X_0,Y_0,X,Y,Length
2013.09.06_hela_gfp-lgn_rap1_dmso-nocodazole-stlc_fix-pfa_dapi_gfp_phalloidin_tubulin_spe-60x__cell-1,1,rap1_stlc,37.241,36.34,35.98,20.483,15.90706038
2013.09.06_hela_gfp-lgn_rap1_dmso-nocodazole-stlc_fix-pfa_dapi_gfp_phalloidin_tubulin_spe-60x__cell-1,1,rap1_stlc,37.241,36.34,37.481,20.843,15.49885831
2013.09.06_hela_gfp-lgn_rap1_dmso-nocodazole-stlc_fix-pfa_dapi_gfp_phalloidin_tubulin_spe-60x__cell-1,1,rap1_stlc,37.241,36.34,37.001,22.405,13.93706659
2013.09.06_hela_gfp-lgn_rap1_dmso-nocodazole-stlc_fix-pfa_dapi_gfp_phalloidin_tubulin_spe-60x__cell-1,1,rap1_stlc,37.241,36.34,36.34,19.461,16.90303056
2013.09.06_hela_gfp-lgn_rap1_dmso-nocodazole-stlc_fix-pfa_dapi_gfp_phalloidin_tubulin_spe-60x__cell-1,1,rap1_stlc,37.241,36.34,38.022,23.005,13.3578511
2013.09.06_hela_gfp-lgn_rap1_dmso-nocodazole-stlc_fix-pfa_dapi_gfp_phalloidin_tubulin_spe-60x__cell-1,1,rap1_stlc,37.241,36.34,38.503,27.691,8.740586079
2013.09.06_hela_gfp-lgn_rap1_dmso-nocodazole-stlc_fix-pfa_dapi_gfp_phalloidin_tubulin_spe-60x__cell-1,1,rap1_stlc,37.241,36.34,40.184,26.79,9.993185128
2013.09.06_hela_gfp-lgn_rap1_dmso-nocodazole-stlc_fix-pfa_dapi_gfp_phalloidin_tubulin_spe-60x__cell-1,1,rap1_stlc,37.241,36.34,38.623,24.928,11.49537594
2013.09.06_hela_gfp-lgn_rap1_dmso-nocodazole-stlc_fix-pfa_dapi_gfp_phalloidin_tubulin_spe-60x__cell-1,1,rap1_stlc,37.241,36.34,39.464,23.726,12.80838495
2013.09.06_hela_gfp-lgn_rap1_dmso-nocodazole-stlc_fix-pfa_dapi_gfp_phalloidin_tubulin_spe-60x__cell-1,1,rap1_stlc,37.241,36.34,44.87,26.069,12.79433789
2013.09.06_hela_gfp-lgn_rap1_dmso-nocodazole-stlc_fix-pfa_dapi_gfp_phalloidin_tubulin_spe-60x__cell-1,1,rap1_stlc,37.241,36.34,40.305,30.874,6.266199167
2013.09.06_hela_gfp-lgn_rap1_dmso-nocodazole-stlc_fix-pfa_dapi_gfp_phalloidin_tubulin_spe-60x__cell-1,1,rap1_stlc,37.241,36.34,46.131,27.931,12.2369678
2013.09.06_hela_gfp-lgn_rap1_dmso-nocodazole-stlc_fix-pfa_dapi_gfp_phalloidin_tubulin_spe-60x__cell-1,1,rap1_stlc,37.241,36.34,46.251,28.592,11.88324888
2013.09.06_hela_gfp-lgn_rap1_dmso-nocodazole-stlc_fix-pfa_dapi_gfp_phalloidin_tubulin_spe-60x__cell-1,1,rap1_stlc,37.241,36.34,46.191,30.514,10.67917487
2013.09.06_hela_gfp-lgn_rap1_dmso-nocodazole-stlc_fix-pfa_dapi_gfp_phalloidin_tubulin_spe-60x__cell-1,1,rap1_stlc,37.241,36.34,43.668,31.775,7.883245144
2013.09.06_hela_gfp-lgn_rap1_dmso-nocodazole-stlc_fix-pfa_dapi_gfp_phalloidin_tubulin_spe-60x__cell-1,1,rap1_stlc,37.241,36.34,43.188,33.397,6.635364195
2013.09.06_hela_gfp-lgn_rap1_dmso-nocodazole-stlc_fix-pfa_dapi_gfp_phalloidin_tubulin_spe-60x__cell-1,1,rap1_stlc,37.241,36.34,46.011,31.895,9.832137357
2013.09.06_hela_gfp-lgn_rap1_dmso-nocodazole-stlc_fix-pfa_dapi_gfp_phalloidin_tubulin_spe-60x__cell-1,1,rap1_stlc,37.241,36.34,45.23,34.118,8.292249695
2013.09.06_hela_gfp-lgn_rap1_dmso-nocodazole-stlc_fix-pfa_dapi_gfp_phalloidin_tubulin_spe-60x__cell-1,1,rap1_stlc,37.241,36.34,46.551,35.379,9.359466919
2013.09.06_hela_gfp-lgn_rap1_dmso-nocodazole-stlc_fix-pfa_dapi_gfp_phalloidin_tubulin_spe-60x__cell-1,1,rap1_stlc,37.241,36.34,46.191,36.64,8.955026521
2013.09.06_hela_gfp-lgn_rap1_dmso-nocodazole-stlc_fix-pfa_dapi_gfp_phalloidin_tubulin_spe-60x__cell-1,1,rap1_stlc,37.241,36.34,44.749,38.803,7.901672798
2013.09.06_hela_gfp-lgn_rap1_dmso-nocodazole-stlc_fix-pfa_dapi_gfp_phalloidin_tubulin_spe-60x__cell-1,1,rap1_stlc,37.241,36.34,45.951,38.743,9.03540309
2013.09.06_hela_gfp-lgn_rap1_dmso-nocodazole-stlc_fix-pfa_dapi_gfp_phalloidin_tubulin_spe-60x__cell-1,1,rap1_stlc,37.241,36.34,45.59,38.262,8.567373285
2013.09.06_hela_gfp-lgn_rap1_dmso-nocodazole-stlc_fix-pfa_dapi_gfp_phalloidin_tubulin_spe-60x__cell-1,1,rap1_stlc,37.241,36.34,42.887,39.283,6.366990262
2013.09.06_hela_gfp-lgn_rap1_dmso-nocodazole-stlc_fix-pfa_dapi_gfp_phalloidin_tubulin_spe-60x__cell-1,1,rap1_stlc,37.241,36.34,45.11,40.004,8.680210654
2013.09.06_hela_gfp-lgn_rap1_dmso-nocodazole-stlc_fix-pfa_dapi_gfp_phalloidin_tubulin_spe-60x__cell-1,1,rap1_stlc,37.241,36.34,44.509,40.485,8.366890043
2013.09.06_hela_gfp-lgn_rap1_dmso-nocodazole-stlc_fix-pfa_dapi_gfp_phalloidin_tubulin_spe-60x__cell-1,1,rap1_stlc,37.241,36.34,44.87,41.626,9.281348878
2013.09.06_hela_gfp-lgn_rap1_dmso-nocodazole-stlc_fix-pfa_dapi_gfp_phalloidin_tubulin_spe-60x__cell-1,1,rap1_stlc,37.241,36.34,43.548,42.407,8.751384919
2013.09.06_hela_gfp-lgn_rap1_dmso-nocodazole-stlc_fix-pfa_dapi_gfp_phalloidin_tubulin_spe-60x__cell-1,1,rap1_stlc,37.241,36.34,43.788,37.301,6.617154222
2013.09.06_hela_gfp-lgn_rap1_dmso-nocodazole-stlc_fix-pfa_dapi_gfp_phalloidin_tubulin_spe-60x__cell-1,1,rap1_stlc,37.241,36.34,40.725,43.668,8.114052009
2013.09.06_hela_gfp-lgn_rap1_dmso-nocodazole-stlc_fix-pfa_dapi_gfp_phalloidin_tubulin_spe-60x__cell-1,1,rap1_stlc,37.241,36.34,38.983,44.149,8.000940257
2013.09.06_hela_gfp-lgn_rap1_dmso-nocodazole-stlc_fix-pfa_dapi_gfp_phalloidin_tubulin_spe-60x__cell-1,1,rap1_stlc,37.241,36.34,41.926,42.587,7.808600003
2013.09.06_hela_gfp-lgn_rap1_dmso-nocodazole-stlc_fix-pfa_dapi_gfp_phalloidin_tubulin_spe-60x__cell-1,1,rap1_stlc,37.241,36.34,36.701,47.092,10.76555173
2013.09.06_hela_gfp-lgn_rap1_dmso-nocodazole-stlc_fix-pfa_dapi_gfp_phalloidin_tubulin_spe-60x__cell-1,1,rap1_stlc,37.241,36.34,37.782,47.813,11.48574813
2013.09.06_hela_gfp-lgn_rap1_dmso-nocodazole-stlc_fix-pfa_dapi_gfp_phalloidin_tubulin_spe-60x__cell-1,1,rap1_stlc,37.241,36.34,33.277,44.99,9.515030005
2013.09.06_hela_gfp-lgn_rap1_dmso-nocodazole-stlc_fix-pfa_dapi_gfp_phalloidin_tubulin_spe-60x__cell-1,1,rap1_stlc,37.241,36.34,33.337,48.353,12.6314443
2013.09.06_hela_gfp-lgn_rap1_dmso-nocodazole-stlc_fix-pfa_dapi_gfp_phalloidin_tubulin_spe-60x__cell-1,1,rap1_stlc,37.241,36.34,34.358,42.827,7.098792714
2013.09.06_hela_gfp-lgn_rap1_dmso-nocodazole-stlc_fix-pfa_dapi_gfp_phalloidin_tubulin_spe-60x__cell-1,1,rap1_stlc,37.241,36.34,37.782,42.527,6.210607861
2013.09.06_hela_gfp-lgn_rap1_dmso-nocodazole-stlc_fix-pfa_dapi_gfp_phalloidin_tubulin_spe-60x__cell-1,1,rap1_stlc,37.241,36.34,36.941,43.068,6.734685145
2013.09.06_hela_gfp-lgn_rap1_dmso-nocodazole-stlc_fix-pfa_dapi_gfp_phalloidin_tubulin_spe-60x__cell-1,1,rap1_stlc,37.241,36.34,31.835,46.131,11.18429779
2013.09.06_hela_gfp-lgn_rap1_dmso-nocodazole-stlc_fix-pfa_dapi_gfp_phalloidin_tubulin_spe-60x__cell-1,1,rap1_stlc,37.241,36.34,31.174,45.59,11.06214215
2013.09.06_hela_gfp-lgn_rap1_dmso-nocodazole-stlc_fix-pfa_dapi_gfp_phalloidin_tubulin_spe-60x__cell-1,1,rap1_stlc,37.241,36.34,28.652,44.269,11.68930973
2013.09.06_hela_gfp-lgn_rap1_dmso-nocodazole-stlc_fix-pfa_dapi_gfp_phalloidin_tubulin_spe-60x__cell-1,1,rap1_stlc,37.241,36.34,30.994,43.428,9.448002593
2013.09.06_hela_gfp-lgn_rap1_dmso-nocodazole-stlc_fix-pfa_dapi_gfp_phalloidin_tubulin_spe-60x__cell-1,1,rap1_stlc,37.241,36.34,30.514,42.947,9.428943631
2013.09.06_hela_gfp-lgn_rap1_dmso-nocodazole-stlc_fix-pfa_dapi_gfp_phalloidin_tubulin_spe-60x__cell-1,1,rap1_stlc,37.241,36.34,29.553,42.167,9.646723433
2013.09.06_hela_gfp-lgn_rap1_dmso-nocodazole-stlc_fix-pfa_dapi_gfp_phalloidin_tubulin_spe-60x__cell-1,1,rap1_stlc,37.241,36.34,29.312,40.785,9.089943124
2013.09.06_hela_gfp-lgn_rap1_dmso-nocodazole-stlc_fix-pfa_dapi_gfp_phalloidin_tubulin_spe-60x__cell-1,1,rap1_stlc,37.241,36.34,28.351,40.184,9.685475517
2013.09.06_hela_gfp-lgn_rap1_dmso-nocodazole-stlc_fix-pfa_dapi_gfp_phalloidin_tubulin_spe-60x__cell-1,1,rap1_stlc,37.241,36.34,27.33,39.824,10.50553078
2013.09.06_hela_gfp-lgn_rap1_dmso-nocodazole-stlc_fix-pfa_dapi_gfp_phalloidin_tubulin_spe-60x__cell-1,1,rap1_stlc,37.241,36.34,26.669,39.103,10.92709261
2013.09.06_hela_gfp-lgn_rap1_dmso-nocodazole-stlc_fix-pfa_dapi_gfp_phalloidin_tubulin_spe-60x__cell-1,1,rap1_stlc,37.241,36.34,26.069,38.262,11.33612226
2013.09.06_hela_gfp-lgn_rap1_dmso-nocodazole-stlc_fix-pfa_dapi_gfp_phalloidin_tubulin_spe-60x__cell-1,1,rap1_stlc,37.241,36.34,25.228,34.778,12.11412452
2013.09.06_hela_gfp-lgn_rap1_dmso-nocodazole-stlc_fix-pfa_dapi_gfp_phalloidin_tubulin_spe-60x__cell-1,1,rap1_stlc,37.241,36.34,26.669,34.959,10.66181715
2013.09.06_hela_gfp-lgn_rap1_dmso-nocodazole-stlc_fix-pfa_dapi_gfp_phalloidin_tubulin_spe-60x__cell-1,1,rap1_stlc,37.241,36.34,24.027,26.429,16.5178
2013.09.06_hela_gfp-lgn_rap1_dmso-nocodazole-stlc_fix-pfa_dapi_gfp_phalloidin_tubulin_spe-60x__cell-1,1,rap1_stlc,37.241,36.34,27.811,31.235,10.72314902
2013.09.06_hela_gfp-lgn_rap1_dmso-nocodazole-stlc_fix-pfa_dapi_gfp_phalloidin_tubulin_spe-60x__cell-1,1,rap1_stlc,37.241,36.34,27.33,31.775,10.91178931
2013.09.06_hela_gfp-lgn_rap1_dmso-nocodazole-stlc_fix-pfa_dapi_gfp_phalloidin_tubulin_spe-60x__cell-1,1,rap1_stlc,37.241,36.34,24.327,32.436,13.49120499
2013.09.06_hela_gfp-lgn_rap1_dmso-nocodazole-stlc_fix-pfa_dapi_gfp_phalloidin_tubulin_spe-60x__cell-1,1,rap1_stlc,37.241,36.34,25.588,32.916,12.14562411
2013.09.06_hela_gfp-lgn_rap1_dmso-nocodazole-stlc_fix-pfa_dapi_gfp_phalloidin_tubulin_spe-60x__cell-1,1,rap1_stlc,37.241,36.34,26.369,27.751,13.85537098
2013.09.06_hela_gfp-lgn_rap1_dmso-nocodazole-stlc_fix-pfa_dapi_gfp_phalloidin_tubulin_spe-60x__cell-1,1,rap1_stlc,37.241,36.34,28.471,28.652,11.66268597
2013.09.06_hela_gfp-lgn_rap1_dmso-nocodazole-stlc_fix-pfa_dapi_gfp_phalloidin_tubulin_spe-60x__cell-1,1,rap1_stlc,37.241,36.34,31.114,30.754,8.29117151
2013.09.06_hela_gfp-lgn_rap1_dmso-nocodazole-stlc_fix-pfa_dapi_gfp_phalloidin_tubulin_spe-60x__cell-1,1,rap1_stlc,37.241,36.34,31.535,29.553,8.866893763
2013.09.06_hela_gfp-lgn_rap1_dmso-nocodazole-stlc_fix-pfa_dapi_gfp_phalloidin_tubulin_spe-60x__cell-1,1,rap1_stlc,37.241,36.34,31.295,28.592,9.766597156
2013.09.06_hela_gfp-lgn_rap1_dmso-nocodazole-stlc_fix-pfa_dapi_gfp_phalloidin_tubulin_spe-60x__cell-1,1,rap1_stlc,37.241,36.34,30.033,26.549,12.15808147
2013.09.06_hela_gfp-lgn_rap1_dmso-nocodazole-stlc_fix-pfa_dapi_gfp_phalloidin_tubulin_spe-60x__cell-1,1,rap1_stlc,37.241,36.34,32.015,26.489,11.15138005
2013.09.06_hela_gfp-lgn_rap1_dmso-nocodazole-stlc_fix-pfa_dapi_gfp_phalloidin_tubulin_spe-60x__cell-1,1,rap1_stlc,37.241,36.34,32.616,26.189,11.15497315
2013.09.06_hela_gfp-lgn_rap1_dmso-nocodazole-stlc_fix-pfa_dapi_gfp_phalloidin_tubulin_spe-60x__cell-1,1,rap1_stlc,37.241,36.34,32.676,24.327,12.85112423
2013.09.06_hela_gfp-lgn_rap1_dmso-nocodazole-stlc_fix-pfa_dapi_gfp_phalloidin_tubulin_spe-60x__cell-1,1,rap1_stlc,37.241,36.34,31.895,18.02,19.08408017
2013.09.06_hela_gfp-lgn_rap1_dmso-nocodazole-stlc_fix-pfa_dapi_gfp_phalloidin_tubulin_spe-60x__cell-1,1,rap1_stlc,37.241,36.34,31.174,22.525,15.08849608
2013.09.06_hela_gfp-lgn_rap1_dmso-nocodazole-stlc_fix-pfa_dapi_gfp_phalloidin_tubulin_spe-60x__cell-1,1,rap1_stlc,37.241,36.34,30.273,23.906,14.25332873
2013.09.06_hela_gfp-lgn_rap1_dmso-nocodazole-stlc_fix-pfa_dapi_gfp_phalloidin_tubulin_spe-60x__cell-1,1,rap1_stlc,37.241,36.34,33.817,22.645,14.11654352
2013.09.06_hela_gfp-lgn_rap1_dmso-nocodazole-stlc_fix-pfa_dapi_gfp_phalloidin_tubulin_spe-60x__cell-1,1,rap1_stlc,37.241,36.34,33.937,26.129,10.73223821
2013.09.06_hela_gfp-lgn_rap1_dmso-nocodazole-stlc_fix-pfa_dapi_gfp_phalloidin_tubulin_spe-60x__cell-1,1,rap1_stlc,37.241,36.34,35.679,27.27,9.203518023
2013.09.06_hela_gfp-lgn_rap1_dmso-nocodazole-stlc_fix-pfa_dapi_gfp_phalloidin_tubulin_spe-60x__cell-1,1,rap1_stlc,37.241,36.34,28.892,39.343,8.872643913
2013.09.06_hela_gfp-lgn_rap1_dmso-nocodazole-stlc_fix-pfa_dapi_gfp_phalloidin_tubulin_spe-60x__cell-1,1,rap1_stlc,37.241,36.34,28.471,38.623,9.062283873
2013.09.06_hela_gfp-lgn_rap1_dmso-nocodazole-stlc_fix-pfa_dapi_gfp_phalloidin_tubulin_spe-60x__cell-1,1,rap1_stlc,37.241,36.34,26.429,37.421,10.86590562
2013.09.06_hela_gfp-lgn_rap1_dmso-nocodazole-stlc_fix-pfa_dapi_gfp_phalloidin_tubulin_spe-60x__cell-1,1,rap1_stlc,37.241,36.34,25.288,36.4,11.95315059
2013.09.06_hela_gfp-lgn_rap1_dmso-nocodazole-stlc_fix-pfa_dapi_gfp_phalloidin_tubulin_spe-60x__cell-1,1,rap1_stlc,37.241,36.34,22.765,28.231,16.59248194
2013.09.06_hela_gfp-lgn_rap1_dmso-nocodazole-stlc_fix-pfa_dapi_gfp_phalloidin_tubulin_spe-60x__cell-1,1,rap1_stlc,37.241,36.34,42.527,32.496,6.535910954
2013.09.06_hela_gfp-lgn_rap1_dmso-nocodazole-stlc_fix-pfa_dapi_gfp_phalloidin_tubulin_spe-60x__cell-1,1,rap1_stlc,37.241,36.34,28.471,37.061,8.799587547
2013.09.06_hela_gfp-lgn_rap1_dmso-nocodazole-stlc_fix-pfa_dapi_gfp_phalloidin_tubulin_spe-60x__cell-2,2,rap1_stlc,45.33,38.336,42.554,23.172,15.41600052
2013.09.06_hela_gfp-lgn_rap1_dmso-nocodazole-stlc_fix-pfa_dapi_gfp_phalloidin_tubulin_spe-60x__cell-2,2,rap1_stlc,45.33,38.336,47.145,27.23,11.25333111
2013.09.06_hela_gfp-lgn_rap1_dmso-nocodazole-stlc_fix-pfa_dapi_gfp_phalloidin_tubulin_spe-60x__cell-2,2,rap1_stlc,45.33,38.336,45.864,31.875,6.483029924
2013.09.06_hela_gfp-lgn_rap1_dmso-nocodazole-stlc_fix-pfa_dapi_gfp_phalloidin_tubulin_spe-60x__cell-2,2,rap1_stlc,45.33,38.336,49.281,26.216,12.74773709
2013.09.06_hela_gfp-lgn_rap1_dmso-nocodazole-stlc_fix-pfa_dapi_gfp_phalloidin_tubulin_spe-60x__cell-2,2,rap1_stlc,45.33,38.336,49.495,29.419,9.841753604
2013.09.06_hela_gfp-lgn_rap1_dmso-nocodazole-stlc_fix-pfa_dapi_gfp_phalloidin_tubulin_spe-60x__cell-2,2,rap1_stlc,45.33,38.336,50.082,28.672,10.7691411
2013.09.06_hela_gfp-lgn_rap1_dmso-nocodazole-stlc_fix-pfa_dapi_gfp_phalloidin_tubulin_spe-60x__cell-2,2,rap1_stlc,45.33,38.336,51.844,27.23,12.87538085
2013.09.06_hela_gfp-lgn_rap1_dmso-nocodazole-stlc_fix-pfa_dapi_gfp_phalloidin_tubulin_spe-60x__cell-2,2,rap1_stlc,45.33,38.336,47.733,30.487,8.20860585
2013.09.06_hela_gfp-lgn_rap1_dmso-nocodazole-stlc_fix-pfa_dapi_gfp_phalloidin_tubulin_spe-60x__cell-2,2,rap1_stlc,45.33,38.336,47.412,29.846,8.741557298
2013.09.06_hela_gfp-lgn_rap1_dmso-nocodazole-stlc_fix-pfa_dapi_gfp_phalloidin_tubulin_spe-60x__cell-2,2,rap1_stlc,45.33,38.336,50.402,32.035,8.08874434
2013.09.06_hela_gfp-lgn_rap1_dmso-nocodazole-stlc_fix-pfa_dapi_gfp_phalloidin_tubulin_spe-60x__cell-2,2,rap1_stlc,45.33,38.336,51.31,29.739,10.47228767
2013.09.06_hela_gfp-lgn_rap1_dmso-nocodazole-stlc_fix-pfa_dapi_gfp_phalloidin_tubulin_spe-60x__cell-2,2,rap1_stlc,45.33,38.336,53.392,31.555,10.53460037
2013.09.06_hela_gfp-lgn_rap1_dmso-nocodazole-stlc_fix-pfa_dapi_gfp_phalloidin_tubulin_spe-60x__cell-2,2,rap1_stlc,45.33,38.336,54.834,29.9,12.70795467
2013.09.06_hela_gfp-lgn_rap1_dmso-nocodazole-stlc_fix-pfa_dapi_gfp_phalloidin_tubulin_spe-60x__cell-2,2,rap1_stlc,45.33,38.336,53.446,32.462,10.01864921
2013.09.06_hela_gfp-lgn_rap1_dmso-nocodazole-stlc_fix-pfa_dapi_gfp_phalloidin_tubulin_spe-60x__cell-2,2,rap1_stlc,45.33,38.336,55.581,31.341,12.41019847
2013.09.06_hela_gfp-lgn_rap1_dmso-nocodazole-stlc_fix-pfa_dapi_gfp_phalloidin_tubulin_spe-60x__cell-2,2,rap1_stlc,45.33,38.336,55.902,32.996,11.84410334
2013.09.06_hela_gfp-lgn_rap1_dmso-nocodazole-stlc_fix-pfa_dapi_gfp_phalloidin_tubulin_spe-60x__cell-2,2,rap1_stlc,45.33,38.336,57.023,34.118,12.43051781
2013.09.06_hela_gfp-lgn_rap1_dmso-nocodazole-stlc_fix-pfa_dapi_gfp_phalloidin_tubulin_spe-60x__cell-2,2,rap1_stlc,45.33,38.336,58.091,36.04,12.96590672
2013.09.06_hela_gfp-lgn_rap1_dmso-nocodazole-stlc_fix-pfa_dapi_gfp_phalloidin_tubulin_spe-60x__cell-2,2,rap1_stlc,45.33,38.336,53.072,35.025,8.420290078
2013.09.06_hela_gfp-lgn_rap1_dmso-nocodazole-stlc_fix-pfa_dapi_gfp_phalloidin_tubulin_spe-60x__cell-2,2,rap1_stlc,45.33,38.336,52.271,32.89,8.822493808
2013.09.06_hela_gfp-lgn_rap1_dmso-nocodazole-stlc_fix-pfa_dapi_gfp_phalloidin_tubulin_spe-60x__cell-2,2,rap1_stlc,45.33,38.336,46.825,31.128,7.361405369
2013.09.06_hela_gfp-lgn_rap1_dmso-nocodazole-stlc_fix-pfa_dapi_gfp_phalloidin_tubulin_spe-60x__cell-2,2,rap1_stlc,45.33,38.336,45.01,29.045,9.296509076
2013.09.06_hela_gfp-lgn_rap1_dmso-nocodazole-stlc_fix-pfa_dapi_gfp_phalloidin_tubulin_spe-60x__cell-2,2,rap1_stlc,45.33,38.336,45.597,28.511,9.828627269
2013.09.06_hela_gfp-lgn_rap1_dmso-nocodazole-stlc_fix-pfa_dapi_gfp_phalloidin_tubulin_spe-60x__cell-2,2,rap1_stlc,45.33,38.336,59.265,36.093,14.1143641
2013.09.06_hela_gfp-lgn_rap1_dmso-nocodazole-stlc_fix-pfa_dapi_gfp_phalloidin_tubulin_spe-60x__cell-2,2,rap1_stlc,45.33,38.336,54.513,38.763,9.192922169
2013.09.06_hela_gfp-lgn_rap1_dmso-nocodazole-stlc_fix-pfa_dapi_gfp_phalloidin_tubulin_spe-60x__cell-2,2,rap1_stlc,45.33,38.336,56.596,39.457,11.32163403
2013.09.06_hela_gfp-lgn_rap1_dmso-nocodazole-stlc_fix-pfa_dapi_gfp_phalloidin_tubulin_spe-60x__cell-2,2,rap1_stlc,45.33,38.336,52.698,39.724,7.497597482
2013.09.06_hela_gfp-lgn_rap1_dmso-nocodazole-stlc_fix-pfa_dapi_gfp_phalloidin_tubulin_spe-60x__cell-2,2,rap1_stlc,45.33,38.336,55.742,41.165,10.78948493
2013.09.06_hela_gfp-lgn_rap1_dmso-nocodazole-stlc_fix-pfa_dapi_gfp_phalloidin_tubulin_spe-60x__cell-2,2,rap1_stlc,45.33,38.336,53.713,41.059,8.814160085
2013.09.06_hela_gfp-lgn_rap1_dmso-nocodazole-stlc_fix-pfa_dapi_gfp_phalloidin_tubulin_spe-60x__cell-2,2,rap1_stlc,45.33,38.336,58.411,41.646,13.49328207
2013.09.06_hela_gfp-lgn_rap1_dmso-nocodazole-stlc_fix-pfa_dapi_gfp_phalloidin_tubulin_spe-60x__cell-2,2,rap1_stlc,45.33,38.336,55.742,42.393,11.17447954
2013.09.06_hela_gfp-lgn_rap1_dmso-nocodazole-stlc_fix-pfa_dapi_gfp_phalloidin_tubulin_spe-60x__cell-2,2,rap1_stlc,45.33,38.336,58.144,44.636,14.2789564
2013.09.06_hela_gfp-lgn_rap1_dmso-nocodazole-stlc_fix-pfa_dapi_gfp_phalloidin_tubulin_spe-60x__cell-2,2,rap1_stlc,45.33,38.336,54.353,45.383,11.44878762
2013.09.06_hela_gfp-lgn_rap1_dmso-nocodazole-stlc_fix-pfa_dapi_gfp_phalloidin_tubulin_spe-60x__cell-2,2,rap1_stlc,45.33,38.336,52.752,44.689,9.769682339
2013.09.06_hela_gfp-lgn_rap1_dmso-nocodazole-stlc_fix-pfa_dapi_gfp_phalloidin_tubulin_spe-60x__cell-2,2,rap1_stlc,45.33,38.336,51.31,43.888,8.159969608
2013.09.06_hela_gfp-lgn_rap1_dmso-nocodazole-stlc_fix-pfa_dapi_gfp_phalloidin_tubulin_spe-60x__cell-2,2,rap1_stlc,45.33,38.336,51.524,45.116,9.183356467
2013.09.06_hela_gfp-lgn_rap1_dmso-nocodazole-stlc_fix-pfa_dapi_gfp_phalloidin_tubulin_spe-60x__cell-2,2,rap1_stlc,45.33,38.336,51.15,46.985,10.42485496
2013.09.06_hela_gfp-lgn_rap1_dmso-nocodazole-stlc_fix-pfa_dapi_gfp_phalloidin_tubulin_spe-60x__cell-2,2,rap1_stlc,45.33,38.336,51.737,51.15,14.32648753
2013.09.06_hela_gfp-lgn_rap1_dmso-nocodazole-stlc_fix-pfa_dapi_gfp_phalloidin_tubulin_spe-60x__cell-2,2,rap1_stlc,45.33,38.336,49.655,47.039,9.718427548
2013.09.06_hela_gfp-lgn_rap1_dmso-nocodazole-stlc_fix-pfa_dapi_gfp_phalloidin_tubulin_spe-60x__cell-2,2,rap1_stlc,45.33,38.336,48.64,46.451,8.764092937
2013.09.06_hela_gfp-lgn_rap1_dmso-nocodazole-stlc_fix-pfa_dapi_gfp_phalloidin_tubulin_spe-60x__cell-2,2,rap1_stlc,45.33,38.336,49.281,48.32,10.7373487
2013.09.06_hela_gfp-lgn_rap1_dmso-nocodazole-stlc_fix-pfa_dapi_gfp_phalloidin_tubulin_spe-60x__cell-2,2,rap1_stlc,45.33,38.336,48.48,50.242,12.3156541
2013.09.06_hela_gfp-lgn_rap1_dmso-nocodazole-stlc_fix-pfa_dapi_gfp_phalloidin_tubulin_spe-60x__cell-2,2,rap1_stlc,45.33,38.336,47.252,49.975,11.79662685
2013.09.06_hela_gfp-lgn_rap1_dmso-nocodazole-stlc_fix-pfa_dapi_gfp_phalloidin_tubulin_spe-60x__cell-2,2,rap1_stlc,45.33,38.336,45.383,50.082,11.74611957
2013.09.06_hela_gfp-lgn_rap1_dmso-nocodazole-stlc_fix-pfa_dapi_gfp_phalloidin_tubulin_spe-60x__cell-2,2,rap1_stlc,45.33,38.336,44.262,50.296,12.00759027
2013.09.06_hela_gfp-lgn_rap1_dmso-nocodazole-stlc_fix-pfa_dapi_gfp_phalloidin_tubulin_spe-60x__cell-2,2,rap1_stlc,45.33,38.336,45.223,46.344,8.008714816
2013.09.06_hela_gfp-lgn_rap1_dmso-nocodazole-stlc_fix-pfa_dapi_gfp_phalloidin_tubulin_spe-60x__cell-2,2,rap1_stlc,45.33,38.336,46.131,46.398,8.101693959
2013.09.06_hela_gfp-lgn_rap1_dmso-nocodazole-stlc_fix-pfa_dapi_gfp_phalloidin_tubulin_spe-60x__cell-2,2,rap1_stlc,45.33,38.336,43.995,46.291,8.06624138
2013.09.06_hela_gfp-lgn_rap1_dmso-nocodazole-stlc_fix-pfa_dapi_gfp_phalloidin_tubulin_spe-60x__cell-2,2,rap1_stlc,45.33,38.336,42.607,50.242,12.21341742
2013.09.06_hela_gfp-lgn_rap1_dmso-nocodazole-stlc_fix-pfa_dapi_gfp_phalloidin_tubulin_spe-60x__cell-2,2,rap1_stlc,45.33,38.336,41.913,47.893,10.14948954
2013.09.06_hela_gfp-lgn_rap1_dmso-nocodazole-stlc_fix-pfa_dapi_gfp_phalloidin_tubulin_spe-60x__cell-2,2,rap1_stlc,45.33,38.336,40.632,48.16,10.88954453
2013.09.06_hela_gfp-lgn_rap1_dmso-nocodazole-stlc_fix-pfa_dapi_gfp_phalloidin_tubulin_spe-60x__cell-2,2,rap1_stlc,45.33,38.336,37.161,49.228,13.615
2013.09.06_hela_gfp-lgn_rap1_dmso-nocodazole-stlc_fix-pfa_dapi_gfp_phalloidin_tubulin_spe-60x__cell-2,2,rap1_stlc,45.33,38.336,38.442,44.689,9.370440385
2013.09.06_hela_gfp-lgn_rap1_dmso-nocodazole-stlc_fix-pfa_dapi_gfp_phalloidin_tubulin_spe-60x__cell-2,2,rap1_stlc,45.33,38.336,37.481,46.505,11.32869639
2013.09.06_hela_gfp-lgn_rap1_dmso-nocodazole-stlc_fix-pfa_dapi_gfp_phalloidin_tubulin_spe-60x__cell-2,2,rap1_stlc,45.33,38.336,38.015,44.049,9.281572819
2013.09.06_hela_gfp-lgn_rap1_dmso-nocodazole-stlc_fix-pfa_dapi_gfp_phalloidin_tubulin_spe-60x__cell-2,2,rap1_stlc,45.33,38.336,37.001,44.102,10.1301035
2013.09.06_hela_gfp-lgn_rap1_dmso-nocodazole-stlc_fix-pfa_dapi_gfp_phalloidin_tubulin_spe-60x__cell-2,2,rap1_stlc,45.33,38.336,33.957,44.956,13.15938939
2013.09.06_hela_gfp-lgn_rap1_dmso-nocodazole-stlc_fix-pfa_dapi_gfp_phalloidin_tubulin_spe-60x__cell-2,2,rap1_stlc,45.33,38.336,36.467,42.554,9.815512875
2013.09.06_hela_gfp-lgn_rap1_dmso-nocodazole-stlc_fix-pfa_dapi_gfp_phalloidin_tubulin_spe-60x__cell-2,2,rap1_stlc,45.33,38.336,35.826,41.432,9.995560615
2013.09.06_hela_gfp-lgn_rap1_dmso-nocodazole-stlc_fix-pfa_dapi_gfp_phalloidin_tubulin_spe-60x__cell-2,2,rap1_stlc,45.33,38.336,32.409,41.699,13.35147969
2013.09.06_hela_gfp-lgn_rap1_dmso-nocodazole-stlc_fix-pfa_dapi_gfp_phalloidin_tubulin_spe-60x__cell-2,2,rap1_stlc,45.33,38.336,36.894,39.564,8.524909384
2013.09.06_hela_gfp-lgn_rap1_dmso-nocodazole-stlc_fix-pfa_dapi_gfp_phalloidin_tubulin_spe-60x__cell-2,2,rap1_stlc,45.33,38.336,37.802,38.816,7.543287347
2013.09.06_hela_gfp-lgn_rap1_dmso-nocodazole-stlc_fix-pfa_dapi_gfp_phalloidin_tubulin_spe-60x__cell-2,2,rap1_stlc,45.33,38.336,35.132,38.336,10.198
2013.09.06_hela_gfp-lgn_rap1_dmso-nocodazole-stlc_fix-pfa_dapi_gfp_phalloidin_tubulin_spe-60x__cell-2,2,rap1_stlc,45.33,38.336,36.947,37.588,8.416305187
2013.09.06_hela_gfp-lgn_rap1_dmso-nocodazole-stlc_fix-pfa_dapi_gfp_phalloidin_tubulin_spe-60x__cell-2,2,rap1_stlc,45.33,38.336,37.161,36.734,8.32459999
2013.09.06_hela_gfp-lgn_rap1_dmso-nocodazole-stlc_fix-pfa_dapi_gfp_phalloidin_tubulin_spe-60x__cell-2,2,rap1_stlc,45.33,38.336,32.943,34.438,12.9858451
2013.09.06_hela_gfp-lgn_rap1_dmso-nocodazole-stlc_fix-pfa_dapi_gfp_phalloidin_tubulin_spe-60x__cell-2,2,rap1_stlc,45.33,38.336,37.375,35.666,8.391121796
2013.09.06_hela_gfp-lgn_rap1_dmso-nocodazole-stlc_fix-pfa_dapi_gfp_phalloidin_tubulin_spe-60x__cell-2,2,rap1_stlc,45.33,38.336,37.802,35.292,8.120142856
2013.09.06_hela_gfp-lgn_rap1_dmso-nocodazole-stlc_fix-pfa_dapi_gfp_phalloidin_tubulin_spe-60x__cell-2,2,rap1_stlc,45.33,38.336,35.826,33.317,10.74785453
2013.09.06_hela_gfp-lgn_rap1_dmso-nocodazole-stlc_fix-pfa_dapi_gfp_phalloidin_tubulin_spe-60x__cell-2,2,rap1_stlc,45.33,38.336,36.52,32.623,10.50021281
2013.09.06_hela_gfp-lgn_rap1_dmso-nocodazole-stlc_fix-pfa_dapi_gfp_phalloidin_tubulin_spe-60x__cell-2,2,rap1_stlc,45.33,38.336,36.36,30.594,11.84902798
2013.09.06_hela_gfp-lgn_rap1_dmso-nocodazole-stlc_fix-pfa_dapi_gfp_phalloidin_tubulin_spe-60x__cell-2,2,rap1_stlc,45.33,38.336,38.069,31.288,10.11911187
2013.09.06_hela_gfp-lgn_rap1_dmso-nocodazole-stlc_fix-pfa_dapi_gfp_phalloidin_tubulin_spe-60x__cell-2,2,rap1_stlc,45.33,38.336,40.098,34.171,6.687379831
2013.09.06_hela_gfp-lgn_rap1_dmso-nocodazole-stlc_fix-pfa_dapi_gfp_phalloidin_tubulin_spe-60x__cell-2,2,rap1_stlc,45.33,38.336,38.709,29.9,10.72397953
2013.09.06_hela_gfp-lgn_rap1_dmso-nocodazole-stlc_fix-pfa_dapi_gfp_phalloidin_tubulin_spe-60x__cell-2,2,rap1_stlc,45.33,38.336,38.442,26.483,13.70905369
2013.09.06_hela_gfp-lgn_rap1_dmso-nocodazole-stlc_fix-pfa_dapi_gfp_phalloidin_tubulin_spe-60x__cell-2,2,rap1_stlc,45.33,38.336,40.151,27.07,12.39938696
2013.09.06_hela_gfp-lgn_rap1_dmso-nocodazole-stlc_fix-pfa_dapi_gfp_phalloidin_tubulin_spe-60x__cell-2,2,rap1_stlc,45.33,38.336,41.326,28.191,10.90655954
2013.09.06_hela_gfp-lgn_rap1_dmso-nocodazole-stlc_fix-pfa_dapi_gfp_phalloidin_tubulin_spe-60x__cell-2,2,rap1_stlc,45.33,38.336,42.554,26.643,12.0180042
2013.09.06_hela_gfp-lgn_rap1_dmso-nocodazole-stlc_fix-pfa_dapi_gfp_phalloidin_tubulin_spe-60x__cell-2,2,rap1_stlc,45.33,38.336,43.515,29.419,9.099841427
2013.09.06_hela_gfp-lgn_rap1_dmso-nocodazole-stlc_fix-pfa_dapi_gfp_phalloidin_tubulin_spe-60x__cell-2,2,rap1_stlc,45.33,38.336,54.727,33.37,10.62848837
2013.09.06_hela_gfp-lgn_rap1_dmso-nocodazole-stlc_fix-pfa_dapi_gfp_phalloidin_tubulin_spe-60x__cell-2,2,rap1_stlc,45.33,38.336,57.664,37.054,12.40044677
2013.09.06_hela_gfp-lgn_rap1_dmso-nocodazole-stlc_fix-pfa_dapi_gfp_phalloidin_tubulin_spe-60x__cell-2,2,rap1_stlc,45.33,38.336,42.5,45.33,7.544861563
2013.10.23_hela_gfp-lgn_rap1_stlc_fix-pfa_dapi_gfp_phalloidin_tubulin_spe-60x__cell-1,3,rap1_stlc,47.733,20.423,46.051,11.693,8.890558138
2013.10.23_hela_gfp-lgn_rap1_stlc_fix-pfa_dapi_gfp_phalloidin_tubulin_spe-60x__cell-1,3,rap1_stlc,47.733,20.423,47.853,12.173,8.250872681
2013.10.23_hela_gfp-lgn_rap1_stlc_fix-pfa_dapi_gfp_phalloidin_tubulin_spe-60x__cell-1,3,rap1_stlc,47.733,20.423,48.694,11.292,9.18143137
2013.10.23_hela_gfp-lgn_rap1_stlc_fix-pfa_dapi_gfp_phalloidin_tubulin_spe-60x__cell-1,3,rap1_stlc,47.733,20.423,49.134,13.215,7.342892141
2013.10.23_hela_gfp-lgn_rap1_stlc_fix-pfa_dapi_gfp_phalloidin_tubulin_spe-60x__cell-1,3,rap1_stlc,47.733,20.423,49.775,13.935,6.801757714
2013.10.23_hela_gfp-lgn_rap1_stlc_fix-pfa_dapi_gfp_phalloidin_tubulin_spe-60x__cell-1,3,rap1_stlc,47.733,20.423,50.776,12.334,8.642440049
2013.10.23_hela_gfp-lgn_rap1_stlc_fix-pfa_dapi_gfp_phalloidin_tubulin_spe-60x__cell-1,3,rap1_stlc,47.733,20.423,50.736,14.176,6.931307092
2013.10.23_hela_gfp-lgn_rap1_stlc_fix-pfa_dapi_gfp_phalloidin_tubulin_spe-60x__cell-1,3,rap1_stlc,47.733,20.423,51.377,13.415,7.898784717
2013.10.23_hela_gfp-lgn_rap1_stlc_fix-pfa_dapi_gfp_phalloidin_tubulin_spe-60x__cell-1,3,rap1_stlc,47.733,20.423,52.057,14.136,7.630422334
2013.10.23_hela_gfp-lgn_rap1_stlc_fix-pfa_dapi_gfp_phalloidin_tubulin_spe-60x__cell-1,3,rap1_stlc,47.733,20.423,52.418,14.936,7.215011712
2013.10.23_hela_gfp-lgn_rap1_stlc_fix-pfa_dapi_gfp_phalloidin_tubulin_spe-60x__cell-1,3,rap1_stlc,47.733,20.423,52.658,16.218,6.475928505
2013.10.23_hela_gfp-lgn_rap1_stlc_fix-pfa_dapi_gfp_phalloidin_tubulin_spe-60x__cell-1,3,rap1_stlc,47.733,20.423,52.898,16.899,6.252663512
2013.10.23_hela_gfp-lgn_rap1_stlc_fix-pfa_dapi_gfp_phalloidin_tubulin_spe-60x__cell-1,3,rap1_stlc,47.733,20.423,54.06,18.02,6.767964096
2013.10.23_hela_gfp-lgn_rap1_stlc_fix-pfa_dapi_gfp_phalloidin_tubulin_spe-60x__cell-1,3,rap1_stlc,47.733,20.423,54.3,19.301,6.662159785
2013.10.23_hela_gfp-lgn_rap1_stlc_fix-pfa_dapi_gfp_phalloidin_tubulin_spe-60x__cell-1,3,rap1_stlc,47.733,20.423,54.14,19.822,6.435126261
2013.10.23_hela_gfp-lgn_rap1_stlc_fix-pfa_dapi_gfp_phalloidin_tubulin_spe-60x__cell-1,3,rap1_stlc,47.733,20.423,54.3,20.623,6.570044825
2013.10.23_hela_gfp-lgn_rap1_stlc_fix-pfa_dapi_gfp_phalloidin_tubulin_spe-60x__cell-1,3,rap1_stlc,47.733,20.423,52.538,20.783,4.81846708
2013.10.23_hela_gfp-lgn_rap1_stlc_fix-pfa_dapi_gfp_phalloidin_tubulin_spe-60x__cell-1,3,rap1_stlc,47.733,20.423,52.138,21.864,4.634706679
2013.10.23_hela_gfp-lgn_rap1_stlc_fix-pfa_dapi_gfp_phalloidin_tubulin_spe-60x__cell-1,3,rap1_stlc,47.733,20.423,54.14,22.905,6.87095139
2013.10.23_hela_gfp-lgn_rap1_stlc_fix-pfa_dapi_gfp_phalloidin_tubulin_spe-60x__cell-1,3,rap1_stlc,47.733,20.423,54.3,23.586,7.289036836
2013.10.23_hela_gfp-lgn_rap1_stlc_fix-pfa_dapi_gfp_phalloidin_tubulin_spe-60x__cell-1,3,rap1_stlc,47.733,20.423,53.98,24.107,7.252369613
2013.10.23_hela_gfp-lgn_rap1_stlc_fix-pfa_dapi_gfp_phalloidin_tubulin_spe-60x__cell-1,3,rap1_stlc,47.733,20.423,53.099,25.108,7.123424808
2013.10.23_hela_gfp-lgn_rap1_stlc_fix-pfa_dapi_gfp_phalloidin_tubulin_spe-60x__cell-1,3,rap1_stlc,47.733,20.423,53.379,26.229,8.098577159
2013.10.23_hela_gfp-lgn_rap1_stlc_fix-pfa_dapi_gfp_phalloidin_tubulin_spe-60x__cell-1,3,rap1_stlc,47.733,20.423,53.019,26.309,7.911181454
2013.10.23_hela_gfp-lgn_rap1_stlc_fix-pfa_dapi_gfp_phalloidin_tubulin_spe-60x__cell-1,3,rap1_stlc,47.733,20.423,52.818,26.629,8.023195186
2013.10.23_hela_gfp-lgn_rap1_stlc_fix-pfa_dapi_gfp_phalloidin_tubulin_spe-60x__cell-1,3,rap1_stlc,47.733,20.423,52.778,27.19,8.440634692
2013.10.23_hela_gfp-lgn_rap1_stlc_fix-pfa_dapi_gfp_phalloidin_tubulin_spe-60x__cell-1,3,rap1_stlc,47.733,20.423,51.697,27.751,8.331439251
2013.10.23_hela_gfp-lgn_rap1_stlc_fix-pfa_dapi_gfp_phalloidin_tubulin_spe-60x__cell-1,3,rap1_stlc,47.733,20.423,49.895,28.872,8.721229558
2013.10.23_hela_gfp-lgn_rap1_stlc_fix-pfa_dapi_gfp_phalloidin_tubulin_spe-60x__cell-1,3,rap1_stlc,47.733,20.423,48.373,29.032,8.632756281
2013.10.23_hela_gfp-lgn_rap1_stlc_fix-pfa_dapi_gfp_phalloidin_tubulin_spe-60x__cell-1,3,rap1_stlc,47.733,20.423,47.693,29.152,8.729091648
2013.10.23_hela_gfp-lgn_rap1_stlc_fix-pfa_dapi_gfp_phalloidin_tubulin_spe-60x__cell-1,3,rap1_stlc,47.733,20.423,45.57,30.474,10.28110743
2013.10.23_hela_gfp-lgn_rap1_stlc_fix-pfa_dapi_gfp_phalloidin_tubulin_spe-60x__cell-1,3,rap1_stlc,47.733,20.423,45.33,30.073,9.944692504
2013.10.23_hela_gfp-lgn_rap1_stlc_fix-pfa_dapi_gfp_phalloidin_tubulin_spe-60x__cell-1,3,rap1_stlc,47.733,20.423,42.927,28.912,9.755037519
2013.10.23_hela_gfp-lgn_rap1_stlc_fix-pfa_dapi_gfp_phalloidin_tubulin_spe-60x__cell-1,3,rap1_stlc,47.733,20.423,42.207,28.952,10.16270225
2013.10.23_hela_gfp-lgn_rap1_stlc_fix-pfa_dapi_gfp_phalloidin_tubulin_spe-60x__cell-1,3,rap1_stlc,47.733,20.423,41.366,28.031,9.920703251
2013.10.23_hela_gfp-lgn_rap1_stlc_fix-pfa_dapi_gfp_phalloidin_tubulin_spe-60x__cell-1,3,rap1_stlc,47.733,20.423,40.805,27.27,9.740564306
2013.10.23_hela_gfp-lgn_rap1_stlc_fix-pfa_dapi_gfp_phalloidin_tubulin_spe-60x__cell-1,3,rap1_stlc,47.733,20.423,38.442,27.31,11.56518266
2013.10.23_hela_gfp-lgn_rap1_stlc_fix-pfa_dapi_gfp_phalloidin_tubulin_spe-60x__cell-1,3,rap1_stlc,47.733,20.423,36.36,28.471,13.93253146
2013.10.23_hela_gfp-lgn_rap1_stlc_fix-pfa_dapi_gfp_phalloidin_tubulin_spe-60x__cell-1,3,rap1_stlc,47.733,20.423,36.24,28.872,14.26445407
2013.10.23_hela_gfp-lgn_rap1_stlc_fix-pfa_dapi_gfp_phalloidin_tubulin_spe-60x__cell-1,3,rap1_stlc,47.733,20.423,34.278,28.632,15.76149441
2013.10.23_hela_gfp-lgn_rap1_stlc_fix-pfa_dapi_gfp_phalloidin_tubulin_spe-60x__cell-1,3,rap1_stlc,47.733,20.423,37.682,26.389,11.68827434
2013.10.23_hela_gfp-lgn_rap1_stlc_fix-pfa_dapi_gfp_phalloidin_tubulin_spe-60x__cell-1,3,rap1_stlc,47.733,20.423,29.993,26.469,18.74197738
2013.10.23_hela_gfp-lgn_rap1_stlc_fix-pfa_dapi_gfp_phalloidin_tubulin_spe-60x__cell-1,3,rap1_stlc,47.733,20.423,29.432,26.029,19.14037191
2013.10.23_hela_gfp-lgn_rap1_stlc_fix-pfa_dapi_gfp_phalloidin_tubulin_spe-60x__cell-1,3,rap1_stlc,47.733,20.423,33.117,24.307,15.12325732
2013.10.23_hela_gfp-lgn_rap1_stlc_fix-pfa_dapi_gfp_phalloidin_tubulin_spe-60x__cell-1,3,rap1_stlc,47.733,20.423,32.876,22.865,15.05635457
2013.10.23_hela_gfp-lgn_rap1_stlc_fix-pfa_dapi_gfp_phalloidin_tubulin_spe-60x__cell-1,3,rap1_stlc,47.733,20.423,31.395,21.624,16.38208305
2013.10.23_hela_gfp-lgn_rap1_stlc_fix-pfa_dapi_gfp_phalloidin_tubulin_spe-60x__cell-1,3,rap1_stlc,47.733,20.423,33.637,21.784,14.16155136
2013.10.23_hela_gfp-lgn_rap1_stlc_fix-pfa_dapi_gfp_phalloidin_tubulin_spe-60x__cell-1,3,rap1_stlc,47.733,20.423,32.956,20.743,14.78046444
2013.10.23_hela_gfp-lgn_rap1_stlc_fix-pfa_dapi_gfp_phalloidin_tubulin_spe-60x__cell-1,3,rap1_stlc,47.733,20.423,34.438,19.341,13.33895607
2013.10.23_hela_gfp-lgn_rap1_stlc_fix-pfa_dapi_gfp_phalloidin_tubulin_spe-60x__cell-1,3,rap1_stlc,47.733,20.423,31.074,17.179,16.97191259
2013.10.23_hela_gfp-lgn_rap1_stlc_fix-pfa_dapi_gfp_phalloidin_tubulin_spe-60x__cell-1,3,rap1_stlc,47.733,20.423,37.561,18.54,10.34481865
2013.10.23_hela_gfp-lgn_rap1_stlc_fix-pfa_dapi_gfp_phalloidin_tubulin_spe-60x__cell-1,3,rap1_stlc,47.733,20.423,37.321,17.619,10.78295692
2013.10.23_hela_gfp-lgn_rap1_stlc_fix-pfa_dapi_gfp_phalloidin_tubulin_spe-60x__cell-1,3,rap1_stlc,47.733,20.423,36.44,15.337,12.38544489
2013.10.23_hela_gfp-lgn_rap1_stlc_fix-pfa_dapi_gfp_phalloidin_tubulin_spe-60x__cell-1,3,rap1_stlc,47.733,20.423,36.44,14.816,12.6083424
2013.10.23_hela_gfp-lgn_rap1_stlc_fix-pfa_dapi_gfp_phalloidin_tubulin_spe-60x__cell-1,3,rap1_stlc,47.733,20.423,37.441,14.656,11.79760794
2013.10.23_hela_gfp-lgn_rap1_stlc_fix-pfa_dapi_gfp_phalloidin_tubulin_spe-60x__cell-1,3,rap1_stlc,47.733,20.423,36.36,13.495,13.31699339
2013.10.23_hela_gfp-lgn_rap1_stlc_fix-pfa_dapi_gfp_phalloidin_tubulin_spe-60x__cell-1,3,rap1_stlc,47.733,20.423,39.644,14.416,10.07551339
2013.10.23_hela_gfp-lgn_rap1_stlc_fix-pfa_dapi_gfp_phalloidin_tubulin_spe-60x__cell-1,3,rap1_stlc,47.733,20.423,39.884,13.335,10.57575269
2013.10.23_hela_gfp-lgn_rap1_stlc_fix-pfa_dapi_gfp_phalloidin_tubulin_spe-60x__cell-1,3,rap1_stlc,47.733,20.423,40.685,13.295,10.02410535
2013.10.23_hela_gfp-lgn_rap1_stlc_fix-pfa_dapi_gfp_phalloidin_tubulin_spe-60x__cell-1,3,rap1_stlc,47.733,20.423,42.247,13.134,9.122812998
2013.10.23_hela_gfp-lgn_rap1_stlc_fix-pfa_dapi_gfp_phalloidin_tubulin_spe-60x__cell-1,3,rap1_stlc,47.733,20.423,42.407,11.773,10.15818763
2013.10.23_hela_gfp-lgn_rap1_stlc_fix-pfa_dapi_gfp_phalloidin_tubulin_spe-60x__cell-1,3,rap1_stlc,47.733,20.423,41.326,9.611,12.56777598
2013.10.23_hela_gfp-lgn_rap1_stlc_fix-pfa_dapi_gfp_phalloidin_tubulin_spe-60x__cell-1,3,rap1_stlc,47.733,20.423,51.337,17.339,4.743402998
2013.10.23_hela_gfp-lgn_rap1_stlc_fix-pfa_dapi_gfp_phalloidin_tubulin_spe-60x__cell-1,3,rap1_stlc,47.733,20.423,48.013,13.935,6.494039113
2013.10.23_hela_gfp-lgn_rap1_stlc_fix-pfa_dapi_gfp_phalloidin_tubulin_spe-60x__cell-1,3,rap1_stlc,47.733,20.423,46.932,12.494,7.969356436
2013.10.23_hela_gfp-lgn_rap1_stlc_fix-pfa_dapi_gfp_phalloidin_tubulin_spe-60x__cell-1,3,rap1_stlc,47.733,20.423,31.355,15.537,17.09128082
2013.10.23_hela_gfp-lgn_rap1_stlc_fix-pfa_dapi_gfp_phalloidin_tubulin_spe-60x__cell-1,3,rap1_stlc,47.733,20.423,38.002,13.295,12.06236896
2013.10.23_hela_gfp-lgn_rap1_stlc_fix-pfa_dapi_gfp_phalloidin_tubulin_spe-60x__cell-1,3,rap1_stlc,47.733,20.423,34.838,25.788,13.96654037
2013.10.23_hela_gfp-lgn_rap1_stlc_fix-pfa_dapi_gfp_phalloidin_tubulin_spe-60x__cell-1,3,rap1_stlc,47.733,20.423,44.409,29.432,9.602658851
2013.10.23_hela_gfp-lgn_rap1_stlc_fix-pfa_dapi_gfp_phalloidin_tubulin_spe-60x__cell-1,3,rap1_stlc,47.733,20.423,40.324,30.353,12.38943828
2013.10.23_hela_gfp-lgn_rap1_stlc_fix-pfa_dapi_gfp_phalloidin_tubulin_spe-60x__cell-1,3,rap1_stlc,47.733,20.423,45.21,12.133,8.665427225
2013.10.23_hela_gfp-lgn_rap1_stlc_fix-pfa_dapi_gfp_phalloidin_tubulin_spe-60x__cell-1,3,rap1_stlc,47.733,20.423,35.639,30.594,15.80234403
2013.10.23_hela_gfp-lgn_rap1_stlc_fix-pfa_dapi_gfp_phalloidin_tubulin_spe-60x__cell-1,3,rap1_stlc,47.733,20.423,37.401,29.713,13.89439902
2013.10.23_hela_gfp-lgn_rap1_stlc_fix-pfa_dapi_gfp_phalloidin_tubulin_spe-60x__cell-1,3,rap1_stlc,47.733,20.423,32.596,12.734,16.97791183
2013.10.23_hela_gfp-lgn_rap1_stlc_fix-pfa_dapi_gfp_phalloidin_tubulin_spe-60x__cell-1,3,rap1_stlc,47.733,20.423,35.079,11.453,15.51079031
2013.10.23_hela_gfp-lgn_rap1_stlc_fix-pfa_dapi_gfp_phalloidin_tubulin_spe-60x__cell-1,3,rap1_stlc,47.733,20.423,50.336,11.813,8.994871261
2013.10.23_hela_gfp-lgn_rap1_stlc_fix-pfa_dapi_gfp_phalloidin_tubulin_spe-60x__cell-1,3,rap1_stlc,47.733,20.423,46.692,11.212,9.26963872
2013.10.23_hela_gfp-lgn_rap1_stlc_fix-pfa_dapi_gfp_phalloidin_tubulin_spe-60x__cell-1,3,rap1_stlc,47.733,20.423,45.41,26.309,6.327821505
2013.10.23_hela_gfp-lgn_rap1_stlc_fix-pfa_dapi_gfp_phalloidin_tubulin_spe-60x__cell-2,4,rap1_stlc,48.173,44.369,47.532,34.198,10.19117864
2013.10.23_hela_gfp-lgn_rap1_stlc_fix-pfa_dapi_gfp_phalloidin_tubulin_spe-60x__cell-2,4,rap1_stlc,48.173,44.369,48.453,39.484,4.893017985
2013.10.23_hela_gfp-lgn_rap1_stlc_fix-pfa_dapi_gfp_phalloidin_tubulin_spe-60x__cell-2,4,rap1_stlc,48.173,44.369,50.336,34.758,9.851390257
2013.10.23_hela_gfp-lgn_rap1_stlc_fix-pfa_dapi_gfp_phalloidin_tubulin_spe-60x__cell-2,4,rap1_stlc,48.173,44.369,51.617,35.119,9.87034123
2013.10.23_hela_gfp-lgn_rap1_stlc_fix-pfa_dapi_gfp_phalloidin_tubulin_spe-60x__cell-2,4,rap1_stlc,48.173,44.369,51.257,39.043,6.154456272
2013.10.23_hela_gfp-lgn_rap1_stlc_fix-pfa_dapi_gfp_phalloidin_tubulin_spe-60x__cell-2,4,rap1_stlc,48.173,44.369,52.578,37.281,8.345284237
2013.10.23_hela_gfp-lgn_rap1_stlc_fix-pfa_dapi_gfp_phalloidin_tubulin_spe-60x__cell-2,4,rap1_stlc,48.173,44.369,53.099,37.842,8.177237003
2013.10.23_hela_gfp-lgn_rap1_stlc_fix-pfa_dapi_gfp_phalloidin_tubulin_spe-60x__cell-2,4,rap1_stlc,48.173,44.369,54.901,38.482,8.939952629
2013.10.23_hela_gfp-lgn_rap1_stlc_fix-pfa_dapi_gfp_phalloidin_tubulin_spe-60x__cell-2,4,rap1_stlc,48.173,44.369,55.341,39.964,8.413337566
2013.10.23_hela_gfp-lgn_rap1_stlc_fix-pfa_dapi_gfp_phalloidin_tubulin_spe-60x__cell-2,4,rap1_stlc,48.173,44.369,58.104,39.363,11.12136669
2013.10.23_hela_gfp-lgn_rap1_stlc_fix-pfa_dapi_gfp_phalloidin_tubulin_spe-60x__cell-2,4,rap1_stlc,48.173,44.369,55.261,42.207,7.41039729
2013.10.23_hela_gfp-lgn_rap1_stlc_fix-pfa_dapi_gfp_phalloidin_tubulin_spe-60x__cell-2,4,rap1_stlc,48.173,44.369,59.105,41.686,11.25642541
2013.10.23_hela_gfp-lgn_rap1_stlc_fix-pfa_dapi_gfp_phalloidin_tubulin_spe-60x__cell-2,4,rap1_stlc,48.173,44.369,57.063,42.527,9.078825034
2013.10.23_hela_gfp-lgn_rap1_stlc_fix-pfa_dapi_gfp_phalloidin_tubulin_spe-60x__cell-2,4,rap1_stlc,48.173,44.369,59.626,42.927,11.5434212
2013.10.23_hela_gfp-lgn_rap1_stlc_fix-pfa_dapi_gfp_phalloidin_tubulin_spe-60x__cell-2,4,rap1_stlc,48.173,44.369,59.065,43.768,10.90856842
2013.10.23_hela_gfp-lgn_rap1_stlc_fix-pfa_dapi_gfp_phalloidin_tubulin_spe-60x__cell-2,4,rap1_stlc,48.173,44.369,57.263,44.129,9.093167765
2013.10.23_hela_gfp-lgn_rap1_stlc_fix-pfa_dapi_gfp_phalloidin_tubulin_spe-60x__cell-2,4,rap1_stlc,48.173,44.369,56.582,46.411,8.653383442
2013.10.23_hela_gfp-lgn_rap1_stlc_fix-pfa_dapi_gfp_phalloidin_tubulin_spe-60x__cell-2,4,rap1_stlc,48.173,44.369,61.428,45.41,13.29581536
2013.10.23_hela_gfp-lgn_rap1_stlc_fix-pfa_dapi_gfp_phalloidin_tubulin_spe-60x__cell-2,4,rap1_stlc,48.173,44.369,57.824,48.293,10.41823291
2013.10.23_hela_gfp-lgn_rap1_stlc_fix-pfa_dapi_gfp_phalloidin_tubulin_spe-60x__cell-2,4,rap1_stlc,48.173,44.369,53.94,47.212,6.429691906
2013.10.23_hela_gfp-lgn_rap1_stlc_fix-pfa_dapi_gfp_phalloidin_tubulin_spe-60x__cell-2,4,rap1_stlc,48.173,44.369,56.703,49.134,9.770676793
2013.10.23_hela_gfp-lgn_rap1_stlc_fix-pfa_dapi_gfp_phalloidin_tubulin_spe-60x__cell-2,4,rap1_stlc,48.173,44.369,62.149,52.818,16.33138625
2013.10.23_hela_gfp-lgn_rap1_stlc_fix-pfa_dapi_gfp_phalloidin_tubulin_spe-60x__cell-2,4,rap1_stlc,48.173,44.369,54.74,48.974,8.020692863
2013.10.23_hela_gfp-lgn_rap1_stlc_fix-pfa_dapi_gfp_phalloidin_tubulin_spe-60x__cell-2,4,rap1_stlc,48.173,44.369,55.421,52.178,10.6542942
2013.10.23_hela_gfp-lgn_rap1_stlc_fix-pfa_dapi_gfp_phalloidin_tubulin_spe-60x__cell-2,4,rap1_stlc,48.173,44.369,54.1,50.015,8.18575867
2013.10.23_hela_gfp-lgn_rap1_stlc_fix-pfa_dapi_gfp_phalloidin_tubulin_spe-60x__cell-2,4,rap1_stlc,48.173,44.369,55.902,49.975,9.548019533
2013.10.23_hela_gfp-lgn_rap1_stlc_fix-pfa_dapi_gfp_phalloidin_tubulin_spe-60x__cell-2,4,rap1_stlc,48.173,44.369,54.42,51.176,9.239061532
2013.10.23_hela_gfp-lgn_rap1_stlc_fix-pfa_dapi_gfp_phalloidin_tubulin_spe-60x__cell-2,4,rap1_stlc,48.173,44.369,53.94,51.497,9.168787979
2013.10.23_hela_gfp-lgn_rap1_stlc_fix-pfa_dapi_gfp_phalloidin_tubulin_spe-60x__cell-2,4,rap1_stlc,48.173,44.369,60.106,56.582,17.07494826
2013.10.23_hela_gfp-lgn_rap1_stlc_fix-pfa_dapi_gfp_phalloidin_tubulin_spe-60x__cell-2,4,rap1_stlc,48.173,44.369,54.06,54.3,11.54476202
2013.10.23_hela_gfp-lgn_rap1_stlc_fix-pfa_dapi_gfp_phalloidin_tubulin_spe-60x__cell-2,4,rap1_stlc,48.173,44.369,53.779,54.5,11.5786181
2013.10.23_hela_gfp-lgn_rap1_stlc_fix-pfa_dapi_gfp_phalloidin_tubulin_spe-60x__cell-2,4,rap1_stlc,48.173,44.369,52.658,53.859,10.49644345
2013.10.23_hela_gfp-lgn_rap1_stlc_fix-pfa_dapi_gfp_phalloidin_tubulin_spe-60x__cell-2,4,rap1_stlc,48.173,44.369,51.737,53.339,9.65209801
2013.10.23_hela_gfp-lgn_rap1_stlc_fix-pfa_dapi_gfp_phalloidin_tubulin_spe-60x__cell-2,4,rap1_stlc,48.173,44.369,51.817,55.581,11.78930363
2013.10.23_hela_gfp-lgn_rap1_stlc_fix-pfa_dapi_gfp_phalloidin_tubulin_spe-60x__cell-2,4,rap1_stlc,48.173,44.369,52.658,55.261,11.77925673
2013.10.23_hela_gfp-lgn_rap1_stlc_fix-pfa_dapi_gfp_phalloidin_tubulin_spe-60x__cell-2,4,rap1_stlc,48.173,44.369,49.655,58.825,14.53176727
2013.10.23_hela_gfp-lgn_rap1_stlc_fix-pfa_dapi_gfp_phalloidin_tubulin_spe-60x__cell-2,4,rap1_stlc,48.173,44.369,44.129,64.671,20.70084877
2013.10.23_hela_gfp-lgn_rap1_stlc_fix-pfa_dapi_gfp_phalloidin_tubulin_spe-60x__cell-2,4,rap1_stlc,48.173,44.369,47.412,58.705,14.35618393
2013.10.23_hela_gfp-lgn_rap1_stlc_fix-pfa_dapi_gfp_phalloidin_tubulin_spe-60x__cell-2,4,rap1_stlc,48.173,44.369,46.371,59.345,15.084024
2013.10.23_hela_gfp-lgn_rap1_stlc_fix-pfa_dapi_gfp_phalloidin_tubulin_spe-60x__cell-2,4,rap1_stlc,48.173,44.369,45.69,58.344,14.19386889
2013.10.23_hela_gfp-lgn_rap1_stlc_fix-pfa_dapi_gfp_phalloidin_tubulin_spe-60x__cell-2,4,rap1_stlc,48.173,44.369,45.13,58.144,14.10710722
2013.10.23_hela_gfp-lgn_rap1_stlc_fix-pfa_dapi_gfp_phalloidin_tubulin_spe-60x__cell-2,4,rap1_stlc,48.173,44.369,44.729,55.942,12.07457929
2013.10.23_hela_gfp-lgn_rap1_stlc_fix-pfa_dapi_gfp_phalloidin_tubulin_spe-60x__cell-2,4,rap1_stlc,48.173,44.369,45.45,56.102,12.04483366
2013.10.23_hela_gfp-lgn_rap1_stlc_fix-pfa_dapi_gfp_phalloidin_tubulin_spe-60x__cell-2,4,rap1_stlc,48.173,44.369,43.888,57.223,13.54941109
2013.10.23_hela_gfp-lgn_rap1_stlc_fix-pfa_dapi_gfp_phalloidin_tubulin_spe-60x__cell-2,4,rap1_stlc,48.173,44.369,41.566,58.224,15.34970599
2013.10.23_hela_gfp-lgn_rap1_stlc_fix-pfa_dapi_gfp_phalloidin_tubulin_spe-60x__cell-2,4,rap1_stlc,48.173,44.369,41.406,56.542,13.92746273
2013.10.23_hela_gfp-lgn_rap1_stlc_fix-pfa_dapi_gfp_phalloidin_tubulin_spe-60x__cell-2,4,rap1_stlc,48.173,44.369,40.885,55.501,13.30550142
2013.10.23_hela_gfp-lgn_rap1_stlc_fix-pfa_dapi_gfp_phalloidin_tubulin_spe-60x__cell-2,4,rap1_stlc,48.173,44.369,39.003,55.822,14.67174526
2013.10.23_hela_gfp-lgn_rap1_stlc_fix-pfa_dapi_gfp_phalloidin_tubulin_spe-60x__cell-2,4,rap1_stlc,48.173,44.369,40.044,53.259,12.04627498
2013.10.23_hela_gfp-lgn_rap1_stlc_fix-pfa_dapi_gfp_phalloidin_tubulin_spe-60x__cell-2,4,rap1_stlc,48.173,44.369,37.842,53.659,13.89365542
2013.10.23_hela_gfp-lgn_rap1_stlc_fix-pfa_dapi_gfp_phalloidin_tubulin_spe-60x__cell-2,4,rap1_stlc,48.173,44.369,36.48,53.579,14.88456748
2013.10.23_hela_gfp-lgn_rap1_stlc_fix-pfa_dapi_gfp_phalloidin_tubulin_spe-60x__cell-2,4,rap1_stlc,48.173,44.369,38.282,51.977,12.47852335
2013.10.23_hela_gfp-lgn_rap1_stlc_fix-pfa_dapi_gfp_phalloidin_tubulin_spe-60x__cell-2,4,rap1_stlc,48.173,44.369,38.963,50.175,10.88731996
2013.10.23_hela_gfp-lgn_rap1_stlc_fix-pfa_dapi_gfp_phalloidin_tubulin_spe-60x__cell-2,4,rap1_stlc,48.173,44.369,36.881,50.296,12.75298369
2013.10.23_hela_gfp-lgn_rap1_stlc_fix-pfa_dapi_gfp_phalloidin_tubulin_spe-60x__cell-2,4,rap1_stlc,48.173,44.369,38.923,49.334,10.49827248
2013.10.23_hela_gfp-lgn_rap1_stlc_fix-pfa_dapi_gfp_phalloidin_tubulin_spe-60x__cell-2,4,rap1_stlc,48.173,44.369,38.723,48.173,10.18689923
2013.10.23_hela_gfp-lgn_rap1_stlc_fix-pfa_dapi_gfp_phalloidin_tubulin_spe-60x__cell-2,4,rap1_stlc,48.173,44.369,38.643,47.332,9.979993437
2013.10.23_hela_gfp-lgn_rap1_stlc_fix-pfa_dapi_gfp_phalloidin_tubulin_spe-60x__cell-2,4,rap1_stlc,48.173,44.369,38.322,45.69,9.939177129
2013.10.23_hela_gfp-lgn_rap1_stlc_fix-pfa_dapi_gfp_phalloidin_tubulin_spe-60x__cell-2,4,rap1_stlc,48.173,44.369,37.161,44.97,11.02838814
2013.10.23_hela_gfp-lgn_rap1_stlc_fix-pfa_dapi_gfp_phalloidin_tubulin_spe-60x__cell-2,4,rap1_stlc,48.173,44.369,35.639,41.286,12.90759641
2013.10.23_hela_gfp-lgn_rap1_stlc_fix-pfa_dapi_gfp_phalloidin_tubulin_spe-60x__cell-2,4,rap1_stlc,48.173,44.369,37.201,42.126,11.19892106
2013.10.23_hela_gfp-lgn_rap1_stlc_fix-pfa_dapi_gfp_phalloidin_tubulin_spe-60x__cell-2,4,rap1_stlc,48.173,44.369,39.444,43.648,8.758726049
2013.10.23_hela_gfp-lgn_rap1_stlc_fix-pfa_dapi_gfp_phalloidin_tubulin_spe-60x__cell-2,4,rap1_stlc,48.173,44.369,40.405,40.925,8.497232491
2013.10.23_hela_gfp-lgn_rap1_stlc_fix-pfa_dapi_gfp_phalloidin_tubulin_spe-60x__cell-2,4,rap1_stlc,48.173,44.369,37.041,35.319,14.34656489
2013.10.23_hela_gfp-lgn_rap1_stlc_fix-pfa_dapi_gfp_phalloidin_tubulin_spe-60x__cell-2,4,rap1_stlc,48.173,44.369,38.202,36.08,12.96643212
2013.10.23_hela_gfp-lgn_rap1_stlc_fix-pfa_dapi_gfp_phalloidin_tubulin_spe-60x__cell-2,4,rap1_stlc,48.173,44.369,37.642,34.318,14.557629
2013.10.23_hela_gfp-lgn_rap1_stlc_fix-pfa_dapi_gfp_phalloidin_tubulin_spe-60x__cell-2,4,rap1_stlc,48.173,44.369,38.482,34.999,13.48007348
2013.10.23_hela_gfp-lgn_rap1_stlc_fix-pfa_dapi_gfp_phalloidin_tubulin_spe-60x__cell-2,4,rap1_stlc,48.173,44.369,41.045,33.998,12.58435636
2013.10.23_hela_gfp-lgn_rap1_stlc_fix-pfa_dapi_gfp_phalloidin_tubulin_spe-60x__cell-2,4,rap1_stlc,48.173,44.369,42.447,40.044,7.175841484
2013.10.23_hela_gfp-lgn_rap1_stlc_fix-pfa_dapi_gfp_phalloidin_tubulin_spe-60x__cell-2,4,rap1_stlc,48.173,44.369,42.847,38.883,7.646075595
2013.10.23_hela_gfp-lgn_rap1_stlc_fix-pfa_dapi_gfp_phalloidin_tubulin_spe-60x__cell-2,4,rap1_stlc,48.173,44.369,43.728,36.761,8.811338661
2013.10.23_hela_gfp-lgn_rap1_stlc_fix-pfa_dapi_gfp_phalloidin_tubulin_spe-60x__cell-2,4,rap1_stlc,48.173,44.369,45.971,33.837,10.75973178
2013.10.23_hela_gfp-lgn_rap1_stlc_fix-pfa_dapi_gfp_phalloidin_tubulin_spe-60x__cell-2,4,rap1_stlc,48.173,44.369,45.811,38.763,6.083278721
2013.10.23_hela_gfp-lgn_rap1_stlc_fix-pfa_dapi_gfp_phalloidin_tubulin_spe-60x__cell-2,4,rap1_stlc,48.173,44.369,47.092,39.323,5.160491934
2013.10.23_hela_gfp-lgn_rap1_stlc_fix-pfa_dapi_gfp_phalloidin_tubulin_spe-60x__cell-2,4,rap1_stlc,48.173,44.369,50.896,40.044,5.110807568
2013.10.23_hela_gfp-lgn_rap1_stlc_fix-pfa_dapi_gfp_phalloidin_tubulin_spe-60x__cell-2,4,rap1_stlc,48.173,44.369,53.94,36.6,9.675518074
2013.10.23_hela_gfp-lgn_rap1_stlc_fix-pfa_dapi_gfp_phalloidin_tubulin_spe-60x__cell-2,4,rap1_stlc,48.173,44.369,60.427,42.647,12.374401
2013.10.23_hela_gfp-lgn_rap1_stlc_fix-pfa_dapi_gfp_phalloidin_tubulin_spe-60x__cell-2,4,rap1_stlc,48.173,44.369,40.084,46.011,8.253973891
2013.10.23_hela_gfp-lgn_rap1_stlc_fix-pfa_dapi_gfp_phalloidin_tubulin_spe-60x__cell-2,4,rap1_stlc,48.173,44.369,40.164,45.01,8.034610258
2013.10.23_hela_gfp-lgn_rap1_stlc_fix-pfa_dapi_gfp_phalloidin_tubulin_spe-60x__cell-3,5,rap1_stlc,40.485,18.18,42.086,9.651,8.67796301
2013.10.23_hela_gfp-lgn_rap1_stlc_fix-pfa_dapi_gfp_phalloidin_tubulin_spe-60x__cell-3,5,rap1_stlc,40.485,18.18,42.567,8.81,9.59852197
2013.10.23_hela_gfp-lgn_rap1_stlc_fix-pfa_dapi_gfp_phalloidin_tubulin_spe-60x__cell-3,5,rap1_stlc,40.485,18.18,42.967,9.17,9.345609878
2013.10.23_hela_gfp-lgn_rap1_stlc_fix-pfa_dapi_gfp_phalloidin_tubulin_spe-60x__cell-3,5,rap1_stlc,40.485,18.18,43.608,9.611,9.120355804
2013.10.23_hela_gfp-lgn_rap1_stlc_fix-pfa_dapi_gfp_phalloidin_tubulin_spe-60x__cell-3,5,rap1_stlc,40.485,18.18,44.089,9.851,9.075299279
2013.10.23_hela_gfp-lgn_rap1_stlc_fix-pfa_dapi_gfp_phalloidin_tubulin_spe-60x__cell-3,5,rap1_stlc,40.485,18.18,44.769,9.851,9.366157003
2013.10.23_hela_gfp-lgn_rap1_stlc_fix-pfa_dapi_gfp_phalloidin_tubulin_spe-60x__cell-3,5,rap1_stlc,40.485,18.18,48.333,10.652,10.87482818
2013.10.23_hela_gfp-lgn_rap1_stlc_fix-pfa_dapi_gfp_phalloidin_tubulin_spe-60x__cell-3,5,rap1_stlc,40.485,18.18,47.212,12.774,8.630026941
2013.10.23_hela_gfp-lgn_rap1_stlc_fix-pfa_dapi_gfp_phalloidin_tubulin_spe-60x__cell-3,5,rap1_stlc,40.485,18.18,47.893,13.175,8.94027343
2013.10.23_hela_gfp-lgn_rap1_stlc_fix-pfa_dapi_gfp_phalloidin_tubulin_spe-60x__cell-3,5,rap1_stlc,40.485,18.18,46.211,10.652,9.458216534
2013.10.23_hela_gfp-lgn_rap1_stlc_fix-pfa_dapi_gfp_phalloidin_tubulin_spe-60x__cell-3,5,rap1_stlc,40.485,18.18,44.769,13.735,6.17338489
2013.10.23_hela_gfp-lgn_rap1_stlc_fix-pfa_dapi_gfp_phalloidin_tubulin_spe-60x__cell-3,5,rap1_stlc,40.485,18.18,44.97,13.175,6.720509653
2013.10.23_hela_gfp-lgn_rap1_stlc_fix-pfa_dapi_gfp_phalloidin_tubulin_spe-60x__cell-3,5,rap1_stlc,40.485,18.18,45.65,10.892,8.932646248
2013.10.23_hela_gfp-lgn_rap1_stlc_fix-pfa_dapi_gfp_phalloidin_tubulin_spe-60x__cell-3,5,rap1_stlc,40.485,18.18,50.416,12.213,11.58576066
2013.10.23_hela_gfp-lgn_rap1_stlc_fix-pfa_dapi_gfp_phalloidin_tubulin_spe-60x__cell-3,5,rap1_stlc,40.485,18.18,54.58,10.331,16.13306623
2013.10.23_hela_gfp-lgn_rap1_stlc_fix-pfa_dapi_gfp_phalloidin_tubulin_spe-60x__cell-3,5,rap1_stlc,40.485,18.18,55.661,10.812,16.87004446
2013.10.23_hela_gfp-lgn_rap1_stlc_fix-pfa_dapi_gfp_phalloidin_tubulin_spe-60x__cell-3,5,rap1_stlc,40.485,18.18,50.616,13.895,10.99992664
2013.10.23_hela_gfp-lgn_rap1_stlc_fix-pfa_dapi_gfp_phalloidin_tubulin_spe-60x__cell-3,5,rap1_stlc,40.485,18.18,49.254,15.617,9.135881457
2013.10.23_hela_gfp-lgn_rap1_stlc_fix-pfa_dapi_gfp_phalloidin_tubulin_spe-60x__cell-3,5,rap1_stlc,40.485,18.18,51.377,15.857,11.13696516
2013.10.23_hela_gfp-lgn_rap1_stlc_fix-pfa_dapi_gfp_phalloidin_tubulin_spe-60x__cell-3,5,rap1_stlc,40.485,18.18,50.376,16.298,10.06845594
2013.10.23_hela_gfp-lgn_rap1_stlc_fix-pfa_dapi_gfp_phalloidin_tubulin_spe-60x__cell-3,5,rap1_stlc,40.485,18.18,50.736,16.819,10.34095363
2013.10.23_hela_gfp-lgn_rap1_stlc_fix-pfa_dapi_gfp_phalloidin_tubulin_spe-60x__cell-3,5,rap1_stlc,40.485,18.18,49.855,17.379,9.404174658
2013.10.23_hela_gfp-lgn_rap1_stlc_fix-pfa_dapi_gfp_phalloidin_tubulin_spe-60x__cell-3,5,rap1_stlc,40.485,18.18,48.614,18.26,8.129393643
2013.10.23_hela_gfp-lgn_rap1_stlc_fix-pfa_dapi_gfp_phalloidin_tubulin_spe-60x__cell-3,5,rap1_stlc,40.485,18.18,50.456,18.701,9.984602245
2013.10.23_hela_gfp-lgn_rap1_stlc_fix-pfa_dapi_gfp_phalloidin_tubulin_spe-60x__cell-3,5,rap1_stlc,40.485,18.18,50.976,19.542,10.57904178
2013.10.23_hela_gfp-lgn_rap1_stlc_fix-pfa_dapi_gfp_phalloidin_tubulin_spe-60x__cell-3,5,rap1_stlc,40.485,18.18,49.815,19.862,9.480402101
2013.10.23_hela_gfp-lgn_rap1_stlc_fix-pfa_dapi_gfp_phalloidin_tubulin_spe-60x__cell-3,5,rap1_stlc,40.485,18.18,49.815,20.623,9.644539854
2013.10.23_hela_gfp-lgn_rap1_stlc_fix-pfa_dapi_gfp_phalloidin_tubulin_spe-60x__cell-3,5,rap1_stlc,40.485,18.18,51.377,21.744,11.46026876
2013.10.23_hela_gfp-lgn_rap1_stlc_fix-pfa_dapi_gfp_phalloidin_tubulin_spe-60x__cell-3,5,rap1_stlc,40.485,18.18,48.413,22.184,8.881734065
2013.10.23_hela_gfp-lgn_rap1_stlc_fix-pfa_dapi_gfp_phalloidin_tubulin_spe-60x__cell-3,5,rap1_stlc,40.485,18.18,50.215,22.104,10.49145729
2013.10.23_hela_gfp-lgn_rap1_stlc_fix-pfa_dapi_gfp_phalloidin_tubulin_spe-60x__cell-3,5,rap1_stlc,40.485,18.18,47.733,22.385,8.379470687
2013.10.23_hela_gfp-lgn_rap1_stlc_fix-pfa_dapi_gfp_phalloidin_tubulin_spe-60x__cell-3,5,rap1_stlc,40.485,18.18,54.1,23.466,14.6051368
2013.10.23_hela_gfp-lgn_rap1_stlc_fix-pfa_dapi_gfp_phalloidin_tubulin_spe-60x__cell-3,5,rap1_stlc,40.485,18.18,53.499,24.067,14.28359076
2013.10.23_hela_gfp-lgn_rap1_stlc_fix-pfa_dapi_gfp_phalloidin_tubulin_spe-60x__cell-3,5,rap1_stlc,40.485,18.18,53.299,24.747,14.3987529
2013.10.23_hela_gfp-lgn_rap1_stlc_fix-pfa_dapi_gfp_phalloidin_tubulin_spe-60x__cell-3,5,rap1_stlc,40.485,18.18,53.499,25.708,15.03445975
2013.10.23_hela_gfp-lgn_rap1_stlc_fix-pfa_dapi_gfp_phalloidin_tubulin_spe-60x__cell-3,5,rap1_stlc,40.485,18.18,53.019,26.189,14.87431467
2013.10.23_hela_gfp-lgn_rap1_stlc_fix-pfa_dapi_gfp_phalloidin_tubulin_spe-60x__cell-3,5,rap1_stlc,40.485,18.18,50.015,25.108,11.78210864
2013.10.23_hela_gfp-lgn_rap1_stlc_fix-pfa_dapi_gfp_phalloidin_tubulin_spe-60x__cell-3,5,rap1_stlc,40.485,18.18,49.254,25.468,11.40220615
2013.10.23_hela_gfp-lgn_rap1_stlc_fix-pfa_dapi_gfp_phalloidin_tubulin_spe-60x__cell-3,5,rap1_stlc,40.485,18.18,49.054,25.788,11.45903246
2013.10.23_hela_gfp-lgn_rap1_stlc_fix-pfa_dapi_gfp_phalloidin_tubulin_spe-60x__cell-3,5,rap1_stlc,40.485,18.18,46.932,25.228,9.551864373
2013.10.23_hela_gfp-lgn_rap1_stlc_fix-pfa_dapi_gfp_phalloidin_tubulin_spe-60x__cell-3,5,rap1_stlc,40.485,18.18,47.532,25.428,10.10909061
2013.10.23_hela_gfp-lgn_rap1_stlc_fix-pfa_dapi_gfp_phalloidin_tubulin_spe-60x__cell-3,5,rap1_stlc,40.485,18.18,46.091,25.188,8.974369059
2013.10.23_hela_gfp-lgn_rap1_stlc_fix-pfa_dapi_gfp_phalloidin_tubulin_spe-60x__cell-3,5,rap1_stlc,40.485,18.18,45.41,25.068,8.467595231
2013.10.23_hela_gfp-lgn_rap1_stlc_fix-pfa_dapi_gfp_phalloidin_tubulin_spe-60x__cell-3,5,rap1_stlc,40.485,18.18,45.09,25.869,8.962518954
2013.10.23_hela_gfp-lgn_rap1_stlc_fix-pfa_dapi_gfp_phalloidin_tubulin_spe-60x__cell-3,5,rap1_stlc,40.485,18.18,45.811,28.071,11.23379531
2013.10.23_hela_gfp-lgn_rap1_stlc_fix-pfa_dapi_gfp_phalloidin_tubulin_spe-60x__cell-3,5,rap1_stlc,40.485,18.18,44.409,28.632,11.16432174
2013.10.23_hela_gfp-lgn_rap1_stlc_fix-pfa_dapi_gfp_phalloidin_tubulin_spe-60x__cell-3,5,rap1_stlc,40.485,18.18,42.447,26.709,8.751758966
2013.10.23_hela_gfp-lgn_rap1_stlc_fix-pfa_dapi_gfp_phalloidin_tubulin_spe-60x__cell-3,5,rap1_stlc,40.485,18.18,42.126,26.709,8.685431595
2013.10.23_hela_gfp-lgn_rap1_stlc_fix-pfa_dapi_gfp_phalloidin_tubulin_spe-60x__cell-3,5,rap1_stlc,40.485,18.18,41.646,27.27,9.163843135
2013.10.23_hela_gfp-lgn_rap1_stlc_fix-pfa_dapi_gfp_phalloidin_tubulin_spe-60x__cell-3,5,rap1_stlc,40.485,18.18,41.286,27.871,9.724046586
2013.10.23_hela_gfp-lgn_rap1_stlc_fix-pfa_dapi_gfp_phalloidin_tubulin_spe-60x__cell-3,5,rap1_stlc,40.485,18.18,39.724,29.593,11.43834297
2013.10.23_hela_gfp-lgn_rap1_stlc_fix-pfa_dapi_gfp_phalloidin_tubulin_spe-60x__cell-3,5,rap1_stlc,40.485,18.18,38.282,29.713,11.74152026
2013.10.23_hela_gfp-lgn_rap1_stlc_fix-pfa_dapi_gfp_phalloidin_tubulin_spe-60x__cell-3,5,rap1_stlc,40.485,18.18,40.124,27.751,9.577805699
2013.10.23_hela_gfp-lgn_rap1_stlc_fix-pfa_dapi_gfp_phalloidin_tubulin_spe-60x__cell-3,5,rap1_stlc,40.485,18.18,37.001,27.751,10.18539626
2013.10.23_hela_gfp-lgn_rap1_stlc_fix-pfa_dapi_gfp_phalloidin_tubulin_spe-60x__cell-3,5,rap1_stlc,40.485,18.18,34.919,29.232,12.37445191
2013.10.23_hela_gfp-lgn_rap1_stlc_fix-pfa_dapi_gfp_phalloidin_tubulin_spe-60x__cell-3,5,rap1_stlc,40.485,18.18,33.517,28.792,12.69517893
2013.10.23_hela_gfp-lgn_rap1_stlc_fix-pfa_dapi_gfp_phalloidin_tubulin_spe-60x__cell-3,5,rap1_stlc,40.485,18.18,31.234,26.91,12.71982315
2013.10.23_hela_gfp-lgn_rap1_stlc_fix-pfa_dapi_gfp_phalloidin_tubulin_spe-60x__cell-3,5,rap1_stlc,40.485,18.18,33.637,26.429,10.72105895
2013.10.23_hela_gfp-lgn_rap1_stlc_fix-pfa_dapi_gfp_phalloidin_tubulin_spe-60x__cell-3,5,rap1_stlc,40.485,18.18,34.838,25.869,9.539881027
2013.10.23_hela_gfp-lgn_rap1_stlc_fix-pfa_dapi_gfp_phalloidin_tubulin_spe-60x__cell-3,5,rap1_stlc,40.485,18.18,29.513,27.47,14.37667848
2013.10.23_hela_gfp-lgn_rap1_stlc_fix-pfa_dapi_gfp_phalloidin_tubulin_spe-60x__cell-3,5,rap1_stlc,40.485,18.18,30.434,26.189,12.85171903
2013.10.23_hela_gfp-lgn_rap1_stlc_fix-pfa_dapi_gfp_phalloidin_tubulin_spe-60x__cell-3,5,rap1_stlc,40.485,18.18,31.395,25.228,11.50227821
2013.10.23_hela_gfp-lgn_rap1_stlc_fix-pfa_dapi_gfp_phalloidin_tubulin_spe-60x__cell-3,5,rap1_stlc,40.485,18.18,30.754,24.707,11.71725608
2013.10.23_hela_gfp-lgn_rap1_stlc_fix-pfa_dapi_gfp_phalloidin_tubulin_spe-60x__cell-3,5,rap1_stlc,40.485,18.18,32.035,22.865,9.661869643
2013.10.23_hela_gfp-lgn_rap1_stlc_fix-pfa_dapi_gfp_phalloidin_tubulin_spe-60x__cell-3,5,rap1_stlc,40.485,18.18,32.716,22.825,9.051706248
2013.10.23_hela_gfp-lgn_rap1_stlc_fix-pfa_dapi_gfp_phalloidin_tubulin_spe-60x__cell-3,5,rap1_stlc,40.485,18.18,32.716,21.744,8.547482495
2013.10.23_hela_gfp-lgn_rap1_stlc_fix-pfa_dapi_gfp_phalloidin_tubulin_spe-60x__cell-3,5,rap1_stlc,40.485,18.18,30.474,22.425,10.87382849
2013.10.23_hela_gfp-lgn_rap1_stlc_fix-pfa_dapi_gfp_phalloidin_tubulin_spe-60x__cell-3,5,rap1_stlc,40.485,18.18,32.196,20.783,8.688102785
2013.10.23_hela_gfp-lgn_rap1_stlc_fix-pfa_dapi_gfp_phalloidin_tubulin_spe-60x__cell-3,5,rap1_stlc,40.485,18.18,31.475,20.423,9.284995907
2013.10.23_hela_gfp-lgn_rap1_stlc_fix-pfa_dapi_gfp_phalloidin_tubulin_spe-60x__cell-3,5,rap1_stlc,40.485,18.18,28.672,20.583,12.05493169
2013.10.23_hela_gfp-lgn_rap1_stlc_fix-pfa_dapi_gfp_phalloidin_tubulin_spe-60x__cell-3,5,rap1_stlc,40.485,18.18,29.312,19.461,11.24619447
2013.10.23_hela_gfp-lgn_rap1_stlc_fix-pfa_dapi_gfp_phalloidin_tubulin_spe-60x__cell-3,5,rap1_stlc,40.485,18.18,31.635,17.94,8.853253639
2013.10.23_hela_gfp-lgn_rap1_stlc_fix-pfa_dapi_gfp_phalloidin_tubulin_spe-60x__cell-3,5,rap1_stlc,40.485,18.18,30.233,16.819,10.34194493
2013.10.23_hela_gfp-lgn_rap1_stlc_fix-pfa_dapi_gfp_phalloidin_tubulin_spe-60x__cell-3,5,rap1_stlc,40.485,18.18,30.834,14.456,10.34456268
2013.10.23_hela_gfp-lgn_rap1_stlc_fix-pfa_dapi_gfp_phalloidin_tubulin_spe-60x__cell-3,5,rap1_stlc,40.485,18.18,32.356,15.297,8.62509884
2013.10.23_hela_gfp-lgn_rap1_stlc_fix-pfa_dapi_gfp_phalloidin_tubulin_spe-60x__cell-3,5,rap1_stlc,40.485,18.18,29.833,13.375,11.68559494
2013.10.23_hela_gfp-lgn_rap1_stlc_fix-pfa_dapi_gfp_phalloidin_tubulin_spe-60x__cell-3,5,rap1_stlc,40.485,18.18,32.316,13.655,9.338532326
2013.10.23_hela_gfp-lgn_rap1_stlc_fix-pfa_dapi_gfp_phalloidin_tubulin_spe-60x__cell-3,5,rap1_stlc,40.485,18.18,33.557,13.895,8.146067088
2013.10.23_hela_gfp-lgn_rap1_stlc_fix-pfa_dapi_gfp_phalloidin_tubulin_spe-60x__cell-3,5,rap1_stlc,40.485,18.18,31.835,11.533,10.90894628
2013.10.23_hela_gfp-lgn_rap1_stlc_fix-pfa_dapi_gfp_phalloidin_tubulin_spe-60x__cell-3,5,rap1_stlc,40.485,18.18,33.557,12.294,9.090774444
2013.10.23_hela_gfp-lgn_rap1_stlc_fix-pfa_dapi_gfp_phalloidin_tubulin_spe-60x__cell-3,5,rap1_stlc,40.485,18.18,34.518,12.334,8.353490588
2013.10.23_hela_gfp-lgn_rap1_stlc_fix-pfa_dapi_gfp_phalloidin_tubulin_spe-60x__cell-3,5,rap1_stlc,40.485,18.18,32.996,10.492,10.7326821
2013.10.23_hela_gfp-lgn_rap1_stlc_fix-pfa_dapi_gfp_phalloidin_tubulin_spe-60x__cell-3,5,rap1_stlc,40.485,18.18,33.998,9.931,10.49414932
2013.10.23_hela_gfp-lgn_rap1_stlc_fix-pfa_dapi_gfp_phalloidin_tubulin_spe-60x__cell-3,5,rap1_stlc,40.485,18.18,35.8,11.733,7.969506509
2013.10.23_hela_gfp-lgn_rap1_stlc_fix-pfa_dapi_gfp_phalloidin_tubulin_spe-60x__cell-3,5,rap1_stlc,40.485,18.18,36.841,8.209,10.6160057
2013.10.23_hela_gfp-lgn_rap1_stlc_fix-pfa_dapi_gfp_phalloidin_tubulin_spe-60x__cell-3,5,rap1_stlc,40.485,18.18,36.36,12.654,6.895817646
2013.10.23_hela_gfp-lgn_rap1_stlc_fix-pfa_dapi_gfp_phalloidin_tubulin_spe-60x__cell-3,5,rap1_stlc,40.485,18.18,35.92,10.972,8.531968647
2013.10.23_hela_gfp-lgn_rap1_stlc_fix-pfa_dapi_gfp_phalloidin_tubulin_spe-60x__cell-3,5,rap1_stlc,40.485,18.18,36.921,6.527,12.18583214
2013.10.23_hela_gfp-lgn_rap1_stlc_fix-pfa_dapi_gfp_phalloidin_tubulin_spe-60x__cell-3,5,rap1_stlc,40.485,18.18,38.482,3.123,15.18964312
2013.10.23_hela_gfp-lgn_rap1_stlc_fix-pfa_dapi_gfp_phalloidin_tubulin_spe-60x__cell-3,5,rap1_stlc,40.485,18.18,37.481,3.844,14.64735171
2013.10.23_hela_gfp-lgn_rap1_stlc_fix-pfa_dapi_gfp_phalloidin_tubulin_spe-60x__cell-3,5,rap1_stlc,40.485,18.18,38.162,10.091,8.415952115
2013.10.23_hela_gfp-lgn_rap1_stlc_fix-pfa_dapi_gfp_phalloidin_tubulin_spe-60x__cell-3,5,rap1_stlc,40.485,18.18,39.684,3.364,14.8376365
2013.10.23_hela_gfp-lgn_rap1_stlc_fix-pfa_dapi_gfp_phalloidin_tubulin_spe-60x__cell-3,5,rap1_stlc,40.485,18.18,40.044,6.928,11.26063875
2013.10.23_hela_gfp-lgn_rap1_stlc_fix-pfa_dapi_gfp_phalloidin_tubulin_spe-60x__cell-3,5,rap1_stlc,40.485,18.18,51.417,13.455,11.9094185
2013.10.23_hela_gfp-lgn_rap1_stlc_fix-pfa_dapi_gfp_phalloidin_tubulin_spe-60x__cell-3,5,rap1_stlc,40.485,18.18,34.919,23.626,7.78712219
2013.10.23_hela_gfp-lgn_rap1_stlc_fix-pfa_dapi_gfp_phalloidin_tubulin_spe-60x__cell-3,5,rap1_stlc,40.485,18.18,37.241,25.548,8.050525449
2013.10.23_hela_gfp-lgn_rap1_stlc_fix-pfa_dapi_gfp_phalloidin_tubulin_spe-60x__cell-3,5,rap1_stlc,40.485,18.18,36.32,29.112,11.69854046
2013.10.23_hela_gfp-lgn_rap1_stlc_fix-pfa_dapi_gfp_phalloidin_tubulin_spe-60x__cell-3,5,rap1_stlc,40.485,18.18,49.374,28.191,13.3878468
2013.10.23_hela_gfp-lgn_rap1_stlc_fix-pfa_dapi_gfp_phalloidin_tubulin_spe-60x__cell-3,5,rap1_stlc,40.485,18.18,47.693,27.23,11.56969161
2013.10.23_hela_gfp-lgn_rap1_stlc_fix-pfa_dapi_gfp_phalloidin_tubulin_spe-60x__cell-3,5,rap1_stlc,40.485,18.18,49.735,19.021,9.288152723
2013.10.23_hela_gfp-lgn_rap1_stlc_fix-pfa_dapi_gfp_phalloidin_tubulin_spe-60x__cell-3,5,rap1_stlc,40.485,18.18,31.755,16.899,8.823483496
2013.10.23_hela_gfp-lgn_rap1_stlc_fix-pfa_dapi_gfp_phalloidin_tubulin_spe-60x__cell-3,5,rap1_stlc,40.485,18.18,44.009,25.869,8.458090624
2013.10.23_hela_gfp-lgn_rap1_stlc_fix-pfa_dapi_gfp_phalloidin_tubulin_spe-60x__cell-3,5,rap1_stlc,40.485,18.18,47.412,18.941,6.968676345
2013.10.23_hela_gfp-lgn_rap1_stlc_fix-pfa_dapi_gfp_phalloidin_tubulin_spe-60x__cell-3,5,rap1_stlc,40.485,18.18,48.373,24.067,9.842627342
2013.10.23_hela_gfp-lgn_rap1_stlc_fix-pfa_dapi_gfp_phalloidin_tubulin_spe-60x__cell-3,5,rap1_stlc,40.485,18.18,36.4,22.305,5.805415575
2013.10.23_hela_gfp-lgn_rap1_stlc_fix-pfa_dapi_gfp_phalloidin_tubulin_spe-60x__cell-3,5,rap1_stlc,40.485,18.18,34.158,21.304,7.056224557
2013.10.23_hela_gfp-lgn_rap1_stlc_fix-pfa_dapi_gfp_phalloidin_tubulin_spe-60x__cell-3,5,rap1_stlc,40.485,18.18,34.238,19.461,6.376987533
2013.10.23_hela_gfp-lgn_rap1_stlc_fix-pfa_dapi_gfp_phalloidin_tubulin_spe-60x__cell-3,5,rap1_stlc,40.485,18.18,34.878,19.061,5.675791575
2013.10.23_hela_gfp-lgn_rap1_stlc_fix-pfa_dapi_gfp_phalloidin_tubulin_spe-60x__cell-3,5,rap1_stlc,40.485,18.18,37.882,11.333,7.325095085
2013.10.23_hela_gfp-lgn_rap1_stlc_fix-pfa_dapi_gfp_phalloidin_tubulin_spe-60x__cell-3,5,rap1_stlc,40.485,18.18,33.517,16.258,7.228216101
2013.10.23_hela_gfp-lgn_rap1_stlc_fix-pfa_dapi_gfp_phalloidin_tubulin_spe-60x__cell-4,6,rap1_stlc,43.835,54.433,42.927,45.891,8.590123864
2013.10.23_hela_gfp-lgn_rap1_stlc_fix-pfa_dapi_gfp_phalloidin_tubulin_spe-60x__cell-4,6,rap1_stlc,43.835,54.433,43.675,45.891,8.543498347
2013.10.23_hela_gfp-lgn_rap1_stlc_fix-pfa_dapi_gfp_phalloidin_tubulin_spe-60x__cell-4,6,rap1_stlc,43.835,54.433,44.049,46.104,8.331748736
2013.10.23_hela_gfp-lgn_rap1_stlc_fix-pfa_dapi_gfp_phalloidin_tubulin_spe-60x__cell-4,6,rap1_stlc,43.835,54.433,45.437,43.755,10.79750379
2013.10.23_hela_gfp-lgn_rap1_stlc_fix-pfa_dapi_gfp_phalloidin_tubulin_spe-60x__cell-4,6,rap1_stlc,43.835,54.433,45.33,45.143,9.409523102
2013.10.23_hela_gfp-lgn_rap1_stlc_fix-pfa_dapi_gfp_phalloidin_tubulin_spe-60x__cell-4,6,rap1_stlc,43.835,54.433,47.946,46.318,9.096897603
2013.10.23_hela_gfp-lgn_rap1_stlc_fix-pfa_dapi_gfp_phalloidin_tubulin_spe-60x__cell-4,6,rap1_stlc,43.835,54.433,47.252,48.347,6.979633586
2013.10.23_hela_gfp-lgn_rap1_stlc_fix-pfa_dapi_gfp_phalloidin_tubulin_spe-60x__cell-4,6,rap1_stlc,43.835,54.433,48.106,48.934,6.962789814
2013.10.23_hela_gfp-lgn_rap1_stlc_fix-pfa_dapi_gfp_phalloidin_tubulin_spe-60x__cell-4,6,rap1_stlc,43.835,54.433,51.737,48.133,10.10601821
2013.10.23_hela_gfp-lgn_rap1_stlc_fix-pfa_dapi_gfp_phalloidin_tubulin_spe-60x__cell-4,6,rap1_stlc,43.835,54.433,56.169,44.769,15.66909225
2013.10.23_hela_gfp-lgn_rap1_stlc_fix-pfa_dapi_gfp_phalloidin_tubulin_spe-60x__cell-4,6,rap1_stlc,43.835,54.433,54.567,47.225,12.92791894
2013.10.23_hela_gfp-lgn_rap1_stlc_fix-pfa_dapi_gfp_phalloidin_tubulin_spe-60x__cell-4,6,rap1_stlc,43.835,54.433,56.115,48.24,13.7532414
2013.10.23_hela_gfp-lgn_rap1_stlc_fix-pfa_dapi_gfp_phalloidin_tubulin_spe-60x__cell-4,6,rap1_stlc,43.835,54.433,51.897,49.468,9.468213612
2013.10.23_hela_gfp-lgn_rap1_stlc_fix-pfa_dapi_gfp_phalloidin_tubulin_spe-60x__cell-4,6,rap1_stlc,43.835,54.433,51.31,47.92,9.914373102
2013.10.23_hela_gfp-lgn_rap1_stlc_fix-pfa_dapi_gfp_phalloidin_tubulin_spe-60x__cell-4,6,rap1_stlc,43.835,54.433,54.247,49.254,11.6289202
2013.10.23_hela_gfp-lgn_rap1_stlc_fix-pfa_dapi_gfp_phalloidin_tubulin_spe-60x__cell-4,6,rap1_stlc,43.835,54.433,53.819,51.337,10.45301258
2013.10.23_hela_gfp-lgn_rap1_stlc_fix-pfa_dapi_gfp_phalloidin_tubulin_spe-60x__cell-4,6,rap1_stlc,43.835,54.433,51.737,51.176,8.546908973
2013.10.23_hela_gfp-lgn_rap1_stlc_fix-pfa_dapi_gfp_phalloidin_tubulin_spe-60x__cell-4,6,rap1_stlc,43.835,54.433,60.333,49.415,17.24425493
2013.10.23_hela_gfp-lgn_rap1_stlc_fix-pfa_dapi_gfp_phalloidin_tubulin_spe-60x__cell-4,6,rap1_stlc,43.835,54.433,61.027,50.429,17.65210696
2013.10.23_hela_gfp-lgn_rap1_stlc_fix-pfa_dapi_gfp_phalloidin_tubulin_spe-60x__cell-4,6,rap1_stlc,43.835,54.433,61.401,54.327,17.56631982
2013.10.23_hela_gfp-lgn_rap1_stlc_fix-pfa_dapi_gfp_phalloidin_tubulin_spe-60x__cell-4,6,rap1_stlc,43.835,54.433,55.848,53.312,12.06519001
2013.10.23_hela_gfp-lgn_rap1_stlc_fix-pfa_dapi_gfp_phalloidin_tubulin_spe-60x__cell-4,6,rap1_stlc,43.835,54.433,54.834,52.832,11.114909
2013.10.23_hela_gfp-lgn_rap1_stlc_fix-pfa_dapi_gfp_phalloidin_tubulin_spe-60x__cell-4,6,rap1_stlc,43.835,54.433,56.863,54.273,13.02898246
2013.10.23_hela_gfp-lgn_rap1_stlc_fix-pfa_dapi_gfp_phalloidin_tubulin_spe-60x__cell-4,6,rap1_stlc,43.835,54.433,60.44,53.472,16.63278527
2013.10.23_hela_gfp-lgn_rap1_stlc_fix-pfa_dapi_gfp_phalloidin_tubulin_spe-60x__cell-4,6,rap1_stlc,43.835,54.433,54.834,55.875,11.09312242
2013.10.23_hela_gfp-lgn_rap1_stlc_fix-pfa_dapi_gfp_phalloidin_tubulin_spe-60x__cell-4,6,rap1_stlc,43.835,54.433,54.727,56.569,11.09946665
2013.10.23_hela_gfp-lgn_rap1_stlc_fix-pfa_dapi_gfp_phalloidin_tubulin_spe-60x__cell-4,6,rap1_stlc,43.835,54.433,52.805,56.302,9.162644869
2013.10.23_hela_gfp-lgn_rap1_stlc_fix-pfa_dapi_gfp_phalloidin_tubulin_spe-60x__cell-4,6,rap1_stlc,43.835,54.433,52.538,57.477,9.219986171
2013.10.23_hela_gfp-lgn_rap1_stlc_fix-pfa_dapi_gfp_phalloidin_tubulin_spe-60x__cell-4,6,rap1_stlc,43.835,54.433,52.912,58.598,9.986949184
2013.10.23_hela_gfp-lgn_rap1_stlc_fix-pfa_dapi_gfp_phalloidin_tubulin_spe-60x__cell-4,6,rap1_stlc,43.835,54.433,52.485,58.758,9.670994003
2013.10.23_hela_gfp-lgn_rap1_stlc_fix-pfa_dapi_gfp_phalloidin_tubulin_spe-60x__cell-4,6,rap1_stlc,43.835,54.433,53.339,60.253,11.14443431
2013.10.23_hela_gfp-lgn_rap1_stlc_fix-pfa_dapi_gfp_phalloidin_tubulin_spe-60x__cell-4,6,rap1_stlc,43.835,54.433,54.567,63.403,13.98701984
2013.10.23_hela_gfp-lgn_rap1_stlc_fix-pfa_dapi_gfp_phalloidin_tubulin_spe-60x__cell-4,6,rap1_stlc,43.835,54.433,52.538,63.457,12.53693683
2013.10.23_hela_gfp-lgn_rap1_stlc_fix-pfa_dapi_gfp_phalloidin_tubulin_spe-60x__cell-4,6,rap1_stlc,43.835,54.433,50.189,61.641,9.608776197
2013.10.23_hela_gfp-lgn_rap1_stlc_fix-pfa_dapi_gfp_phalloidin_tubulin_spe-60x__cell-4,6,rap1_stlc,43.835,54.433,48.854,60.947,8.223293562
2013.10.23_hela_gfp-lgn_rap1_stlc_fix-pfa_dapi_gfp_phalloidin_tubulin_spe-60x__cell-4,6,rap1_stlc,43.835,54.433,51.844,60.36,9.963604268
2013.10.23_hela_gfp-lgn_rap1_stlc_fix-pfa_dapi_gfp_phalloidin_tubulin_spe-60x__cell-4,6,rap1_stlc,43.835,54.433,50.616,63.884,11.63199733
2013.10.23_hela_gfp-lgn_rap1_stlc_fix-pfa_dapi_gfp_phalloidin_tubulin_spe-60x__cell-4,6,rap1_stlc,43.835,54.433,49.334,64.204,11.2121114
2013.10.23_hela_gfp-lgn_rap1_stlc_fix-pfa_dapi_gfp_phalloidin_tubulin_spe-60x__cell-4,6,rap1_stlc,43.835,54.433,48,63.884,10.32805045
2013.10.23_hela_gfp-lgn_rap1_stlc_fix-pfa_dapi_gfp_phalloidin_tubulin_spe-60x__cell-4,6,rap1_stlc,43.835,54.433,46.344,64.525,10.39920886
2013.10.23_hela_gfp-lgn_rap1_stlc_fix-pfa_dapi_gfp_phalloidin_tubulin_spe-60x__cell-4,6,rap1_stlc,43.835,54.433,46.558,62.656,8.662127799
2013.10.23_hela_gfp-lgn_rap1_stlc_fix-pfa_dapi_gfp_phalloidin_tubulin_spe-60x__cell-4,6,rap1_stlc,43.835,54.433,46.238,63.19,9.080719024
2013.10.23_hela_gfp-lgn_rap1_stlc_fix-pfa_dapi_gfp_phalloidin_tubulin_spe-60x__cell-4,6,rap1_stlc,43.835,54.433,44.422,61.428,7.019586455
2013.10.23_hela_gfp-lgn_rap1_stlc_fix-pfa_dapi_gfp_phalloidin_tubulin_spe-60x__cell-4,6,rap1_stlc,43.835,54.433,44.209,62.549,8.124612729
2013.10.23_hela_gfp-lgn_rap1_stlc_fix-pfa_dapi_gfp_phalloidin_tubulin_spe-60x__cell-4,6,rap1_stlc,43.835,54.433,44.262,67.141,12.71517176
2013.10.23_hela_gfp-lgn_rap1_stlc_fix-pfa_dapi_gfp_phalloidin_tubulin_spe-60x__cell-4,6,rap1_stlc,43.835,54.433,44.796,64.631,10.24317944
2013.10.23_hela_gfp-lgn_rap1_stlc_fix-pfa_dapi_gfp_phalloidin_tubulin_spe-60x__cell-4,6,rap1_stlc,43.835,54.433,42.767,63.884,9.511152664
2013.10.23_hela_gfp-lgn_rap1_stlc_fix-pfa_dapi_gfp_phalloidin_tubulin_spe-60x__cell-4,6,rap1_stlc,43.835,54.433,43.248,63.297,8.883415165
2013.10.23_hela_gfp-lgn_rap1_stlc_fix-pfa_dapi_gfp_phalloidin_tubulin_spe-60x__cell-4,6,rap1_stlc,43.835,54.433,41.646,64.471,10.273907
2013.10.23_hela_gfp-lgn_rap1_stlc_fix-pfa_dapi_gfp_phalloidin_tubulin_spe-60x__cell-4,6,rap1_stlc,43.835,54.433,41.379,63.724,9.610130956
2013.10.23_hela_gfp-lgn_rap1_stlc_fix-pfa_dapi_gfp_phalloidin_tubulin_spe-60x__cell-4,6,rap1_stlc,43.835,54.433,39.937,66.927,13.08795018
2013.10.23_hela_gfp-lgn_rap1_stlc_fix-pfa_dapi_gfp_phalloidin_tubulin_spe-60x__cell-4,6,rap1_stlc,43.835,54.433,36.841,67.194,14.55194685
2013.10.23_hela_gfp-lgn_rap1_stlc_fix-pfa_dapi_gfp_phalloidin_tubulin_spe-60x__cell-4,6,rap1_stlc,43.835,54.433,38.923,64.258,10.98446034
2013.10.23_hela_gfp-lgn_rap1_stlc_fix-pfa_dapi_gfp_phalloidin_tubulin_spe-60x__cell-4,6,rap1_stlc,43.835,54.433,38.175,67.461,14.20437904
2013.10.23_hela_gfp-lgn_rap1_stlc_fix-pfa_dapi_gfp_phalloidin_tubulin_spe-60x__cell-4,6,rap1_stlc,43.835,54.433,38.496,62.923,10.02920839
2013.10.23_hela_gfp-lgn_rap1_stlc_fix-pfa_dapi_gfp_phalloidin_tubulin_spe-60x__cell-4,6,rap1_stlc,43.835,54.433,35.239,64.738,13.41954697
2013.10.23_hela_gfp-lgn_rap1_stlc_fix-pfa_dapi_gfp_phalloidin_tubulin_spe-60x__cell-4,6,rap1_stlc,43.835,54.433,34.865,62.816,12.27744228
2013.10.23_hela_gfp-lgn_rap1_stlc_fix-pfa_dapi_gfp_phalloidin_tubulin_spe-60x__cell-4,6,rap1_stlc,43.835,54.433,37.214,59.666,8.439308621
2013.10.23_hela_gfp-lgn_rap1_stlc_fix-pfa_dapi_gfp_phalloidin_tubulin_spe-60x__cell-4,6,rap1_stlc,43.835,54.433,34.278,61.641,11.97044331
2013.10.23_hela_gfp-lgn_rap1_stlc_fix-pfa_dapi_gfp_phalloidin_tubulin_spe-60x__cell-4,6,rap1_stlc,43.835,54.433,33.53,60.894,12.16295795
2013.10.23_hela_gfp-lgn_rap1_stlc_fix-pfa_dapi_gfp_phalloidin_tubulin_spe-60x__cell-4,6,rap1_stlc,43.835,54.433,35.132,59.185,9.915831433
2013.10.23_hela_gfp-lgn_rap1_stlc_fix-pfa_dapi_gfp_phalloidin_tubulin_spe-60x__cell-4,6,rap1_stlc,43.835,54.433,34.758,58.438,9.92128792
2013.10.23_hela_gfp-lgn_rap1_stlc_fix-pfa_dapi_gfp_phalloidin_tubulin_spe-60x__cell-4,6,rap1_stlc,43.835,54.433,35.613,57.53,8.785937229
2013.10.23_hela_gfp-lgn_rap1_stlc_fix-pfa_dapi_gfp_phalloidin_tubulin_spe-60x__cell-4,6,rap1_stlc,43.835,54.433,33.424,57.797,10.94099708
2013.10.23_hela_gfp-lgn_rap1_stlc_fix-pfa_dapi_gfp_phalloidin_tubulin_spe-60x__cell-4,6,rap1_stlc,43.835,54.433,35.986,55.928,7.990108009
2013.10.23_hela_gfp-lgn_rap1_stlc_fix-pfa_dapi_gfp_phalloidin_tubulin_spe-60x__cell-4,6,rap1_stlc,43.835,54.433,34.652,55.448,9.238923855
2013.10.23_hela_gfp-lgn_rap1_stlc_fix-pfa_dapi_gfp_phalloidin_tubulin_spe-60x__cell-4,6,rap1_stlc,43.835,54.433,28.992,55.181,14.86183545
2013.10.23_hela_gfp-lgn_rap1_stlc_fix-pfa_dapi_gfp_phalloidin_tubulin_spe-60x__cell-4,6,rap1_stlc,43.835,54.433,28.992,54.327,14.84337849
2013.10.23_hela_gfp-lgn_rap1_stlc_fix-pfa_dapi_gfp_phalloidin_tubulin_spe-60x__cell-4,6,rap1_stlc,43.835,54.433,32.142,53.793,11.71050165
2013.10.23_hela_gfp-lgn_rap1_stlc_fix-pfa_dapi_gfp_phalloidin_tubulin_spe-60x__cell-4,6,rap1_stlc,43.835,54.433,33.157,54.06,10.68451276
2013.10.23_hela_gfp-lgn_rap1_stlc_fix-pfa_dapi_gfp_phalloidin_tubulin_spe-60x__cell-4,6,rap1_stlc,43.835,54.433,35.666,53.526,8.219197649
2013.10.23_hela_gfp-lgn_rap1_stlc_fix-pfa_dapi_gfp_phalloidin_tubulin_spe-60x__cell-4,6,rap1_stlc,43.835,54.433,32.249,52.244,11.79097608
2013.10.23_hela_gfp-lgn_rap1_stlc_fix-pfa_dapi_gfp_phalloidin_tubulin_spe-60x__cell-4,6,rap1_stlc,43.835,54.433,32.623,52.031,11.46640955
2013.10.23_hela_gfp-lgn_rap1_stlc_fix-pfa_dapi_gfp_phalloidin_tubulin_spe-60x__cell-4,6,rap1_stlc,43.835,54.433,29.953,50.429,14.44790435
2013.10.23_hela_gfp-lgn_rap1_stlc_fix-pfa_dapi_gfp_phalloidin_tubulin_spe-60x__cell-4,6,rap1_stlc,43.835,54.433,33.424,51.07,10.94068965
2013.10.23_hela_gfp-lgn_rap1_stlc_fix-pfa_dapi_gfp_phalloidin_tubulin_spe-60x__cell-4,6,rap1_stlc,43.835,54.433,34.598,50.002,10.24480014
2013.10.23_hela_gfp-lgn_rap1_stlc_fix-pfa_dapi_gfp_phalloidin_tubulin_spe-60x__cell-4,6,rap1_stlc,43.835,54.433,32.783,46.692,13.49332372
2013.10.23_hela_gfp-lgn_rap1_stlc_fix-pfa_dapi_gfp_phalloidin_tubulin_spe-60x__cell-4,6,rap1_stlc,43.835,54.433,34.919,47.599,11.23381556
2013.10.23_hela_gfp-lgn_rap1_stlc_fix-pfa_dapi_gfp_phalloidin_tubulin_spe-60x__cell-4,6,rap1_stlc,43.835,54.433,33.05,43.328,15.48022125
2013.10.23_hela_gfp-lgn_rap1_stlc_fix-pfa_dapi_gfp_phalloidin_tubulin_spe-60x__cell-4,6,rap1_stlc,43.835,54.433,35.346,45.517,12.31089668
2013.10.23_hela_gfp-lgn_rap1_stlc_fix-pfa_dapi_gfp_phalloidin_tubulin_spe-60x__cell-4,6,rap1_stlc,43.835,54.433,37.161,46.798,10.14078404
2013.10.23_hela_gfp-lgn_rap1_stlc_fix-pfa_dapi_gfp_phalloidin_tubulin_spe-60x__cell-4,6,rap1_stlc,43.835,54.433,35.452,43.595,13.70171278
2013.10.23_hela_gfp-lgn_rap1_stlc_fix-pfa_dapi_gfp_phalloidin_tubulin_spe-60x__cell-4,6,rap1_stlc,43.835,54.433,38.976,45.944,9.78125769
2013.10.23_hela_gfp-lgn_rap1_stlc_fix-pfa_dapi_gfp_phalloidin_tubulin_spe-60x__cell-4,6,rap1_stlc,43.835,54.433,38.549,46.104,9.864787732
2013.10.23_hela_gfp-lgn_rap1_stlc_fix-pfa_dapi_gfp_phalloidin_tubulin_spe-60x__cell-4,6,rap1_stlc,43.835,54.433,38.015,46.318,9.986271827
2013.10.23_hela_gfp-lgn_rap1_stlc_fix-pfa_dapi_gfp_phalloidin_tubulin_spe-60x__cell-4,6,rap1_stlc,43.835,54.433,39.51,45.677,9.765918339
2013.10.23_hela_gfp-lgn_rap1_stlc_fix-pfa_dapi_gfp_phalloidin_tubulin_spe-60x__cell-4,6,rap1_stlc,43.835,54.433,39.884,44.129,11.03552523
2013.10.23_hela_gfp-lgn_rap1_stlc_fix-pfa_dapi_gfp_phalloidin_tubulin_spe-60x__cell-4,6,rap1_stlc,43.835,54.433,38.656,41.139,14.26718182
2013.10.23_hela_gfp-lgn_rap1_stlc_fix-pfa_dapi_gfp_phalloidin_tubulin_spe-60x__cell-4,6,rap1_stlc,43.835,54.433,40.311,42.474,12.46740779
2013.10.23_hela_gfp-lgn_rap1_stlc_fix-pfa_dapi_gfp_phalloidin_tubulin_spe-60x__cell-4,6,rap1_stlc,43.835,54.433,39.937,37.989,16.89969053
2013.10.23_hela_gfp-lgn_rap1_stlc_fix-pfa_dapi_gfp_phalloidin_tubulin_spe-60x__cell-4,6,rap1_stlc,43.835,54.433,41.753,43.755,10.87908121
2013.10.23_hela_gfp-lgn_rap1_stlc_fix-pfa_dapi_gfp_phalloidin_tubulin_spe-60x__cell-4,6,rap1_stlc,43.835,54.433,43.408,47.599,6.847326851
2013.10.23_hela_gfp-lgn_rap1_stlc_fix-pfa_dapi_gfp_phalloidin_tubulin_spe-60x__cell-4,6,rap1_stlc,43.835,54.433,47.252,46.852,8.315494573
2013.10.23_hela_gfp-lgn_rap1_stlc_fix-pfa_dapi_gfp_phalloidin_tubulin_spe-60x__cell-4,6,rap1_stlc,43.835,54.433,46.451,47.439,7.467227866
2013.10.23_hela_gfp-lgn_rap1_stlc_fix-pfa_dapi_gfp_phalloidin_tubulin_spe-60x__cell-4,6,rap1_stlc,43.835,54.433,47.252,60.947,7.355819805
2013.10.23_hela_gfp-lgn_rap1_stlc_fix-pfa_dapi_gfp_phalloidin_tubulin_spe-60x__cell-4,6,rap1_stlc,43.835,54.433,40.898,62.442,8.530536325
2013.10.23_hela_gfp-lgn_rap1_stlc_fix-pfa_dapi_gfp_phalloidin_tubulin_spe-60x__cell-4,6,rap1_stlc,43.835,54.433,52.752,54.647,8.919567534
2013.10.23_hela_gfp-lgn_rap1_stlc_fix-pfa_dapi_gfp_phalloidin_tubulin_spe-60x__cell-4,6,rap1_stlc,43.835,54.433,53.552,53.366,9.775406795
2013.10.23_hela_gfp-lgn_rap1_stlc_fix-pfa_dapi_gfp_phalloidin_tubulin_spe-60x__cell-4,6,rap1_stlc,43.835,54.433,53.659,53.793,9.844824833
2013.10.23_hela_gfp-lgn_rap1_stlc_fix-pfa_dapi_gfp_phalloidin_tubulin_spe-60x__cell-5,7,rap1_stlc,41.566,31.154,42.126,21.023,10.14646544
2013.10.23_hela_gfp-lgn_rap1_stlc_fix-pfa_dapi_gfp_phalloidin_tubulin_spe-60x__cell-5,7,rap1_stlc,41.566,31.154,42.807,22.425,8.816775034
2013.10.23_hela_gfp-lgn_rap1_stlc_fix-pfa_dapi_gfp_phalloidin_tubulin_spe-60x__cell-5,7,rap1_stlc,41.566,31.154,44.169,20.182,11.27654171
2013.10.23_hela_gfp-lgn_rap1_stlc_fix-pfa_dapi_gfp_phalloidin_tubulin_spe-60x__cell-5,7,rap1_stlc,41.566,31.154,44.129,22.265,9.251123716
2013.10.23_hela_gfp-lgn_rap1_stlc_fix-pfa_dapi_gfp_phalloidin_tubulin_spe-60x__cell-5,7,rap1_stlc,41.566,31.154,44.209,23.706,7.903047071
2013.10.23_hela_gfp-lgn_rap1_stlc_fix-pfa_dapi_gfp_phalloidin_tubulin_spe-60x__cell-5,7,rap1_stlc,41.566,31.154,46.051,21.584,10.56882799
2013.10.23_hela_gfp-lgn_rap1_stlc_fix-pfa_dapi_gfp_phalloidin_tubulin_spe-60x__cell-5,7,rap1_stlc,41.566,31.154,46.451,22.265,10.1428569
2013.10.23_hela_gfp-lgn_rap1_stlc_fix-pfa_dapi_gfp_phalloidin_tubulin_spe-60x__cell-5,7,rap1_stlc,41.566,31.154,48.173,22.745,10.6940979
2013.10.23_hela_gfp-lgn_rap1_stlc_fix-pfa_dapi_gfp_phalloidin_tubulin_spe-60x__cell-5,7,rap1_stlc,41.566,31.154,48.654,24.347,9.827257654
2013.10.23_hela_gfp-lgn_rap1_stlc_fix-pfa_dapi_gfp_phalloidin_tubulin_spe-60x__cell-5,7,rap1_stlc,41.566,31.154,48.854,25.268,9.368027541
2013.10.23_hela_gfp-lgn_rap1_stlc_fix-pfa_dapi_gfp_phalloidin_tubulin_spe-60x__cell-5,7,rap1_stlc,41.566,31.154,53.699,24.467,13.85372361
2013.10.23_hela_gfp-lgn_rap1_stlc_fix-pfa_dapi_gfp_phalloidin_tubulin_spe-60x__cell-5,7,rap1_stlc,41.566,31.154,54.18,24.988,14.04039002
2013.10.23_hela_gfp-lgn_rap1_stlc_fix-pfa_dapi_gfp_phalloidin_tubulin_spe-60x__cell-5,7,rap1_stlc,41.566,31.154,50.296,25.989,10.14347697
2013.10.23_hela_gfp-lgn_rap1_stlc_fix-pfa_dapi_gfp_phalloidin_tubulin_spe-60x__cell-5,7,rap1_stlc,41.566,31.154,48.093,27.51,7.475323739
2013.10.23_hela_gfp-lgn_rap1_stlc_fix-pfa_dapi_gfp_phalloidin_tubulin_spe-60x__cell-5,7,rap1_stlc,41.566,31.154,47.693,26.709,7.569554412
2013.10.23_hela_gfp-lgn_rap1_stlc_fix-pfa_dapi_gfp_phalloidin_tubulin_spe-60x__cell-5,7,rap1_stlc,41.566,31.154,46.211,24.667,7.978545857
2013.10.23_hela_gfp-lgn_rap1_stlc_fix-pfa_dapi_gfp_phalloidin_tubulin_spe-60x__cell-5,7,rap1_stlc,41.566,31.154,45.771,24.627,7.76426133
2013.10.23_hela_gfp-lgn_rap1_stlc_fix-pfa_dapi_gfp_phalloidin_tubulin_spe-60x__cell-5,7,rap1_stlc,41.566,31.154,53.819,27.59,12.76080346
2013.10.23_hela_gfp-lgn_rap1_stlc_fix-pfa_dapi_gfp_phalloidin_tubulin_spe-60x__cell-5,7,rap1_stlc,41.566,31.154,52.658,28.311,11.45055077
2013.10.23_hela_gfp-lgn_rap1_stlc_fix-pfa_dapi_gfp_phalloidin_tubulin_spe-60x__cell-5,7,rap1_stlc,41.566,31.154,52.818,26.589,12.14276447
2013.10.23_hela_gfp-lgn_rap1_stlc_fix-pfa_dapi_gfp_phalloidin_tubulin_spe-60x__cell-5,7,rap1_stlc,41.566,31.154,55.501,28.672,14.15431203
2013.10.23_hela_gfp-lgn_rap1_stlc_fix-pfa_dapi_gfp_phalloidin_tubulin_spe-60x__cell-5,7,rap1_stlc,41.566,31.154,55.581,30.153,14.05070198
2013.10.23_hela_gfp-lgn_rap1_stlc_fix-pfa_dapi_gfp_phalloidin_tubulin_spe-60x__cell-5,7,rap1_stlc,41.566,31.154,54.981,29.753,13.48795856
2013.10.23_hela_gfp-lgn_rap1_stlc_fix-pfa_dapi_gfp_phalloidin_tubulin_spe-60x__cell-5,7,rap1_stlc,41.566,31.154,52.498,32.236,10.98541524
2013.10.23_hela_gfp-lgn_rap1_stlc_fix-pfa_dapi_gfp_phalloidin_tubulin_spe-60x__cell-5,7,rap1_stlc,41.566,31.154,54.3,31.795,12.75012302
2013.10.23_hela_gfp-lgn_rap1_stlc_fix-pfa_dapi_gfp_phalloidin_tubulin_spe-60x__cell-5,7,rap1_stlc,41.566,31.154,50.736,32.436,9.259180525
2013.10.23_hela_gfp-lgn_rap1_stlc_fix-pfa_dapi_gfp_phalloidin_tubulin_spe-60x__cell-5,7,rap1_stlc,41.566,31.154,50.816,33.117,9.455996457
2013.10.23_hela_gfp-lgn_rap1_stlc_fix-pfa_dapi_gfp_phalloidin_tubulin_spe-60x__cell-5,7,rap1_stlc,41.566,31.154,49.014,32.996,7.672396497
2013.10.23_hela_gfp-lgn_rap1_stlc_fix-pfa_dapi_gfp_phalloidin_tubulin_spe-60x__cell-5,7,rap1_stlc,41.566,31.154,52.218,34.478,11.15858772
2013.10.23_hela_gfp-lgn_rap1_stlc_fix-pfa_dapi_gfp_phalloidin_tubulin_spe-60x__cell-5,7,rap1_stlc,41.566,31.154,51.016,36,10.6200855
2013.10.23_hela_gfp-lgn_rap1_stlc_fix-pfa_dapi_gfp_phalloidin_tubulin_spe-60x__cell-5,7,rap1_stlc,41.566,31.154,50.616,34.838,9.771097994
2013.10.23_hela_gfp-lgn_rap1_stlc_fix-pfa_dapi_gfp_phalloidin_tubulin_spe-60x__cell-5,7,rap1_stlc,41.566,31.154,49.775,36.24,9.656866831
2013.10.23_hela_gfp-lgn_rap1_stlc_fix-pfa_dapi_gfp_phalloidin_tubulin_spe-60x__cell-5,7,rap1_stlc,41.566,31.154,50.656,37.441,11.05235129
2013.10.23_hela_gfp-lgn_rap1_stlc_fix-pfa_dapi_gfp_phalloidin_tubulin_spe-60x__cell-5,7,rap1_stlc,41.566,31.154,52.057,38.442,12.77403715
2013.10.23_hela_gfp-lgn_rap1_stlc_fix-pfa_dapi_gfp_phalloidin_tubulin_spe-60x__cell-5,7,rap1_stlc,41.566,31.154,49.695,37.882,10.55209103
2013.10.23_hela_gfp-lgn_rap1_stlc_fix-pfa_dapi_gfp_phalloidin_tubulin_spe-60x__cell-5,7,rap1_stlc,41.566,31.154,49.415,38.322,10.6295355
2013.10.23_hela_gfp-lgn_rap1_stlc_fix-pfa_dapi_gfp_phalloidin_tubulin_spe-60x__cell-5,7,rap1_stlc,41.566,31.154,49.054,38.883,10.76139326
2013.10.23_hela_gfp-lgn_rap1_stlc_fix-pfa_dapi_gfp_phalloidin_tubulin_spe-60x__cell-5,7,rap1_stlc,41.566,31.154,48.053,38.563,9.847560612
2013.10.23_hela_gfp-lgn_rap1_stlc_fix-pfa_dapi_gfp_phalloidin_tubulin_spe-60x__cell-5,7,rap1_stlc,41.566,31.154,47.613,40.445,11.08552615
2013.10.23_hela_gfp-lgn_rap1_stlc_fix-pfa_dapi_gfp_phalloidin_tubulin_spe-60x__cell-5,7,rap1_stlc,41.566,31.154,46.291,41.005,10.92555838
2013.10.23_hela_gfp-lgn_rap1_stlc_fix-pfa_dapi_gfp_phalloidin_tubulin_spe-60x__cell-5,7,rap1_stlc,41.566,31.154,45.61,42.167,11.73201198
2013.10.23_hela_gfp-lgn_rap1_stlc_fix-pfa_dapi_gfp_phalloidin_tubulin_spe-60x__cell-5,7,rap1_stlc,41.566,31.154,46.091,40.324,10.22567968
2013.10.23_hela_gfp-lgn_rap1_stlc_fix-pfa_dapi_gfp_phalloidin_tubulin_spe-60x__cell-5,7,rap1_stlc,41.566,31.154,43.848,41.766,10.85458742
2013.10.23_hela_gfp-lgn_rap1_stlc_fix-pfa_dapi_gfp_phalloidin_tubulin_spe-60x__cell-5,7,rap1_stlc,41.566,31.154,42.006,42.967,11.82119152
2013.10.23_hela_gfp-lgn_rap1_stlc_fix-pfa_dapi_gfp_phalloidin_tubulin_spe-60x__cell-5,7,rap1_stlc,41.566,31.154,40.925,42.967,11.83037827
2013.10.23_hela_gfp-lgn_rap1_stlc_fix-pfa_dapi_gfp_phalloidin_tubulin_spe-60x__cell-5,7,rap1_stlc,41.566,31.154,38.963,45.33,14.41300056
2013.10.23_hela_gfp-lgn_rap1_stlc_fix-pfa_dapi_gfp_phalloidin_tubulin_spe-60x__cell-5,7,rap1_stlc,41.566,31.154,40.645,41.486,10.37296799
2013.10.23_hela_gfp-lgn_rap1_stlc_fix-pfa_dapi_gfp_phalloidin_tubulin_spe-60x__cell-5,7,rap1_stlc,41.566,31.154,38.683,42.167,11.3841055
2013.10.23_hela_gfp-lgn_rap1_stlc_fix-pfa_dapi_gfp_phalloidin_tubulin_spe-60x__cell-5,7,rap1_stlc,41.566,31.154,31.635,47.092,18.77883396
2013.10.23_hela_gfp-lgn_rap1_stlc_fix-pfa_dapi_gfp_phalloidin_tubulin_spe-60x__cell-5,7,rap1_stlc,41.566,31.154,37.041,41.165,10.98616157
2013.10.23_hela_gfp-lgn_rap1_stlc_fix-pfa_dapi_gfp_phalloidin_tubulin_spe-60x__cell-5,7,rap1_stlc,41.566,31.154,38.803,39.524,8.81425374
2013.10.23_hela_gfp-lgn_rap1_stlc_fix-pfa_dapi_gfp_phalloidin_tubulin_spe-60x__cell-5,7,rap1_stlc,41.566,31.154,35.359,39.203,10.16431257
2013.10.23_hela_gfp-lgn_rap1_stlc_fix-pfa_dapi_gfp_phalloidin_tubulin_spe-60x__cell-5,7,rap1_stlc,41.566,31.154,34.959,38.803,10.1074057
2013.10.23_hela_gfp-lgn_rap1_stlc_fix-pfa_dapi_gfp_phalloidin_tubulin_spe-60x__cell-5,7,rap1_stlc,41.566,31.154,30.914,40.885,14.42766319
2013.10.23_hela_gfp-lgn_rap1_stlc_fix-pfa_dapi_gfp_phalloidin_tubulin_spe-60x__cell-5,7,rap1_stlc,41.566,31.154,27.791,41.926,17.48675525
2013.10.23_hela_gfp-lgn_rap1_stlc_fix-pfa_dapi_gfp_phalloidin_tubulin_spe-60x__cell-5,7,rap1_stlc,41.566,31.154,27.07,41.125,17.59417111
2013.10.23_hela_gfp-lgn_rap1_stlc_fix-pfa_dapi_gfp_phalloidin_tubulin_spe-60x__cell-5,7,rap1_stlc,41.566,31.154,30.594,37.361,12.60601575
2013.10.23_hela_gfp-lgn_rap1_stlc_fix-pfa_dapi_gfp_phalloidin_tubulin_spe-60x__cell-5,7,rap1_stlc,41.566,31.154,31.795,36.721,11.24561826
2013.10.23_hela_gfp-lgn_rap1_stlc_fix-pfa_dapi_gfp_phalloidin_tubulin_spe-60x__cell-5,7,rap1_stlc,41.566,31.154,36.36,33.717,5.802706696
2013.10.23_hela_gfp-lgn_rap1_stlc_fix-pfa_dapi_gfp_phalloidin_tubulin_spe-60x__cell-5,7,rap1_stlc,41.566,31.154,26.83,36.721,15.75249774
2013.10.23_hela_gfp-lgn_rap1_stlc_fix-pfa_dapi_gfp_phalloidin_tubulin_spe-60x__cell-5,7,rap1_stlc,41.566,31.154,27.55,34.758,14.47194085
2013.10.23_hela_gfp-lgn_rap1_stlc_fix-pfa_dapi_gfp_phalloidin_tubulin_spe-60x__cell-5,7,rap1_stlc,41.566,31.154,30.113,34.078,11.82036315
2013.10.23_hela_gfp-lgn_rap1_stlc_fix-pfa_dapi_gfp_phalloidin_tubulin_spe-60x__cell-5,7,rap1_stlc,41.566,31.154,31.835,33.637,10.04279095
2013.10.23_hela_gfp-lgn_rap1_stlc_fix-pfa_dapi_gfp_phalloidin_tubulin_spe-60x__cell-5,7,rap1_stlc,41.566,31.154,28.431,34.438,13.53930873
2013.10.23_hela_gfp-lgn_rap1_stlc_fix-pfa_dapi_gfp_phalloidin_tubulin_spe-60x__cell-5,7,rap1_stlc,41.566,31.154,29.232,32.436,12.40044677
2013.10.23_hela_gfp-lgn_rap1_stlc_fix-pfa_dapi_gfp_phalloidin_tubulin_spe-60x__cell-5,7,rap1_stlc,41.566,31.154,25.108,31.595,16.46390734
2013.10.23_hela_gfp-lgn_rap1_stlc_fix-pfa_dapi_gfp_phalloidin_tubulin_spe-60x__cell-5,7,rap1_stlc,41.566,31.154,27.711,30.994,13.85592382
2013.10.23_hela_gfp-lgn_rap1_stlc_fix-pfa_dapi_gfp_phalloidin_tubulin_spe-60x__cell-5,7,rap1_stlc,41.566,31.154,29.553,27.831,12.46412845
2013.10.23_hela_gfp-lgn_rap1_stlc_fix-pfa_dapi_gfp_phalloidin_tubulin_spe-60x__cell-5,7,rap1_stlc,41.566,31.154,31.074,27.911,10.98176275
2013.10.23_hela_gfp-lgn_rap1_stlc_fix-pfa_dapi_gfp_phalloidin_tubulin_spe-60x__cell-5,7,rap1_stlc,41.566,31.154,31.635,26.91,10.79982856
2013.10.23_hela_gfp-lgn_rap1_stlc_fix-pfa_dapi_gfp_phalloidin_tubulin_spe-60x__cell-5,7,rap1_stlc,41.566,31.154,34.238,25.909,9.011637421
2013.10.23_hela_gfp-lgn_rap1_stlc_fix-pfa_dapi_gfp_phalloidin_tubulin_spe-60x__cell-5,7,rap1_stlc,41.566,31.154,33.357,26.269,9.552534009
2013.10.23_hela_gfp-lgn_rap1_stlc_fix-pfa_dapi_gfp_phalloidin_tubulin_spe-60x__cell-5,7,rap1_stlc,41.566,31.154,32.676,24.307,11.22111888
2013.10.23_hela_gfp-lgn_rap1_stlc_fix-pfa_dapi_gfp_phalloidin_tubulin_spe-60x__cell-5,7,rap1_stlc,41.566,31.154,33.717,22.825,11.44460755
2013.10.23_hela_gfp-lgn_rap1_stlc_fix-pfa_dapi_gfp_phalloidin_tubulin_spe-60x__cell-5,7,rap1_stlc,41.566,31.154,35.199,23.426,10.01302517
2013.10.23_hela_gfp-lgn_rap1_stlc_fix-pfa_dapi_gfp_phalloidin_tubulin_spe-60x__cell-5,7,rap1_stlc,41.566,31.154,34.518,21.063,12.30863863
2013.10.23_hela_gfp-lgn_rap1_stlc_fix-pfa_dapi_gfp_phalloidin_tubulin_spe-60x__cell-5,7,rap1_stlc,41.566,31.154,35.88,22.064,10.72187931
2013.10.23_hela_gfp-lgn_rap1_stlc_fix-pfa_dapi_gfp_phalloidin_tubulin_spe-60x__cell-5,7,rap1_stlc,41.566,31.154,36.961,22.385,9.904614379
2013.10.23_hela_gfp-lgn_rap1_stlc_fix-pfa_dapi_gfp_phalloidin_tubulin_spe-60x__cell-5,7,rap1_stlc,41.566,31.154,37.201,20.743,11.28902768
2013.10.23_hela_gfp-lgn_rap1_stlc_fix-pfa_dapi_gfp_phalloidin_tubulin_spe-60x__cell-5,7,rap1_stlc,41.566,31.154,37.922,24.307,7.756297119
2013.10.23_hela_gfp-lgn_rap1_stlc_fix-pfa_dapi_gfp_phalloidin_tubulin_spe-60x__cell-5,7,rap1_stlc,41.566,31.154,39.484,23.626,7.810602282
2013.10.23_hela_gfp-lgn_rap1_stlc_fix-pfa_dapi_gfp_phalloidin_tubulin_spe-60x__cell-5,7,rap1_stlc,41.566,31.154,39.444,21.384,9.997788956
2013.10.23_hela_gfp-lgn_rap1_stlc_fix-pfa_dapi_gfp_phalloidin_tubulin_spe-60x__cell-5,7,rap1_stlc,41.566,31.154,39.924,19.742,11.52952332
2013.10.23_hela_gfp-lgn_rap1_stlc_fix-pfa_dapi_gfp_phalloidin_tubulin_spe-60x__cell-5,7,rap1_stlc,41.566,31.154,40.605,20.382,10.81478178
2013.10.23_hela_gfp-lgn_rap1_stlc_fix-pfa_dapi_gfp_phalloidin_tubulin_spe-60x__cell-5,7,rap1_stlc,41.566,31.154,34.798,27.831,7.539771416
2013.10.23_hela_gfp-lgn_rap1_stlc_fix-pfa_dapi_gfp_phalloidin_tubulin_spe-60x__cell-5,7,rap1_stlc,41.566,31.154,34.238,27.19,8.331439251
2013.10.23_hela_gfp-lgn_rap1_stlc_fix-pfa_dapi_gfp_phalloidin_tubulin_spe-60x__cell-5,7,rap1_stlc,41.566,31.154,49.895,29.232,8.547884241
2013.10.23_hela_gfp-lgn_rap1_stlc_fix-pfa_dapi_gfp_phalloidin_tubulin_spe-60x__cell-6,8,rap1_stlc,53.259,55.181,55.621,46.531,8.966690805
2013.10.23_hela_gfp-lgn_rap1_stlc_fix-pfa_dapi_gfp_phalloidin_tubulin_spe-60x__cell-6,8,rap1_stlc,53.259,55.181,57.023,45.891,10.02356204
2013.10.23_hela_gfp-lgn_rap1_stlc_fix-pfa_dapi_gfp_phalloidin_tubulin_spe-60x__cell-6,8,rap1_stlc,53.259,55.181,56.663,47.973,7.971353712
2013.10.23_hela_gfp-lgn_rap1_stlc_fix-pfa_dapi_gfp_phalloidin_tubulin_spe-60x__cell-6,8,rap1_stlc,53.259,55.181,59.666,43.448,13.36835585
2013.10.23_hela_gfp-lgn_rap1_stlc_fix-pfa_dapi_gfp_phalloidin_tubulin_spe-60x__cell-6,8,rap1_stlc,53.259,55.181,60.347,45.05,12.36434006
2013.10.23_hela_gfp-lgn_rap1_stlc_fix-pfa_dapi_gfp_phalloidin_tubulin_spe-60x__cell-6,8,rap1_stlc,53.259,55.181,59.626,47.252,10.16895914
2013.10.23_hela_gfp-lgn_rap1_stlc_fix-pfa_dapi_gfp_phalloidin_tubulin_spe-60x__cell-6,8,rap1_stlc,53.259,55.181,58.104,49.455,7.50074003
2013.10.23_hela_gfp-lgn_rap1_stlc_fix-pfa_dapi_gfp_phalloidin_tubulin_spe-60x__cell-6,8,rap1_stlc,53.259,55.181,58.905,49.294,8.156842833
2013.10.23_hela_gfp-lgn_rap1_stlc_fix-pfa_dapi_gfp_phalloidin_tubulin_spe-60x__cell-6,8,rap1_stlc,53.259,55.181,60.146,49.615,8.855005647
2013.10.23_hela_gfp-lgn_rap1_stlc_fix-pfa_dapi_gfp_phalloidin_tubulin_spe-60x__cell-6,8,rap1_stlc,53.259,55.181,62.269,50.095,10.34637598
2013.10.23_hela_gfp-lgn_rap1_stlc_fix-pfa_dapi_gfp_phalloidin_tubulin_spe-60x__cell-6,8,rap1_stlc,53.259,55.181,62.309,51.897,9.627416891
2013.10.23_hela_gfp-lgn_rap1_stlc_fix-pfa_dapi_gfp_phalloidin_tubulin_spe-60x__cell-6,8,rap1_stlc,53.259,55.181,61.588,49.775,9.929606085
2013.10.23_hela_gfp-lgn_rap1_stlc_fix-pfa_dapi_gfp_phalloidin_tubulin_spe-60x__cell-6,8,rap1_stlc,53.259,55.181,60.387,51.497,8.023729806
2013.10.23_hela_gfp-lgn_rap1_stlc_fix-pfa_dapi_gfp_phalloidin_tubulin_spe-60x__cell-6,8,rap1_stlc,53.259,55.181,61.508,53.219,8.479118173
2013.10.23_hela_gfp-lgn_rap1_stlc_fix-pfa_dapi_gfp_phalloidin_tubulin_spe-60x__cell-6,8,rap1_stlc,53.259,55.181,63.03,53.419,9.928599347
2013.10.23_hela_gfp-lgn_rap1_stlc_fix-pfa_dapi_gfp_phalloidin_tubulin_spe-60x__cell-6,8,rap1_stlc,53.259,55.181,63.03,54.7,9.782832003
2013.10.23_hela_gfp-lgn_rap1_stlc_fix-pfa_dapi_gfp_phalloidin_tubulin_spe-60x__cell-6,8,rap1_stlc,53.259,55.181,61.548,54.901,8.293727811
2013.10.23_hela_gfp-lgn_rap1_stlc_fix-pfa_dapi_gfp_phalloidin_tubulin_spe-60x__cell-6,8,rap1_stlc,53.259,55.181,63.43,56.022,10.20571026
2013.10.23_hela_gfp-lgn_rap1_stlc_fix-pfa_dapi_gfp_phalloidin_tubulin_spe-60x__cell-6,8,rap1_stlc,53.259,55.181,63.43,56.462,10.25135123
2013.10.23_hela_gfp-lgn_rap1_stlc_fix-pfa_dapi_gfp_phalloidin_tubulin_spe-60x__cell-6,8,rap1_stlc,53.259,55.181,63.55,57.103,10.46894288
2013.10.23_hela_gfp-lgn_rap1_stlc_fix-pfa_dapi_gfp_phalloidin_tubulin_spe-60x__cell-6,8,rap1_stlc,53.259,55.181,63.43,57.704,10.47925427
2013.10.23_hela_gfp-lgn_rap1_stlc_fix-pfa_dapi_gfp_phalloidin_tubulin_spe-60x__cell-6,8,rap1_stlc,53.259,55.181,64.872,59.586,12.42037817
2013.10.23_hela_gfp-lgn_rap1_stlc_fix-pfa_dapi_gfp_phalloidin_tubulin_spe-60x__cell-6,8,rap1_stlc,53.259,55.181,63.911,59.866,11.63676626
2013.10.23_hela_gfp-lgn_rap1_stlc_fix-pfa_dapi_gfp_phalloidin_tubulin_spe-60x__cell-6,8,rap1_stlc,53.259,55.181,61.988,59.145,9.586904453
2013.10.23_hela_gfp-lgn_rap1_stlc_fix-pfa_dapi_gfp_phalloidin_tubulin_spe-60x__cell-6,8,rap1_stlc,53.259,55.181,62.309,58.545,9.654998498
2013.10.23_hela_gfp-lgn_rap1_stlc_fix-pfa_dapi_gfp_phalloidin_tubulin_spe-60x__cell-6,8,rap1_stlc,53.259,55.181,61.868,59.706,9.72576506
2013.10.23_hela_gfp-lgn_rap1_stlc_fix-pfa_dapi_gfp_phalloidin_tubulin_spe-60x__cell-6,8,rap1_stlc,53.259,55.181,63.59,60.907,11.81171609
2013.10.23_hela_gfp-lgn_rap1_stlc_fix-pfa_dapi_gfp_phalloidin_tubulin_spe-60x__cell-6,8,rap1_stlc,53.259,55.181,61.067,60.146,9.252896249
2013.10.23_hela_gfp-lgn_rap1_stlc_fix-pfa_dapi_gfp_phalloidin_tubulin_spe-60x__cell-6,8,rap1_stlc,53.259,55.181,62.309,61.668,11.13479542
2013.10.23_hela_gfp-lgn_rap1_stlc_fix-pfa_dapi_gfp_phalloidin_tubulin_spe-60x__cell-6,8,rap1_stlc,53.259,55.181,61.107,63.19,11.21317016
2013.10.23_hela_gfp-lgn_rap1_stlc_fix-pfa_dapi_gfp_phalloidin_tubulin_spe-60x__cell-6,8,rap1_stlc,53.259,55.181,58.865,61.027,8.099564927
2013.10.23_hela_gfp-lgn_rap1_stlc_fix-pfa_dapi_gfp_phalloidin_tubulin_spe-60x__cell-6,8,rap1_stlc,53.259,55.181,59.025,62.869,9.61
2013.10.23_hela_gfp-lgn_rap1_stlc_fix-pfa_dapi_gfp_phalloidin_tubulin_spe-60x__cell-6,8,rap1_stlc,53.259,55.181,58.384,63.11,9.441115718
2013.10.23_hela_gfp-lgn_rap1_stlc_fix-pfa_dapi_gfp_phalloidin_tubulin_spe-60x__cell-6,8,rap1_stlc,53.259,55.181,57.784,62.829,8.886367593
2013.10.23_hela_gfp-lgn_rap1_stlc_fix-pfa_dapi_gfp_phalloidin_tubulin_spe-60x__cell-6,8,rap1_stlc,53.259,55.181,57.263,62.829,8.632723788
2013.10.23_hela_gfp-lgn_rap1_stlc_fix-pfa_dapi_gfp_phalloidin_tubulin_spe-60x__cell-6,8,rap1_stlc,53.259,55.181,57.263,63.59,9.313608162
2013.10.23_hela_gfp-lgn_rap1_stlc_fix-pfa_dapi_gfp_phalloidin_tubulin_spe-60x__cell-6,8,rap1_stlc,53.259,55.181,55.902,63.67,8.890926273
2013.10.23_hela_gfp-lgn_rap1_stlc_fix-pfa_dapi_gfp_phalloidin_tubulin_spe-60x__cell-6,8,rap1_stlc,53.259,55.181,55.701,61.588,6.856603605
2013.10.23_hela_gfp-lgn_rap1_stlc_fix-pfa_dapi_gfp_phalloidin_tubulin_spe-60x__cell-6,8,rap1_stlc,53.259,55.181,54.58,61.348,6.306895433
2013.10.23_hela_gfp-lgn_rap1_stlc_fix-pfa_dapi_gfp_phalloidin_tubulin_spe-60x__cell-6,8,rap1_stlc,53.259,55.181,53.299,63.63,8.449094685
2013.10.23_hela_gfp-lgn_rap1_stlc_fix-pfa_dapi_gfp_phalloidin_tubulin_spe-60x__cell-6,8,rap1_stlc,53.259,55.181,50.175,63.71,9.06944855
2013.10.23_hela_gfp-lgn_rap1_stlc_fix-pfa_dapi_gfp_phalloidin_tubulin_spe-60x__cell-6,8,rap1_stlc,53.259,55.181,48.894,64.151,9.975676669
2013.10.23_hela_gfp-lgn_rap1_stlc_fix-pfa_dapi_gfp_phalloidin_tubulin_spe-60x__cell-6,8,rap1_stlc,53.259,55.181,48.253,64.711,10.76480079
2013.10.23_hela_gfp-lgn_rap1_stlc_fix-pfa_dapi_gfp_phalloidin_tubulin_spe-60x__cell-6,8,rap1_stlc,53.259,55.181,49.775,62.189,7.826258365
2013.10.23_hela_gfp-lgn_rap1_stlc_fix-pfa_dapi_gfp_phalloidin_tubulin_spe-60x__cell-6,8,rap1_stlc,53.259,55.181,39.123,58.945,14.62854032
2013.10.23_hela_gfp-lgn_rap1_stlc_fix-pfa_dapi_gfp_phalloidin_tubulin_spe-60x__cell-6,8,rap1_stlc,53.259,55.181,39.764,54.82,13.49982763
2013.10.23_hela_gfp-lgn_rap1_stlc_fix-pfa_dapi_gfp_phalloidin_tubulin_spe-60x__cell-6,8,rap1_stlc,53.259,55.181,40.124,53.539,13.23723495
2013.10.23_hela_gfp-lgn_rap1_stlc_fix-pfa_dapi_gfp_phalloidin_tubulin_spe-60x__cell-6,8,rap1_stlc,53.259,55.181,39.644,51.977,13.98691678
2013.10.23_hela_gfp-lgn_rap1_stlc_fix-pfa_dapi_gfp_phalloidin_tubulin_spe-60x__cell-6,8,rap1_stlc,53.259,55.181,42.207,62.309,13.15123903
2013.10.23_hela_gfp-lgn_rap1_stlc_fix-pfa_dapi_gfp_phalloidin_tubulin_spe-60x__cell-6,8,rap1_stlc,53.259,55.181,45.53,62.389,10.56847695
2013.10.23_hela_gfp-lgn_rap1_stlc_fix-pfa_dapi_gfp_phalloidin_tubulin_spe-60x__cell-6,8,rap1_stlc,53.259,55.181,44.849,62.028,10.84479179
2013.10.23_hela_gfp-lgn_rap1_stlc_fix-pfa_dapi_gfp_phalloidin_tubulin_spe-60x__cell-6,8,rap1_stlc,53.259,55.181,42.727,56.502,10.61452142
2013.10.23_hela_gfp-lgn_rap1_stlc_fix-pfa_dapi_gfp_phalloidin_tubulin_spe-60x__cell-6,8,rap1_stlc,53.259,55.181,41.766,58.985,12.10617466
2013.10.23_hela_gfp-lgn_rap1_stlc_fix-pfa_dapi_gfp_phalloidin_tubulin_spe-60x__cell-6,8,rap1_stlc,53.259,55.181,43.448,55.581,9.819150727
2013.10.23_hela_gfp-lgn_rap1_stlc_fix-pfa_dapi_gfp_phalloidin_tubulin_spe-60x__cell-6,8,rap1_stlc,53.259,55.181,38.683,50.055,15.45107284
2013.10.23_hela_gfp-lgn_rap1_stlc_fix-pfa_dapi_gfp_phalloidin_tubulin_spe-60x__cell-6,8,rap1_stlc,53.259,55.181,44.489,52.418,9.194948015
2013.10.23_hela_gfp-lgn_rap1_stlc_fix-pfa_dapi_gfp_phalloidin_tubulin_spe-60x__cell-6,8,rap1_stlc,53.259,55.181,44.249,50.296,10.24906459
2013.10.23_hela_gfp-lgn_rap1_stlc_fix-pfa_dapi_gfp_phalloidin_tubulin_spe-60x__cell-6,8,rap1_stlc,53.259,55.181,43.728,47.893,11.99812089
2013.10.23_hela_gfp-lgn_rap1_stlc_fix-pfa_dapi_gfp_phalloidin_tubulin_spe-60x__cell-6,8,rap1_stlc,53.259,55.181,43.768,49.455,11.08450076
2013.10.23_hela_gfp-lgn_rap1_stlc_fix-pfa_dapi_gfp_phalloidin_tubulin_spe-60x__cell-6,8,rap1_stlc,53.259,55.181,45.49,48.413,10.30355206
2013.10.23_hela_gfp-lgn_rap1_stlc_fix-pfa_dapi_gfp_phalloidin_tubulin_spe-60x__cell-6,8,rap1_stlc,53.259,55.181,46.051,47.773,10.33604025
2013.10.23_hela_gfp-lgn_rap1_stlc_fix-pfa_dapi_gfp_phalloidin_tubulin_spe-60x__cell-6,8,rap1_stlc,53.259,55.181,47.572,47.572,9.49941314
2013.10.23_hela_gfp-lgn_rap1_stlc_fix-pfa_dapi_gfp_phalloidin_tubulin_spe-60x__cell-6,8,rap1_stlc,53.259,55.181,47.613,46.571,10.29608741
2013.10.23_hela_gfp-lgn_rap1_stlc_fix-pfa_dapi_gfp_phalloidin_tubulin_spe-60x__cell-6,8,rap1_stlc,53.259,55.181,48.093,45.851,10.66472953
2013.10.23_hela_gfp-lgn_rap1_stlc_fix-pfa_dapi_gfp_phalloidin_tubulin_spe-60x__cell-6,8,rap1_stlc,53.259,55.181,47.012,47.532,9.875839711
2013.10.23_hela_gfp-lgn_rap1_stlc_fix-pfa_dapi_gfp_phalloidin_tubulin_spe-60x__cell-6,8,rap1_stlc,53.259,55.181,49.855,46.892,8.960733062
2013.10.23_hela_gfp-lgn_rap1_stlc_fix-pfa_dapi_gfp_phalloidin_tubulin_spe-60x__cell-6,8,rap1_stlc,53.259,55.181,50.296,46.692,8.991245186
2013.10.23_hela_gfp-lgn_rap1_stlc_fix-pfa_dapi_gfp_phalloidin_tubulin_spe-60x__cell-6,8,rap1_stlc,53.259,55.181,50.896,47.052,8.465483448
2013.10.23_hela_gfp-lgn_rap1_stlc_fix-pfa_dapi_gfp_phalloidin_tubulin_spe-60x__cell-6,8,rap1_stlc,53.259,55.181,52.298,44.489,10.73510061
2013.10.23_hela_gfp-lgn_rap1_stlc_fix-pfa_dapi_gfp_phalloidin_tubulin_spe-60x__cell-6,8,rap1_stlc,53.259,55.181,52.698,46.411,8.787924727
2013.10.23_hela_gfp-lgn_rap1_stlc_fix-pfa_dapi_gfp_phalloidin_tubulin_spe-60x__cell-6,8,rap1_stlc,53.259,55.181,53.459,46.131,9.052209675
2013.10.23_hela_gfp-lgn_rap1_stlc_fix-pfa_dapi_gfp_phalloidin_tubulin_spe-60x__cell-6,8,rap1_stlc,53.259,55.181,55.021,45.17,10.164879
2013.10.23_hela_gfp-lgn_rap1_stlc_fix-pfa_dapi_gfp_phalloidin_tubulin_spe-60x__cell-6,8,rap1_stlc,53.259,55.181,54.981,41.446,13.84252538
2013.10.23_hela_gfp-lgn_rap1_stlc_fix-pfa_dapi_gfp_phalloidin_tubulin_spe-60x__cell-6,8,rap1_stlc,53.259,55.181,42.967,54.74,10.30144383
2013.10.23_hela_gfp-lgn_rap1_stlc_fix-pfa_dapi_gfp_phalloidin_tubulin_spe-60x__cell-6,8,rap1_stlc,53.259,55.181,47.372,48.934,8.583809061
2013.10.23_hela_gfp-lgn_rap1_stlc_fix-pfa_dapi_gfp_phalloidin_tubulin_spe-60x__cell-6,8,rap1_stlc,53.259,55.181,50.696,48.293,7.349388614
2013.10.23_hela_gfp-lgn_rap1_stlc_fix-pfa_dapi_gfp_phalloidin_tubulin_spe-60x__cell-6,8,rap1_stlc,53.259,55.181,49.975,49.575,6.497067954
2013.10.23_hela_gfp-lgn_rap1_stlc_fix-pfa_dapi_gfp_phalloidin_tubulin_spe-60x__cell-6,8,rap1_stlc,53.259,55.181,43.688,57.864,9.939946177