Experiment,Cell,Cell_Number,Treatment,Hours_Treatment,Time_Resolution,Frame,Time,X_pole,Y_pole,Pole_velocity
2015.01.15.hela_gfp-tub_rfp-h2b_rap1_stlc_rnai-ctrl-dyn-lgn-numa_gfp2-40x,ctrl-2day-5,1,control_rnai,48,3.5,1,0,78.612,133.706,
2015.01.15.hela_gfp-tub_rfp-h2b_rap1_stlc_rnai-ctrl-dyn-lgn-numa_gfp2-40x,ctrl-2day-5,1,control_rnai,48,3.5,2,3.5,78.447,133.87,0.066468344
2015.01.15.hela_gfp-tub_rfp-h2b_rap1_stlc_rnai-ctrl-dyn-lgn-numa_gfp2-40x,ctrl-2day-5,1,control_rnai,48,3.5,3,7,78.118,133.212,0.21019039
2015.01.15.hela_gfp-tub_rfp-h2b_rap1_stlc_rnai-ctrl-dyn-lgn-numa_gfp2-40x,ctrl-2day-5,1,control_rnai,48,3.5,4,10.5,76.145,132.883,0.571497853
2015.01.15.hela_gfp-tub_rfp-h2b_rap1_stlc_rnai-ctrl-dyn-lgn-numa_gfp2-40x,ctrl-2day-5,1,control_rnai,48,3.5,5,14,75.98,132.225,0.193820662
2015.01.15.hela_gfp-tub_rfp-h2b_rap1_stlc_rnai-ctrl-dyn-lgn-numa_gfp2-40x,ctrl-2day-5,1,control_rnai,48,3.5,6,17.5,72.033,132.39,1.128699233
2015.01.15.hela_gfp-tub_rfp-h2b_rap1_stlc_rnai-ctrl-dyn-lgn-numa_gfp2-40x,ctrl-2day-5,1,control_rnai,48,3.5,7,21,69.895,133.706,0.717302202
2015.01.15.hela_gfp-tub_rfp-h2b_rap1_stlc_rnai-ctrl-dyn-lgn-numa_gfp2-40x,ctrl-2day-5,1,control_rnai,48,3.5,8,24.5,66.935,132.719,0.891491252
2015.01.15.hela_gfp-tub_rfp-h2b_rap1_stlc_rnai-ctrl-dyn-lgn-numa_gfp2-40x,ctrl-2day-5,1,control_rnai,48,3.5,9,28,66.606,133.048,0.132936075
2015.01.15.hela_gfp-tub_rfp-h2b_rap1_stlc_rnai-ctrl-dyn-lgn-numa_gfp2-40x,ctrl-2day-5,1,control_rnai,48,3.5,10,31.5,67.099,131.896,0.358016417
2015.01.15.hela_gfp-tub_rfp-h2b_rap1_stlc_rnai-ctrl-dyn-lgn-numa_gfp2-40x,ctrl-2day-5,1,control_rnai,48,3.5,11,35,66.935,132.225,0.105031385
2015.01.15.hela_gfp-tub_rfp-h2b_rap1_stlc_rnai-ctrl-dyn-lgn-numa_gfp2-40x,ctrl-2day-5,1,control_rnai,48,3.5,12,38.5,68.086,131.403,0.404110007
2015.01.15.hela_gfp-tub_rfp-h2b_rap1_stlc_rnai-ctrl-dyn-lgn-numa_gfp2-40x,ctrl-2day-5,1,control_rnai,48,3.5,13,42,67.099,132.719,0.47
2015.01.15.hela_gfp-tub_rfp-h2b_rap1_stlc_rnai-ctrl-dyn-lgn-numa_gfp2-40x,ctrl-2day-5,1,control_rnai,48,3.5,14,45.5,68.086,131.732,0.398808225
2015.01.15.hela_gfp-tub_rfp-h2b_rap1_stlc_rnai-ctrl-dyn-lgn-numa_gfp2-40x,ctrl-2day-5,1,control_rnai,48,3.5,15,49,67.428,132.225,0.234914314
2015.01.15.hela_gfp-tub_rfp-h2b_rap1_stlc_rnai-ctrl-dyn-lgn-numa_gfp2-40x,ctrl-2day-5,1,control_rnai,48,3.5,16,52.5,68.086,131.896,0.21019039
2015.01.15.hela_gfp-tub_rfp-h2b_rap1_stlc_rnai-ctrl-dyn-lgn-numa_gfp2-40x,ctrl-2day-5,1,control_rnai,48,3.5,17,56,68.909,133.377,0.484088877
2015.01.15.hela_gfp-tub_rfp-h2b_rap1_stlc_rnai-ctrl-dyn-lgn-numa_gfp2-40x,ctrl-2day-5,1,control_rnai,48,3.5,18,59.5,67.593,133.212,0.37894386
2015.01.15.hela_gfp-tub_rfp-h2b_rap1_stlc_rnai-ctrl-dyn-lgn-numa_gfp2-40x,ctrl-2day-5,1,control_rnai,48,3.5,19,63,67.099,132.225,0.315349498
2015.01.15.hela_gfp-tub_rfp-h2b_rap1_stlc_rnai-ctrl-dyn-lgn-numa_gfp2-40x,ctrl-2day-5,1,control_rnai,48,3.5,20,66.5,67.428,132.554,0.132936075
2015.01.15.hela_gfp-tub_rfp-h2b_rap1_stlc_rnai-ctrl-dyn-lgn-numa_gfp2-40x,ctrl-2day-7,2,control_rnai,48,3.5,1,0,191.595,62.33,
2015.01.15.hela_gfp-tub_rfp-h2b_rap1_stlc_rnai-ctrl-dyn-lgn-numa_gfp2-40x,ctrl-2day-7,2,control_rnai,48,3.5,2,3.5,190.773,64.797,0.742954554
2015.01.15.hela_gfp-tub_rfp-h2b_rap1_stlc_rnai-ctrl-dyn-lgn-numa_gfp2-40x,ctrl-2day-7,2,control_rnai,48,3.5,3,7,189.786,70.224,1.576006267
2015.01.15.hela_gfp-tub_rfp-h2b_rap1_stlc_rnai-ctrl-dyn-lgn-numa_gfp2-40x,ctrl-2day-7,2,control_rnai,48,3.5,4,10.5,185.839,73.842,1.529805456
2015.01.15.hela_gfp-tub_rfp-h2b_rap1_stlc_rnai-ctrl-dyn-lgn-numa_gfp2-40x,ctrl-2day-7,2,control_rnai,48,3.5,5,14,181.892,74.994,1.174765734
2015.01.15.hela_gfp-tub_rfp-h2b_rap1_stlc_rnai-ctrl-dyn-lgn-numa_gfp2-40x,ctrl-2day-7,2,control_rnai,48,3.5,6,17.5,179.59,76.474,0.781918311
2015.01.15.hela_gfp-tub_rfp-h2b_rap1_stlc_rnai-ctrl-dyn-lgn-numa_gfp2-40x,ctrl-2day-7,2,control_rnai,48,3.5,7,21,176.958,75.487,0.803136352
2015.01.15.hela_gfp-tub_rfp-h2b_rap1_stlc_rnai-ctrl-dyn-lgn-numa_gfp2-40x,ctrl-2day-7,2,control_rnai,48,3.5,8,24.5,174.656,74.5,0.715620068
2015.01.15.hela_gfp-tub_rfp-h2b_rap1_stlc_rnai-ctrl-dyn-lgn-numa_gfp2-40x,ctrl-2day-7,2,control_rnai,48,3.5,9,28,172.354,71.54,1.07136396
2015.01.15.hela_gfp-tub_rfp-h2b_rap1_stlc_rnai-ctrl-dyn-lgn-numa_gfp2-40x,ctrl-2day-7,2,control_rnai,48,3.5,10,31.5,168.9,67.757,1.463604859
2015.01.15.hela_gfp-tub_rfp-h2b_rap1_stlc_rnai-ctrl-dyn-lgn-numa_gfp2-40x,ctrl-2day-7,2,control_rnai,48,3.5,11,35,169.064,63.481,1.222612526
2015.01.15.hela_gfp-tub_rfp-h2b_rap1_stlc_rnai-ctrl-dyn-lgn-numa_gfp2-40x,ctrl-2day-7,2,control_rnai,48,3.5,12,38.5,172.025,60.686,1.163371104
2015.01.15.hela_gfp-tub_rfp-h2b_rap1_stlc_rnai-ctrl-dyn-lgn-numa_gfp2-40x,ctrl-2day-7,2,control_rnai,48,3.5,13,42,174.985,60.686,0.845714286
2015.01.15.hela_gfp-tub_rfp-h2b_rap1_stlc_rnai-ctrl-dyn-lgn-numa_gfp2-40x,ctrl-2day-7,2,control_rnai,48,3.5,14,45.5,175.643,59.37,0.42038078
2015.01.15.hela_gfp-tub_rfp-h2b_rap1_stlc_rnai-ctrl-dyn-lgn-numa_gfp2-40x,ctrl-2day-7,2,control_rnai,48,3.5,15,49,177.287,59.205,0.472074103
2015.01.15.hela_gfp-tub_rfp-h2b_rap1_stlc_rnai-ctrl-dyn-lgn-numa_gfp2-40x,ctrl-2day-7,2,control_rnai,48,3.5,16,52.5,180.576,60.192,0.981115151
2015.01.15.hela_gfp-tub_rfp-h2b_rap1_stlc_rnai-ctrl-dyn-lgn-numa_gfp2-40x,ctrl-2day-7,2,control_rnai,48,3.5,17,56,182.057,60.192,0.423142857
2015.01.15.hela_gfp-tub_rfp-h2b_rap1_stlc_rnai-ctrl-dyn-lgn-numa_gfp2-40x,ctrl-2day-7,2,control_rnai,48,3.5,18,59.5,183.372,59.863,0.387294751
2015.01.15.hela_gfp-tub_rfp-h2b_rap1_stlc_rnai-ctrl-dyn-lgn-numa_gfp2-40x,ctrl-2day-7,2,control_rnai,48,3.5,19,63,181.892,59.534,0.433179135
2015.01.15.hela_gfp-tub_rfp-h2b_rap1_stlc_rnai-ctrl-dyn-lgn-numa_gfp2-40x,ctrl-2day-7,2,control_rnai,48,3.5,20,66.5,184.03,60.192,0.639132575
2015.01.15.hela_gfp-tub_rfp-h2b_rap1_stlc_rnai-ctrl-dyn-lgn-numa_gfp2-40x,ctrl-2day-7,3,control_rnai,48,3.5,1,0,150.645,131.787,
2015.01.15.hela_gfp-tub_rfp-h2b_rap1_stlc_rnai-ctrl-dyn-lgn-numa_gfp2-40x,ctrl-2day-7,3,control_rnai,48,3.5,2,3.5,150.535,131.787,0.031428571
2015.01.15.hela_gfp-tub_rfp-h2b_rap1_stlc_rnai-ctrl-dyn-lgn-numa_gfp2-40x,ctrl-2day-7,3,control_rnai,48,3.5,3,7,152.289,132.664,0.560294748
2015.01.15.hela_gfp-tub_rfp-h2b_rap1_stlc_rnai-ctrl-dyn-lgn-numa_gfp2-40x,ctrl-2day-7,3,control_rnai,48,3.5,4,10.5,150.864,132.664,0.407142857
2015.01.15.hela_gfp-tub_rfp-h2b_rap1_stlc_rnai-ctrl-dyn-lgn-numa_gfp2-40x,ctrl-2day-7,3,control_rnai,48,3.5,5,14,152.509,132.664,0.47
2015.01.15.hela_gfp-tub_rfp-h2b_rap1_stlc_rnai-ctrl-dyn-lgn-numa_gfp2-40x,ctrl-2day-7,3,control_rnai,48,3.5,6,17.5,152.947,134.199,0.456076345
2015.01.15.hela_gfp-tub_rfp-h2b_rap1_stlc_rnai-ctrl-dyn-lgn-numa_gfp2-40x,ctrl-2day-7,3,control_rnai,48,3.5,7,21,151.522,132.883,0.554203308
2015.01.15.hela_gfp-tub_rfp-h2b_rap1_stlc_rnai-ctrl-dyn-lgn-numa_gfp2-40x,ctrl-2day-7,3,control_rnai,48,3.5,8,24.5,152.947,132.883,0.407142857
2015.01.15.hela_gfp-tub_rfp-h2b_rap1_stlc_rnai-ctrl-dyn-lgn-numa_gfp2-40x,ctrl-2day-7,3,control_rnai,48,3.5,9,28,153.605,134.199,0.42038078
2015.01.15.hela_gfp-tub_rfp-h2b_rap1_stlc_rnai-ctrl-dyn-lgn-numa_gfp2-40x,ctrl-2day-7,3,control_rnai,48,3.5,10,31.5,153.057,134.418,0.168611375
2015.01.15.hela_gfp-tub_rfp-h2b_rap1_stlc_rnai-ctrl-dyn-lgn-numa_gfp2-40x,ctrl-2day-7,3,control_rnai,48,3.5,11,35,152.399,133.98,0.225842278
2015.01.15.hela_gfp-tub_rfp-h2b_rap1_stlc_rnai-ctrl-dyn-lgn-numa_gfp2-40x,ctrl-2day-7,3,control_rnai,48,3.5,12,38.5,152.618,133.76,0.088691624
2015.01.15.hela_gfp-tub_rfp-h2b_rap1_stlc_rnai-ctrl-dyn-lgn-numa_gfp2-40x,ctrl-2day-7,3,control_rnai,48,3.5,13,42,153.605,133.651,0.28371443
2015.01.15.hela_gfp-tub_rfp-h2b_rap1_stlc_rnai-ctrl-dyn-lgn-numa_gfp2-40x,ctrl-2day-7,3,control_rnai,48,3.5,14,45.5,152.728,134.418,0.332880808
2015.01.15.hela_gfp-tub_rfp-h2b_rap1_stlc_rnai-ctrl-dyn-lgn-numa_gfp2-40x,ctrl-2day-7,3,control_rnai,48,3.5,15,49,152.618,135.734,0.377311218
2015.01.15.hela_gfp-tub_rfp-h2b_rap1_stlc_rnai-ctrl-dyn-lgn-numa_gfp2-40x,ctrl-2day-7,3,control_rnai,48,3.5,16,52.5,152.07,135.295,0.200616397
2015.01.15.hela_gfp-tub_rfp-h2b_rap1_stlc_rnai-ctrl-dyn-lgn-numa_gfp2-40x,ctrl-2day-7,3,control_rnai,48,3.5,17,56,152.618,136.063,0.2695617
2015.01.15.hela_gfp-tub_rfp-h2b_rap1_stlc_rnai-ctrl-dyn-lgn-numa_gfp2-40x,ctrl-2day-7,3,control_rnai,48,3.5,18,59.5,152.728,136.063,0.031428571
2015.01.15.hela_gfp-tub_rfp-h2b_rap1_stlc_rnai-ctrl-dyn-lgn-numa_gfp2-40x,ctrl-2day-7,3,control_rnai,48,3.5,19,63,150.426,135.186,0.703828191
2015.01.15.hela_gfp-tub_rfp-h2b_rap1_stlc_rnai-ctrl-dyn-lgn-numa_gfp2-40x,ctrl-2day-7,3,control_rnai,48,3.5,20,66.5,151.303,134.309,0.354361513
2015.01.15.hela_gfp-tub_rfp-h2b_rap1_stlc_rnai-ctrl-dyn-lgn-numa_gfp2-40x,ctrl-2day-13,4,control_rnai,48,3.5,41,0,51.476,135.844,
2015.01.15.hela_gfp-tub_rfp-h2b_rap1_stlc_rnai-ctrl-dyn-lgn-numa_gfp2-40x,ctrl-2day-13,4,control_rnai,48,3.5,42,3.5,50.325,135.515,0.342027806
2015.01.15.hela_gfp-tub_rfp-h2b_rap1_stlc_rnai-ctrl-dyn-lgn-numa_gfp2-40x,ctrl-2day-13,4,control_rnai,48,3.5,43,7,49.831,136.337,0.27400581
2015.01.15.hela_gfp-tub_rfp-h2b_rap1_stlc_rnai-ctrl-dyn-lgn-numa_gfp2-40x,ctrl-2day-13,4,control_rnai,48,3.5,44,10.5,49.831,137.488,0.328857143
2015.01.15.hela_gfp-tub_rfp-h2b_rap1_stlc_rnai-ctrl-dyn-lgn-numa_gfp2-40x,ctrl-2day-13,4,control_rnai,48,3.5,45,14,48.351,136.337,0.53568198
2015.01.15.hela_gfp-tub_rfp-h2b_rap1_stlc_rnai-ctrl-dyn-lgn-numa_gfp2-40x,ctrl-2day-13,4,control_rnai,48,3.5,46,17.5,47.364,136.008,0.2972541
2015.01.15.hela_gfp-tub_rfp-h2b_rap1_stlc_rnai-ctrl-dyn-lgn-numa_gfp2-40x,ctrl-2day-13,4,control_rnai,48,3.5,47,21,45.884,135.021,0.508263872
2015.01.15.hela_gfp-tub_rfp-h2b_rap1_stlc_rnai-ctrl-dyn-lgn-numa_gfp2-40x,ctrl-2day-13,4,control_rnai,48,3.5,48,24.5,44.733,132.061,0.907402707
2015.01.15.hela_gfp-tub_rfp-h2b_rap1_stlc_rnai-ctrl-dyn-lgn-numa_gfp2-40x,ctrl-2day-13,4,control_rnai,48,3.5,49,28,45.72,129.594,0.7591756
2015.01.15.hela_gfp-tub_rfp-h2b_rap1_stlc_rnai-ctrl-dyn-lgn-numa_gfp2-40x,ctrl-2day-13,4,control_rnai,48,3.5,50,31.5,44.24,128.114,0.598010306
2015.01.15.hela_gfp-tub_rfp-h2b_rap1_stlc_rnai-ctrl-dyn-lgn-numa_gfp2-40x,ctrl-2day-13,4,control_rnai,48,3.5,51,35,44.897,126.469,0.50609945
2015.01.15.hela_gfp-tub_rfp-h2b_rap1_stlc_rnai-ctrl-dyn-lgn-numa_gfp2-40x,ctrl-2day-13,4,control_rnai,48,3.5,52,38.5,46.049,125.483,0.433241225
2015.01.15.hela_gfp-tub_rfp-h2b_rap1_stlc_rnai-ctrl-dyn-lgn-numa_gfp2-40x,ctrl-2day-13,4,control_rnai,48,3.5,53,42,46.542,123.674,0.535707048
2015.01.15.hela_gfp-tub_rfp-h2b_rap1_stlc_rnai-ctrl-dyn-lgn-numa_gfp2-40x,ctrl-2day-13,4,control_rnai,48,3.5,54,45.5,47.2,123.345,0.21019039
2015.01.15.hela_gfp-tub_rfp-h2b_rap1_stlc_rnai-ctrl-dyn-lgn-numa_gfp2-40x,ctrl-2day-13,4,control_rnai,48,3.5,55,49,48.516,122.358,0.47
2015.01.15.hela_gfp-tub_rfp-h2b_rap1_stlc_rnai-ctrl-dyn-lgn-numa_gfp2-40x,ctrl-2day-13,4,control_rnai,48,3.5,56,52.5,49.009,121.864,0.199404215
2015.01.15.hela_gfp-tub_rfp-h2b_rap1_stlc_rnai-ctrl-dyn-lgn-numa_gfp2-40x,ctrl-2day-13,4,control_rnai,48,3.5,57,56,48.68,121.042,0.252970112
2015.01.15.hela_gfp-tub_rfp-h2b_rap1_stlc_rnai-ctrl-dyn-lgn-numa_gfp2-40x,ctrl-2day-13,4,control_rnai,48,3.5,58,59.5,48.844,120.713,0.105031385
2015.01.15.hela_gfp-tub_rfp-h2b_rap1_stlc_rnai-ctrl-dyn-lgn-numa_gfp2-40x,ctrl-2day-13,4,control_rnai,48,3.5,59,63,48.187,120.549,0.193474145
2015.01.15.hela_gfp-tub_rfp-h2b_rap1_stlc_rnai-ctrl-dyn-lgn-numa_gfp2-40x,ctrl-2day-13,4,control_rnai,48,3.5,60,66.5,48.516,120.22,0.132936075
2015.01.15.hela_gfp-tub_rfp-h2b_rap1_stlc_rnai-ctrl-dyn-lgn-numa_gfp2-40x,ctrl-2day-13,5,control_rnai,48,3.5,41,0,118.74,141.106,
2015.01.15.hela_gfp-tub_rfp-h2b_rap1_stlc_rnai-ctrl-dyn-lgn-numa_gfp2-40x,ctrl-2day-13,5,control_rnai,48,3.5,42,3.5,118.411,140.284,0.252970112
2015.01.15.hela_gfp-tub_rfp-h2b_rap1_stlc_rnai-ctrl-dyn-lgn-numa_gfp2-40x,ctrl-2day-13,5,control_rnai,48,3.5,43,7,118.74,139.955,0.132936075
2015.01.15.hela_gfp-tub_rfp-h2b_rap1_stlc_rnai-ctrl-dyn-lgn-numa_gfp2-40x,ctrl-2day-13,5,control_rnai,48,3.5,44,10.5,115.451,135.844,1.504221054
2015.01.15.hela_gfp-tub_rfp-h2b_rap1_stlc_rnai-ctrl-dyn-lgn-numa_gfp2-40x,ctrl-2day-13,5,control_rnai,48,3.5,45,14,112.819,135.35,0.765130908
2015.01.15.hela_gfp-tub_rfp-h2b_rap1_stlc_rnai-ctrl-dyn-lgn-numa_gfp2-40x,ctrl-2day-13,5,control_rnai,48,3.5,46,17.5,112.819,134.692,0.188
2015.01.15.hela_gfp-tub_rfp-h2b_rap1_stlc_rnai-ctrl-dyn-lgn-numa_gfp2-40x,ctrl-2day-13,5,control_rnai,48,3.5,47,21,111.339,133.87,0.483700363
2015.01.15.hela_gfp-tub_rfp-h2b_rap1_stlc_rnai-ctrl-dyn-lgn-numa_gfp2-40x,ctrl-2day-13,5,control_rnai,48,3.5,48,24.5,110.188,132.719,0.465074232
2015.01.15.hela_gfp-tub_rfp-h2b_rap1_stlc_rnai-ctrl-dyn-lgn-numa_gfp2-40x,ctrl-2day-13,5,control_rnai,48,3.5,49,28,108.872,131.732,0.47
2015.01.15.hela_gfp-tub_rfp-h2b_rap1_stlc_rnai-ctrl-dyn-lgn-numa_gfp2-40x,ctrl-2day-13,5,control_rnai,48,3.5,50,31.5,107.885,130.581,0.433210134
2015.01.15.hela_gfp-tub_rfp-h2b_rap1_stlc_rnai-ctrl-dyn-lgn-numa_gfp2-40x,ctrl-2day-13,5,control_rnai,48,3.5,51,35,107.721,128.443,0.612651647
2015.01.15.hela_gfp-tub_rfp-h2b_rap1_stlc_rnai-ctrl-dyn-lgn-numa_gfp2-40x,ctrl-2day-13,5,control_rnai,48,3.5,52,38.5,108.05,127.127,0.387571929
2015.01.15.hela_gfp-tub_rfp-h2b_rap1_stlc_rnai-ctrl-dyn-lgn-numa_gfp2-40x,ctrl-2day-13,5,control_rnai,48,3.5,53,42,109.201,126.305,0.404110007
2015.01.15.hela_gfp-tub_rfp-h2b_rap1_stlc_rnai-ctrl-dyn-lgn-numa_gfp2-40x,ctrl-2day-13,5,control_rnai,48,3.5,54,45.5,110.352,119.891,1.861844532
2015.01.15.hela_gfp-tub_rfp-h2b_rap1_stlc_rnai-ctrl-dyn-lgn-numa_gfp2-40x,ctrl-2day-13,5,control_rnai,48,3.5,55,49,111.504,119.398,0.358016417
2015.01.15.hela_gfp-tub_rfp-h2b_rap1_stlc_rnai-ctrl-dyn-lgn-numa_gfp2-40x,ctrl-2day-13,5,control_rnai,48,3.5,56,52.5,112.819,119.891,0.401250494
2015.01.15.hela_gfp-tub_rfp-h2b_rap1_stlc_rnai-ctrl-dyn-lgn-numa_gfp2-40x,ctrl-2day-13,5,control_rnai,48,3.5,57,56,112.161,120.22,0.21019039
2015.01.15.hela_gfp-tub_rfp-h2b_rap1_stlc_rnai-ctrl-dyn-lgn-numa_gfp2-40x,ctrl-2day-13,5,control_rnai,48,3.5,58,59.5,113.97,121.864,0.698407343
2015.01.15.hela_gfp-tub_rfp-h2b_rap1_stlc_rnai-ctrl-dyn-lgn-numa_gfp2-40x,ctrl-2day-13,5,control_rnai,48,3.5,59,63,117.917,124.167,1.305642949
2015.01.15.hela_gfp-tub_rfp-h2b_rap1_stlc_rnai-ctrl-dyn-lgn-numa_gfp2-40x,ctrl-2day-13,5,control_rnai,48,3.5,60,66.5,115.122,128.278,1.420328964
2015.01.17.hela_gfp-tub_rfp-h2b_rap1_stlc_rnai-ctrl-gai1-gai2-gai3-gai123-dynactin_gfp2-40x,ctrl-2,6,control_rnai,48,3.5,1,0,105.583,94.235,
2015.01.17.hela_gfp-tub_rfp-h2b_rap1_stlc_rnai-ctrl-gai1-gai2-gai3-gai123-dynactin_gfp2-40x,ctrl-2,6,control_rnai,48,3.5,2,3.5,102.952,92.262,0.939600002
2015.01.17.hela_gfp-tub_rfp-h2b_rap1_stlc_rnai-ctrl-gai1-gai2-gai3-gai123-dynactin_gfp2-40x,ctrl-2,6,control_rnai,48,3.5,3,7,101.471,85.519,1.972492673
2015.01.17.hela_gfp-tub_rfp-h2b_rap1_stlc_rnai-ctrl-gai1-gai2-gai3-gai123-dynactin_gfp2-40x,ctrl-2,6,control_rnai,48,3.5,4,10.5,101.143,78.283,2.069551465
2015.01.17.hela_gfp-tub_rfp-h2b_rap1_stlc_rnai-ctrl-gai1-gai2-gai3-gai123-dynactin_gfp2-40x,ctrl-2,6,control_rnai,48,3.5,5,14,97.524,73.678,1.673397766
2015.01.17.hela_gfp-tub_rfp-h2b_rap1_stlc_rnai-ctrl-gai1-gai2-gai3-gai123-dynactin_gfp2-40x,ctrl-2,6,control_rnai,48,3.5,6,17.5,92.755,71.211,1.53408751
2015.01.17.hela_gfp-tub_rfp-h2b_rap1_stlc_rnai-ctrl-gai1-gai2-gai3-gai123-dynactin_gfp2-40x,ctrl-2,6,control_rnai,48,3.5,7,21,87.986,69.895,1.413498107
2015.01.17.hela_gfp-tub_rfp-h2b_rap1_stlc_rnai-ctrl-gai1-gai2-gai3-gai123-dynactin_gfp2-40x,ctrl-2,6,control_rnai,48,3.5,8,24.5,82.559,70.718,1.56829969
2015.01.17.hela_gfp-tub_rfp-h2b_rap1_stlc_rnai-ctrl-gai1-gai2-gai3-gai123-dynactin_gfp2-40x,ctrl-2,6,control_rnai,48,3.5,9,28,80.421,70.224,0.626951158
2015.01.17.hela_gfp-tub_rfp-h2b_rap1_stlc_rnai-ctrl-gai1-gai2-gai3-gai123-dynactin_gfp2-40x,ctrl-2,6,control_rnai,48,3.5,10,31.5,76.967,70.389,0.987982525
2015.01.17.hela_gfp-tub_rfp-h2b_rap1_stlc_rnai-ctrl-gai1-gai2-gai3-gai123-dynactin_gfp2-40x,ctrl-2,6,control_rnai,48,3.5,11,35,77.131,68.086,0.659666273
2015.01.17.hela_gfp-tub_rfp-h2b_rap1_stlc_rnai-ctrl-gai1-gai2-gai3-gai123-dynactin_gfp2-40x,ctrl-2,6,control_rnai,48,3.5,12,38.5,73.678,67.757,0.991039446
2015.01.17.hela_gfp-tub_rfp-h2b_rap1_stlc_rnai-ctrl-gai1-gai2-gai3-gai123-dynactin_gfp2-40x,ctrl-2,6,control_rnai,48,3.5,13,42,74.336,68.415,0.26587215
2015.01.17.hela_gfp-tub_rfp-h2b_rap1_stlc_rnai-ctrl-gai1-gai2-gai3-gai123-dynactin_gfp2-40x,ctrl-2,6,control_rnai,48,3.5,14,45.5,72.527,71.046,0.912258556
2015.01.17.hela_gfp-tub_rfp-h2b_rap1_stlc_rnai-ctrl-gai1-gai2-gai3-gai123-dynactin_gfp2-40x,ctrl-2,6,control_rnai,48,3.5,15,49,71.046,71.869,0.484088877
2015.01.17.hela_gfp-tub_rfp-h2b_rap1_stlc_rnai-ctrl-gai1-gai2-gai3-gai123-dynactin_gfp2-40x,ctrl-2,6,control_rnai,48,3.5,16,52.5,70.718,71.704,0.104903843
2015.01.17.hela_gfp-tub_rfp-h2b_rap1_stlc_rnai-ctrl-gai1-gai2-gai3-gai123-dynactin_gfp2-40x,ctrl-2,6,control_rnai,48,3.5,17,56,71.704,72.198,0.315094025
2015.01.17.hela_gfp-tub_rfp-h2b_rap1_stlc_rnai-ctrl-gai1-gai2-gai3-gai123-dynactin_gfp2-40x,ctrl-2,6,control_rnai,48,3.5,18,59.5,69.402,71.375,0.698484248
2015.01.17.hela_gfp-tub_rfp-h2b_rap1_stlc_rnai-ctrl-gai1-gai2-gai3-gai123-dynactin_gfp2-40x,ctrl-2,6,control_rnai,48,3.5,19,63,69.895,70.718,0.234685721
2015.01.17.hela_gfp-tub_rfp-h2b_rap1_stlc_rnai-ctrl-gai1-gai2-gai3-gai123-dynactin_gfp2-40x,ctrl-2,6,control_rnai,48,3.5,20,66.5,69.895,70.882,0.046857143
2015.01.17.hela_gfp-tub_rfp-h2b_rap1_stlc_rnai-ctrl-gai1-gai2-gai3-gai123-dynactin_gfp2-40x,ctrl-3,7,control_rnai,48,3.5,16,0,172.573,55.697,
2015.01.17.hela_gfp-tub_rfp-h2b_rap1_stlc_rnai-ctrl-gai1-gai2-gai3-gai123-dynactin_gfp2-40x,ctrl-3,7,control_rnai,48,3.5,17,3.5,167.968,58.109,1.485268312
2015.01.17.hela_gfp-tub_rfp-h2b_rap1_stlc_rnai-ctrl-gai1-gai2-gai3-gai123-dynactin_gfp2-40x,ctrl-3,7,control_rnai,48,3.5,18,7,165.994,68.634,3.059575814
2015.01.17.hela_gfp-tub_rfp-h2b_rap1_stlc_rnai-ctrl-gai1-gai2-gai3-gai123-dynactin_gfp2-40x,ctrl-3,7,control_rnai,48,3.5,19,10.5,176.52,68.415,3.00807942
2015.01.17.hela_gfp-tub_rfp-h2b_rap1_stlc_rnai-ctrl-gai1-gai2-gai3-gai123-dynactin_gfp2-40x,ctrl-3,7,control_rnai,48,3.5,20,14,185.291,71.266,2.635064062
2015.01.17.hela_gfp-tub_rfp-h2b_rap1_stlc_rnai-ctrl-gai1-gai2-gai3-gai123-dynactin_gfp2-40x,ctrl-3,7,control_rnai,48,3.5,21,17.5,189.677,71.704,1.259375939
2015.01.17.hela_gfp-tub_rfp-h2b_rap1_stlc_rnai-ctrl-gai1-gai2-gai3-gai123-dynactin_gfp2-40x,ctrl-3,7,control_rnai,48,3.5,22,21,191.65,71.266,0.577437902
2015.01.17.hela_gfp-tub_rfp-h2b_rap1_stlc_rnai-ctrl-gai1-gai2-gai3-gai123-dynactin_gfp2-40x,ctrl-3,7,control_rnai,48,3.5,23,24.5,192.308,69.292,0.5945082
2015.01.17.hela_gfp-tub_rfp-h2b_rap1_stlc_rnai-ctrl-gai1-gai2-gai3-gai123-dynactin_gfp2-40x,ctrl-3,7,control_rnai,48,3.5,24,28,192.527,69.073,0.088489363
2015.01.17.hela_gfp-tub_rfp-h2b_rap1_stlc_rnai-ctrl-gai1-gai2-gai3-gai123-dynactin_gfp2-40x,ctrl-3,7,control_rnai,48,3.5,25,31.5,194.72,67.977,0.700464278
2015.01.17.hela_gfp-tub_rfp-h2b_rap1_stlc_rnai-ctrl-gai1-gai2-gai3-gai123-dynactin_gfp2-40x,ctrl-3,7,control_rnai,48,3.5,26,35,194.72,67.757,0.062857143
2015.01.17.hela_gfp-tub_rfp-h2b_rap1_stlc_rnai-ctrl-gai1-gai2-gai3-gai123-dynactin_gfp2-40x,ctrl-3,7,control_rnai,48,3.5,27,38.5,194.501,67.977,0.088691624
2015.01.17.hela_gfp-tub_rfp-h2b_rap1_stlc_rnai-ctrl-gai1-gai2-gai3-gai123-dynactin_gfp2-40x,ctrl-3,7,control_rnai,48,3.5,28,42,195.159,68.415,0.225842278
2015.01.17.hela_gfp-tub_rfp-h2b_rap1_stlc_rnai-ctrl-gai1-gai2-gai3-gai123-dynactin_gfp2-40x,ctrl-3,7,control_rnai,48,3.5,29,45.5,196.255,68.415,0.313142857
2015.01.17.hela_gfp-tub_rfp-h2b_rap1_stlc_rnai-ctrl-gai1-gai2-gai3-gai123-dynactin_gfp2-40x,ctrl-3,7,control_rnai,48,3.5,30,49,195.816,68.415,0.125428571
2015.01.17.hela_gfp-tub_rfp-h2b_rap1_stlc_rnai-ctrl-gai1-gai2-gai3-gai123-dynactin_gfp2-40x,ctrl-3,7,control_rnai,48,3.5,31,52.5,196.474,69.512,0.365487988
2015.01.17.hela_gfp-tub_rfp-h2b_rap1_stlc_rnai-ctrl-gai1-gai2-gai3-gai123-dynactin_gfp2-40x,ctrl-3,7,control_rnai,48,3.5,32,56,198.009,68.854,0.477167578
2015.01.17.hela_gfp-tub_rfp-h2b_rap1_stlc_rnai-ctrl-gai1-gai2-gai3-gai123-dynactin_gfp2-40x,ctrl-3,7,control_rnai,48,3.5,33,59.5,199.325,72.143,1.01214571
2015.01.17.hela_gfp-tub_rfp-h2b_rap1_stlc_rnai-ctrl-gai1-gai2-gai3-gai123-dynactin_gfp2-40x,ctrl-3,7,control_rnai,48,3.5,34,63,198.009,72.362,0.381170806
2015.01.17.hela_gfp-tub_rfp-h2b_rap1_stlc_rnai-ctrl-gai1-gai2-gai3-gai123-dynactin_gfp2-40x,ctrl-3,7,control_rnai,48,3.5,35,66.5,199.544,73.678,0.577685812
2015.01.17.hela_gfp-tub_rfp-h2b_rap1_stlc_rnai-ctrl-gai1-gai2-gai3-gai123-dynactin_gfp2-40x,ctrl-3,8,control_rnai,48,3.5,51,0,65.565,114.683,
2015.01.17.hela_gfp-tub_rfp-h2b_rap1_stlc_rnai-ctrl-gai1-gai2-gai3-gai123-dynactin_gfp2-40x,ctrl-3,8,control_rnai,48,3.5,52,3.5,66.661,114.902,0.319333106
2015.01.17.hela_gfp-tub_rfp-h2b_rap1_stlc_rnai-ctrl-gai1-gai2-gai3-gai123-dynactin_gfp2-40x,ctrl-3,8,control_rnai,48,3.5,53,7,66.003,115.122,0.198229716
2015.01.17.hela_gfp-tub_rfp-h2b_rap1_stlc_rnai-ctrl-gai1-gai2-gai3-gai123-dynactin_gfp2-40x,ctrl-3,8,control_rnai,48,3.5,54,10.5,67.757,114.902,0.505069484
2015.01.17.hela_gfp-tub_rfp-h2b_rap1_stlc_rnai-ctrl-gai1-gai2-gai3-gai123-dynactin_gfp2-40x,ctrl-3,8,control_rnai,48,3.5,55,14,69.95,114.902,0.626571429
2015.01.17.hela_gfp-tub_rfp-h2b_rap1_stlc_rnai-ctrl-gai1-gai2-gai3-gai123-dynactin_gfp2-40x,ctrl-3,8,control_rnai,48,3.5,56,17.5,70.169,115.341,0.140169577
2015.01.17.hela_gfp-tub_rfp-h2b_rap1_stlc_rnai-ctrl-gai1-gai2-gai3-gai123-dynactin_gfp2-40x,ctrl-3,8,control_rnai,48,3.5,57,21,68.196,115.56,0.567176321
2015.01.17.hela_gfp-tub_rfp-h2b_rap1_stlc_rnai-ctrl-gai1-gai2-gai3-gai123-dynactin_gfp2-40x,ctrl-3,8,control_rnai,48,3.5,58,24.5,74.336,120.823,2.310557296
2015.01.17.hela_gfp-tub_rfp-h2b_rap1_stlc_rnai-ctrl-gai1-gai2-gai3-gai123-dynactin_gfp2-40x,ctrl-3,8,control_rnai,48,3.5,59,28,77.406,124.989,1.478566763
2015.01.17.hela_gfp-tub_rfp-h2b_rap1_stlc_rnai-ctrl-gai1-gai2-gai3-gai123-dynactin_gfp2-40x,ctrl-3,8,control_rnai,48,3.5,60,31.5,74.116,126.305,1.012410984
2015.01.17.hela_gfp-tub_rfp-h2b_rap1_stlc_rnai-ctrl-gai1-gai2-gai3-gai123-dynactin_gfp2-40x,ctrl-3,8,control_rnai,48,3.5,61,35,75.651,126.305,0.438571429
2015.01.17.hela_gfp-tub_rfp-h2b_rap1_stlc_rnai-ctrl-gai1-gai2-gai3-gai123-dynactin_gfp2-40x,ctrl-3,8,control_rnai,48,3.5,62,38.5,76.09,126.305,0.125428571
2015.01.17.hela_gfp-tub_rfp-h2b_rap1_stlc_rnai-ctrl-gai1-gai2-gai3-gai123-dynactin_gfp2-40x,ctrl-3,8,control_rnai,48,3.5,63,42,74.336,127.401,0.590933678
2015.01.17.hela_gfp-tub_rfp-h2b_rap1_stlc_rnai-ctrl-gai1-gai2-gai3-gai123-dynactin_gfp2-40x,ctrl-3,8,control_rnai,48,3.5,64,45.5,74.336,126.305,0.313142857
2015.01.17.hela_gfp-tub_rfp-h2b_rap1_stlc_rnai-ctrl-gai1-gai2-gai3-gai123-dynactin_gfp2-40x,ctrl-3,8,control_rnai,48,3.5,65,49,74.336,125.866,0.125428571
2015.01.17.hela_gfp-tub_rfp-h2b_rap1_stlc_rnai-ctrl-gai1-gai2-gai3-gai123-dynactin_gfp2-40x,ctrl-3,8,control_rnai,48,3.5,66,52.5,74.336,126.086,0.062857143
2015.01.17.hela_gfp-tub_rfp-h2b_rap1_stlc_rnai-ctrl-gai1-gai2-gai3-gai123-dynactin_gfp2-40x,ctrl-3,8,control_rnai,48,3.5,67,56,74.994,125.428,0.26587215
2015.01.17.hela_gfp-tub_rfp-h2b_rap1_stlc_rnai-ctrl-gai1-gai2-gai3-gai123-dynactin_gfp2-40x,ctrl-3,8,control_rnai,48,3.5,68,59.5,74.116,126.086,0.313485735
2015.01.17.hela_gfp-tub_rfp-h2b_rap1_stlc_rnai-ctrl-gai1-gai2-gai3-gai123-dynactin_gfp2-40x,ctrl-3,8,control_rnai,48,3.5,69,63,74.774,125.647,0.226000722
2015.01.17.hela_gfp-tub_rfp-h2b_rap1_stlc_rnai-ctrl-gai1-gai2-gai3-gai123-dynactin_gfp2-40x,ctrl-3,8,control_rnai,48,3.5,70,66.5,75.213,123.893,0.5166009
2015.01.17.hela_gfp-tub_rfp-h2b_rap1_stlc_rnai-ctrl-gai1-gai2-gai3-gai123-dynactin_gfp2-40x,ctrl-5,9,control_rnai,48,3.5,1,0,81.572,110.023,
2015.01.17.hela_gfp-tub_rfp-h2b_rap1_stlc_rnai-ctrl-gai1-gai2-gai3-gai123-dynactin_gfp2-40x,ctrl-5,9,control_rnai,48,3.5,2,3.5,86.341,120.549,3.3017007
2015.01.17.hela_gfp-tub_rfp-h2b_rap1_stlc_rnai-ctrl-gai1-gai2-gai3-gai123-dynactin_gfp2-40x,ctrl-5,9,control_rnai,48,3.5,3,7,82.723,133.541,3.853246582
2015.01.17.hela_gfp-tub_rfp-h2b_rap1_stlc_rnai-ctrl-gai1-gai2-gai3-gai123-dynactin_gfp2-40x,ctrl-5,9,control_rnai,48,3.5,4,10.5,81.079,145.876,3.555449522
2015.01.17.hela_gfp-tub_rfp-h2b_rap1_stlc_rnai-ctrl-gai1-gai2-gai3-gai123-dynactin_gfp2-40x,ctrl-5,9,control_rnai,48,3.5,5,14,65.29,151.467,4.785623044
2015.01.17.hela_gfp-tub_rfp-h2b_rap1_stlc_rnai-ctrl-gai1-gai2-gai3-gai123-dynactin_gfp2-40x,ctrl-5,9,control_rnai,48,3.5,6,17.5,59.699,134.363,5.141318
2015.01.17.hela_gfp-tub_rfp-h2b_rap1_stlc_rnai-ctrl-gai1-gai2-gai3-gai123-dynactin_gfp2-40x,ctrl-5,9,control_rnai,48,3.5,7,21,63.81,130.91,1.533929993
2015.01.17.hela_gfp-tub_rfp-h2b_rap1_stlc_rnai-ctrl-gai1-gai2-gai3-gai123-dynactin_gfp2-40x,ctrl-5,9,control_rnai,48,3.5,8,24.5,65.784,128.607,0.866637179
2015.01.17.hela_gfp-tub_rfp-h2b_rap1_stlc_rnai-ctrl-gai1-gai2-gai3-gai123-dynactin_gfp2-40x,ctrl-5,9,control_rnai,48,3.5,9,28,71.704,123.674,2.201685607
2015.01.17.hela_gfp-tub_rfp-h2b_rap1_stlc_rnai-ctrl-gai1-gai2-gai3-gai123-dynactin_gfp2-40x,ctrl-5,9,control_rnai,48,3.5,10,31.5,73.349,119.233,1.353106961
2015.01.17.hela_gfp-tub_rfp-h2b_rap1_stlc_rnai-ctrl-gai1-gai2-gai3-gai123-dynactin_gfp2-40x,ctrl-5,9,control_rnai,48,3.5,11,35,74.007,113.97,1.515420949
2015.01.17.hela_gfp-tub_rfp-h2b_rap1_stlc_rnai-ctrl-gai1-gai2-gai3-gai123-dynactin_gfp2-40x,ctrl-5,9,control_rnai,48,3.5,12,38.5,74.994,108.05,1.714775382
2015.01.17.hela_gfp-tub_rfp-h2b_rap1_stlc_rnai-ctrl-gai1-gai2-gai3-gai123-dynactin_gfp2-40x,ctrl-5,9,control_rnai,48,3.5,13,42,76.145,104.596,1.040208653
2015.01.17.hela_gfp-tub_rfp-h2b_rap1_stlc_rnai-ctrl-gai1-gai2-gai3-gai123-dynactin_gfp2-40x,ctrl-5,9,control_rnai,48,3.5,14,45.5,70.553,106.734,1.710507933
2015.01.17.hela_gfp-tub_rfp-h2b_rap1_stlc_rnai-ctrl-gai1-gai2-gai3-gai123-dynactin_gfp2-40x,ctrl-5,9,control_rnai,48,3.5,15,49,69.402,122.193,4.429082754
2015.01.17.hela_gfp-tub_rfp-h2b_rap1_stlc_rnai-ctrl-gai1-gai2-gai3-gai123-dynactin_gfp2-40x,ctrl-5,9,control_rnai,48,3.5,16,52.5,67.757,128.278,1.800980459
2015.01.17.hela_gfp-tub_rfp-h2b_rap1_stlc_rnai-ctrl-gai1-gai2-gai3-gai123-dynactin_gfp2-40x,ctrl-5,9,control_rnai,48,3.5,17,56,65.619,132.061,1.241530754
2015.01.17.hela_gfp-tub_rfp-h2b_rap1_stlc_rnai-ctrl-gai1-gai2-gai3-gai123-dynactin_gfp2-40x,ctrl-5,9,control_rnai,48,3.5,18,59.5,60.521,136.172,1.871154287
2015.01.17.hela_gfp-tub_rfp-h2b_rap1_stlc_rnai-ctrl-gai1-gai2-gai3-gai123-dynactin_gfp2-40x,ctrl-5,9,control_rnai,48,3.5,19,63,58.876,141.435,1.575454427
2015.01.17.hela_gfp-tub_rfp-h2b_rap1_stlc_rnai-ctrl-gai1-gai2-gai3-gai123-dynactin_gfp2-40x,ctrl-5,9,control_rnai,48,3.5,20,66.5,58.876,138.475,0.845714286
2015.01.17.hela_gfp-tub_rfp-h2b_rap1_stlc_rnai-ctrl-gai1-gai2-gai3-gai123-dynactin_gfp2-40x,ctrl-5,10,control_rnai,48,3.5,51,0,123.125,108.653,
2015.01.17.hela_gfp-tub_rfp-h2b_rap1_stlc_rnai-ctrl-gai1-gai2-gai3-gai123-dynactin_gfp2-40x,ctrl-5,10,control_rnai,48,3.5,52,3.5,125.757,101.088,2.28850988
2015.01.17.hela_gfp-tub_rfp-h2b_rap1_stlc_rnai-ctrl-gai1-gai2-gai3-gai123-dynactin_gfp2-40x,ctrl-5,10,control_rnai,48,3.5,53,7,126.415,96.154,1.422194912
2015.01.17.hela_gfp-tub_rfp-h2b_rap1_stlc_rnai-ctrl-gai1-gai2-gai3-gai123-dynactin_gfp2-40x,ctrl-5,10,control_rnai,48,3.5,54,10.5,123.893,95.386,0.753241051
2015.01.17.hela_gfp-tub_rfp-h2b_rap1_stlc_rnai-ctrl-gai1-gai2-gai3-gai123-dynactin_gfp2-40x,ctrl-5,10,control_rnai,48,3.5,55,14,121.481,95.386,0.689142857
2015.01.17.hela_gfp-tub_rfp-h2b_rap1_stlc_rnai-ctrl-gai1-gai2-gai3-gai123-dynactin_gfp2-40x,ctrl-5,10,control_rnai,48,3.5,56,17.5,121.59,98.018,0.752644589
2015.01.17.hela_gfp-tub_rfp-h2b_rap1_stlc_rnai-ctrl-gai1-gai2-gai3-gai123-dynactin_gfp2-40x,ctrl-5,10,control_rnai,48,3.5,57,21,120.384,100.978,0.913215266
2015.01.17.hela_gfp-tub_rfp-h2b_rap1_stlc_rnai-ctrl-gai1-gai2-gai3-gai123-dynactin_gfp2-40x,ctrl-5,10,control_rnai,48,3.5,58,24.5,121.042,107.666,1.920083076
2015.01.17.hela_gfp-tub_rfp-h2b_rap1_stlc_rnai-ctrl-gai1-gai2-gai3-gai123-dynactin_gfp2-40x,ctrl-5,10,control_rnai,48,3.5,59,28,124.002,115.341,2.350288302
2015.01.17.hela_gfp-tub_rfp-h2b_rap1_stlc_rnai-ctrl-gai1-gai2-gai3-gai123-dynactin_gfp2-40x,ctrl-5,10,control_rnai,48,3.5,60,31.5,124.112,121.59,1.785705166
2015.01.17.hela_gfp-tub_rfp-h2b_rap1_stlc_rnai-ctrl-gai1-gai2-gai3-gai123-dynactin_gfp2-40x,ctrl-5,10,control_rnai,48,3.5,61,35,120.275,123.893,1.278595467
2015.01.17.hela_gfp-tub_rfp-h2b_rap1_stlc_rnai-ctrl-gai1-gai2-gai3-gai123-dynactin_gfp2-40x,ctrl-5,10,control_rnai,48,3.5,62,38.5,122.248,123.564,0.571497853
2015.01.17.hela_gfp-tub_rfp-h2b_rap1_stlc_rnai-ctrl-gai1-gai2-gai3-gai123-dynactin_gfp2-40x,ctrl-5,10,control_rnai,48,3.5,63,42,121.7,120.823,0.798640937
2015.01.17.hela_gfp-tub_rfp-h2b_rap1_stlc_rnai-ctrl-gai1-gai2-gai3-gai123-dynactin_gfp2-40x,ctrl-5,10,control_rnai,48,3.5,64,45.5,121.7,118.849,0.564
2015.01.17.hela_gfp-tub_rfp-h2b_rap1_stlc_rnai-ctrl-gai1-gai2-gai3-gai123-dynactin_gfp2-40x,ctrl-5,10,control_rnai,48,3.5,65,49,119.617,115.779,1.059988025
2015.01.17.hela_gfp-tub_rfp-h2b_rap1_stlc_rnai-ctrl-gai1-gai2-gai3-gai123-dynactin_gfp2-40x,ctrl-5,10,control_rnai,48,3.5,66,52.5,120.604,110.407,1.560548125
2015.01.17.hela_gfp-tub_rfp-h2b_rap1_stlc_rnai-ctrl-gai1-gai2-gai3-gai123-dynactin_gfp2-40x,ctrl-5,10,control_rnai,48,3.5,67,56,122.577,106.022,1.373835804
2015.01.17.hela_gfp-tub_rfp-h2b_rap1_stlc_rnai-ctrl-gai1-gai2-gai3-gai123-dynactin_gfp2-40x,ctrl-5,10,control_rnai,48,3.5,68,59.5,126.853,101.088,1.865443691
2015.01.17.hela_gfp-tub_rfp-h2b_rap1_stlc_rnai-ctrl-gai1-gai2-gai3-gai123-dynactin_gfp2-40x,ctrl-5,10,control_rnai,48,3.5,69,63,127.072,97.908,0.910723462
2015.01.17.hela_gfp-tub_rfp-h2b_rap1_stlc_rnai-ctrl-gai1-gai2-gai3-gai123-dynactin_gfp2-40x,ctrl-5,10,control_rnai,72,3.5,70,66.5,126.743,99.005,0.327220827
2015.01.18.hela_gfp-tub_rfp-h2b_rap1_stlc_rnai-ctrl-gai1-gai2-gai3-gai123-dynactin_gfp2-40x,ctrl-2,11,control_rnai,72,3.5,11,0,37.497,86.012,
2015.01.18.hela_gfp-tub_rfp-h2b_rap1_stlc_rnai-ctrl-gai1-gai2-gai3-gai123-dynactin_gfp2-40x,ctrl-2,11,control_rnai,72,3.5,12,3.5,42.102,82.723,1.616838588
2015.01.18.hela_gfp-tub_rfp-h2b_rap1_stlc_rnai-ctrl-gai1-gai2-gai3-gai123-dynactin_gfp2-40x,ctrl-2,11,control_rnai,72,3.5,13,7,47.529,76.967,2.260284703
2015.01.18.hela_gfp-tub_rfp-h2b_rap1_stlc_rnai-ctrl-gai1-gai2-gai3-gai123-dynactin_gfp2-40x,ctrl-2,11,control_rnai,72,3.5,14,10.5,50.16,75.98,0.802868836
2015.01.18.hela_gfp-tub_rfp-h2b_rap1_stlc_rnai-ctrl-gai1-gai2-gai3-gai123-dynactin_gfp2-40x,ctrl-2,11,control_rnai,72,3.5,15,14,46.706,78.776,1.269669152
2015.01.18.hela_gfp-tub_rfp-h2b_rap1_stlc_rnai-ctrl-gai1-gai2-gai3-gai123-dynactin_gfp2-40x,ctrl-2,11,control_rnai,72,3.5,16,17.5,44.075,80.585,0.912258556
2015.01.18.hela_gfp-tub_rfp-h2b_rap1_stlc_rnai-ctrl-gai1-gai2-gai3-gai123-dynactin_gfp2-40x,ctrl-2,11,control_rnai,72,3.5,17,21,41.608,81.736,0.777798568
2015.01.18.hela_gfp-tub_rfp-h2b_rap1_stlc_rnai-ctrl-gai1-gai2-gai3-gai123-dynactin_gfp2-40x,ctrl-2,11,control_rnai,72,3.5,18,24.5,39.799,83.545,0.730946381
2015.01.18.hela_gfp-tub_rfp-h2b_rap1_stlc_rnai-ctrl-gai1-gai2-gai3-gai123-dynactin_gfp2-40x,ctrl-2,11,control_rnai,72,3.5,19,28,37.497,85.848,0.930350515
2015.01.18.hela_gfp-tub_rfp-h2b_rap1_stlc_rnai-ctrl-gai1-gai2-gai3-gai123-dynactin_gfp2-40x,ctrl-2,11,control_rnai,72,3.5,20,31.5,36.181,88.644,0.882920571
2015.01.18.hela_gfp-tub_rfp-h2b_rap1_stlc_rnai-ctrl-gai1-gai2-gai3-gai123-dynactin_gfp2-40x,ctrl-2,11,control_rnai,72,3.5,21,35,35.852,92.755,1.178326797
2015.01.18.hela_gfp-tub_rfp-h2b_rap1_stlc_rnai-ctrl-gai1-gai2-gai3-gai123-dynactin_gfp2-40x,ctrl-2,11,control_rnai,72,3.5,22,38.5,34.043,96.209,1.114014509
2015.01.18.hela_gfp-tub_rfp-h2b_rap1_stlc_rnai-ctrl-gai1-gai2-gai3-gai123-dynactin_gfp2-40x,ctrl-2,11,control_rnai,72,3.5,23,42,32.727,99.005,0.882920571
2015.01.18.hela_gfp-tub_rfp-h2b_rap1_stlc_rnai-ctrl-gai1-gai2-gai3-gai123-dynactin_gfp2-40x,ctrl-2,11,control_rnai,72,3.5,24,45.5,31.576,102.952,1.174685716
2015.01.18.hela_gfp-tub_rfp-h2b_rap1_stlc_rnai-ctrl-gai1-gai2-gai3-gai123-dynactin_gfp2-40x,ctrl-2,11,control_rnai,72,3.5,25,49,30.918,108.872,1.701844474
2015.01.18.hela_gfp-tub_rfp-h2b_rap1_stlc_rnai-ctrl-gai1-gai2-gai3-gai123-dynactin_gfp2-40x,ctrl-2,11,control_rnai,72,3.5,26,52.5,27.465,113.477,1.644514295
2015.01.18.hela_gfp-tub_rfp-h2b_rap1_stlc_rnai-ctrl-gai1-gai2-gai3-gai123-dynactin_gfp2-40x,ctrl-2,11,control_rnai,72,3.5,27,56,24.504,115.779,1.071589512
2015.01.18.hela_gfp-tub_rfp-h2b_rap1_stlc_rnai-ctrl-gai1-gai2-gai3-gai123-dynactin_gfp2-40x,ctrl-2,11,control_rnai,72,3.5,28,59.5,24.34,114.299,0.425445361
2015.01.18.hela_gfp-tub_rfp-h2b_rap1_stlc_rnai-ctrl-gai1-gai2-gai3-gai123-dynactin_gfp2-40x,ctrl-2,11,control_rnai,72,3.5,29,63,25.656,112.49,0.639153586
2015.01.18.hela_gfp-tub_rfp-h2b_rap1_stlc_rnai-ctrl-gai1-gai2-gai3-gai123-dynactin_gfp2-40x,ctrl-2,11,control_rnai,72,3.5,30,66.5,27.136,110.023,0.82196822
2015.01.18.hela_gfp-tub_rfp-h2b_rap1_stlc_rnai-ctrl-gai1-gai2-gai3-gai123-dynactin_gfp2-40x,ctrl-3,12,control_rnai,72,3.5,1,0,183.208,28.616,
2015.01.18.hela_gfp-tub_rfp-h2b_rap1_stlc_rnai-ctrl-gai1-gai2-gai3-gai123-dynactin_gfp2-40x,ctrl-3,12,control_rnai,72,3.5,2,3.5,183.537,29.932,0.387571929
2015.01.18.hela_gfp-tub_rfp-h2b_rap1_stlc_rnai-ctrl-gai1-gai2-gai3-gai123-dynactin_gfp2-40x,ctrl-3,12,control_rnai,72,3.5,3,7,184.195,29.932,0.188
2015.01.18.hela_gfp-tub_rfp-h2b_rap1_stlc_rnai-ctrl-gai1-gai2-gai3-gai123-dynactin_gfp2-40x,ctrl-3,12,control_rnai,72,3.5,4,10.5,185.017,31.247,0.443079115
2015.01.18.hela_gfp-tub_rfp-h2b_rap1_stlc_rnai-ctrl-gai1-gai2-gai3-gai123-dynactin_gfp2-40x,ctrl-3,12,control_rnai,72,3.5,5,14,184.359,30.918,0.21019039
2015.01.18.hela_gfp-tub_rfp-h2b_rap1_stlc_rnai-ctrl-gai1-gai2-gai3-gai123-dynactin_gfp2-40x,ctrl-3,12,control_rnai,72,3.5,6,17.5,184.688,31.741,0.253235391
2015.01.18.hela_gfp-tub_rfp-h2b_rap1_stlc_rnai-ctrl-gai1-gai2-gai3-gai123-dynactin_gfp2-40x,ctrl-3,12,control_rnai,72,3.5,7,21,184.03,31.083,0.26587215
2015.01.18.hela_gfp-tub_rfp-h2b_rap1_stlc_rnai-ctrl-gai1-gai2-gai3-gai123-dynactin_gfp2-40x,ctrl-3,12,control_rnai,72,3.5,8,24.5,184.852,30.918,0.23954191
2015.01.18.hela_gfp-tub_rfp-h2b_rap1_stlc_rnai-ctrl-gai1-gai2-gai3-gai123-dynactin_gfp2-40x,ctrl-3,12,control_rnai,72,3.5,9,28,184.03,32.399,0.483950158
2015.01.18.hela_gfp-tub_rfp-h2b_rap1_stlc_rnai-ctrl-gai1-gai2-gai3-gai123-dynactin_gfp2-40x,ctrl-3,12,control_rnai,72,3.5,10,31.5,182.879,31.412,0.433210134
2015.01.18.hela_gfp-tub_rfp-h2b_rap1_stlc_rnai-ctrl-gai1-gai2-gai3-gai123-dynactin_gfp2-40x,ctrl-3,12,control_rnai,72,3.5,11,35,181.892,32.07,0.33892182
2015.01.18.hela_gfp-tub_rfp-h2b_rap1_stlc_rnai-ctrl-gai1-gai2-gai3-gai123-dynactin_gfp2-40x,ctrl-3,12,control_rnai,72,3.5,12,38.5,182.879,33.056,0.398606245
2015.01.18.hela_gfp-tub_rfp-h2b_rap1_stlc_rnai-ctrl-gai1-gai2-gai3-gai123-dynactin_gfp2-40x,ctrl-3,12,control_rnai,72,3.5,13,42,183.208,33.879,0.253235391
2015.01.18.hela_gfp-tub_rfp-h2b_rap1_stlc_rnai-ctrl-gai1-gai2-gai3-gai123-dynactin_gfp2-40x,ctrl-3,12,control_rnai,72,3.5,14,45.5,181.563,35.523,0.664478375
2015.01.18.hela_gfp-tub_rfp-h2b_rap1_stlc_rnai-ctrl-gai1-gai2-gai3-gai123-dynactin_gfp2-40x,ctrl-3,12,control_rnai,72,3.5,15,49,182.057,34.865,0.235085742
2015.01.18.hela_gfp-tub_rfp-h2b_rap1_stlc_rnai-ctrl-gai1-gai2-gai3-gai123-dynactin_gfp2-40x,ctrl-3,12,control_rnai,72,3.5,16,52.5,180.412,34.372,0.490653375
2015.01.18.hela_gfp-tub_rfp-h2b_rap1_stlc_rnai-ctrl-gai1-gai2-gai3-gai123-dynactin_gfp2-40x,ctrl-3,12,control_rnai,72,3.5,17,56,180.083,35.03,0.21019039
2015.01.18.hela_gfp-tub_rfp-h2b_rap1_stlc_rnai-ctrl-gai1-gai2-gai3-gai123-dynactin_gfp2-40x,ctrl-3,12,control_rnai,72,3.5,18,59.5,180.083,35.523,0.140857143
2015.01.18.hela_gfp-tub_rfp-h2b_rap1_stlc_rnai-ctrl-gai1-gai2-gai3-gai123-dynactin_gfp2-40x,ctrl-3,12,control_rnai,72,3.5,19,63,178.274,36.017,0.535782243
2015.01.18.hela_gfp-tub_rfp-h2b_rap1_stlc_rnai-ctrl-gai1-gai2-gai3-gai123-dynactin_gfp2-40x,ctrl-3,12,control_rnai,72,3.5,20,66.5,180.083,36.017,0.516857143
2015.01.18.hela_gfp-tub_rfp-h2b_rap1_stlc_rnai-ctrl-gai1-gai2-gai3-gai123-dynactin_gfp2-40x,ctrl-7,13,control_rnai,72,3.5,26,0,15.021,119.946,
2015.01.18.hela_gfp-tub_rfp-h2b_rap1_stlc_rnai-ctrl-gai1-gai2-gai3-gai123-dynactin_gfp2-40x,ctrl-7,13,control_rnai,72,3.5,27,3.5,10.087,115.67,1.865443691
2015.01.18.hela_gfp-tub_rfp-h2b_rap1_stlc_rnai-ctrl-gai1-gai2-gai3-gai123-dynactin_gfp2-40x,ctrl-7,13,control_rnai,72,3.5,28,7,8.223,112.71,0.999432329
2015.01.18.hela_gfp-tub_rfp-h2b_rap1_stlc_rnai-ctrl-gai1-gai2-gai3-gai123-dynactin_gfp2-40x,ctrl-7,13,control_rnai,72,3.5,29,10.5,12.828,110.955,1.408025104
2015.01.18.hela_gfp-tub_rfp-h2b_rap1_stlc_rnai-ctrl-gai1-gai2-gai3-gai123-dynactin_gfp2-40x,ctrl-7,13,control_rnai,72,3.5,30,14,16.775,111.832,1.155216668
2015.01.18.hela_gfp-tub_rfp-h2b_rap1_stlc_rnai-ctrl-gai1-gai2-gai3-gai123-dynactin_gfp2-40x,ctrl-7,13,control_rnai,72,3.5,31,17.5,15.459,111.723,0.377287526
2015.01.18.hela_gfp-tub_rfp-h2b_rap1_stlc_rnai-ctrl-gai1-gai2-gai3-gai123-dynactin_gfp2-40x,ctrl-7,13,control_rnai,72,3.5,32,21,18.2,111.723,0.783142857
2015.01.18.hela_gfp-tub_rfp-h2b_rap1_stlc_rnai-ctrl-gai1-gai2-gai3-gai123-dynactin_gfp2-40x,ctrl-7,13,control_rnai,72,3.5,33,24.5,19.625,111.723,0.407142857
2015.01.18.hela_gfp-tub_rfp-h2b_rap1_stlc_rnai-ctrl-gai1-gai2-gai3-gai123-dynactin_gfp2-40x,ctrl-7,13,control_rnai,72,3.5,34,28,20.283,110.407,0.42038078
2015.01.18.hela_gfp-tub_rfp-h2b_rap1_stlc_rnai-ctrl-gai1-gai2-gai3-gai123-dynactin_gfp2-40x,ctrl-7,13,control_rnai,72,3.5,35,31.5,19.406,109.311,0.401054223
2015.01.18.hela_gfp-tub_rfp-h2b_rap1_stlc_rnai-ctrl-gai1-gai2-gai3-gai123-dynactin_gfp2-40x,ctrl-7,13,control_rnai,72,3.5,36,35,21.27,108.324,0.602624532
2015.01.18.hela_gfp-tub_rfp-h2b_rap1_stlc_rnai-ctrl-gai1-gai2-gai3-gai123-dynactin_gfp2-40x,ctrl-7,13,control_rnai,72,3.5,37,38.5,20.174,110.078,0.590933678
2015.01.18.hela_gfp-tub_rfp-h2b_rap1_stlc_rnai-ctrl-gai1-gai2-gai3-gai123-dynactin_gfp2-40x,ctrl-7,13,control_rnai,72,3.5,38,42,19.845,108.653,0.417853211
2015.01.18.hela_gfp-tub_rfp-h2b_rap1_stlc_rnai-ctrl-gai1-gai2-gai3-gai123-dynactin_gfp2-40x,ctrl-7,13,control_rnai,72,3.5,39,45.5,17.652,109.53,0.674816861
2015.01.18.hela_gfp-tub_rfp-h2b_rap1_stlc_rnai-ctrl-gai1-gai2-gai3-gai123-dynactin_gfp2-40x,ctrl-7,13,control_rnai,72,3.5,40,49,16.885,109.64,0.221385065
2015.01.18.hela_gfp-tub_rfp-h2b_rap1_stlc_rnai-ctrl-gai1-gai2-gai3-gai123-dynactin_gfp2-40x,ctrl-7,13,control_rnai,72,3.5,41,52.5,18.639,110.297,0.535145603
2015.01.18.hela_gfp-tub_rfp-h2b_rap1_stlc_rnai-ctrl-gai1-gai2-gai3-gai123-dynactin_gfp2-40x,ctrl-7,13,control_rnai,72,3.5,42,56,18.968,110.736,0.156742868
2015.01.18.hela_gfp-tub_rfp-h2b_rap1_stlc_rnai-ctrl-gai1-gai2-gai3-gai123-dynactin_gfp2-40x,ctrl-7,13,control_rnai,72,3.5,43,59.5,19.077,111.284,0.159638623
2015.01.18.hela_gfp-tub_rfp-h2b_rap1_stlc_rnai-ctrl-gai1-gai2-gai3-gai123-dynactin_gfp2-40x,ctrl-7,13,control_rnai,72,3.5,44,63,17.542,110.407,0.505104879
2015.01.18.hela_gfp-tub_rfp-h2b_rap1_stlc_rnai-ctrl-gai1-gai2-gai3-gai123-dynactin_gfp2-40x,ctrl-7,13,control_rnai,72,3.5,45,66.5,17.652,110.517,0.044446712
2015.01.18.hela_gfp-tub_rfp-h2b_rap1_stlc_rnai-ctrl-gai1-gai2-gai3-gai123-dynactin_gfp2-40x,ctrl-10,14,control_rnai,72,3.5,16,0,85.026,96.044,
2015.01.18.hela_gfp-tub_rfp-h2b_rap1_stlc_rnai-ctrl-gai1-gai2-gai3-gai123-dynactin_gfp2-40x,ctrl-10,14,control_rnai,72,3.5,17,3.5,72.691,105.583,4.455171231
2015.01.18.hela_gfp-tub_rfp-h2b_rap1_stlc_rnai-ctrl-gai1-gai2-gai3-gai123-dynactin_gfp2-40x,ctrl-10,14,control_rnai,72,3.5,18,7,66.771,108.872,1.934940193
2015.01.18.hela_gfp-tub_rfp-h2b_rap1_stlc_rnai-ctrl-gai1-gai2-gai3-gai123-dynactin_gfp2-40x,ctrl-10,14,control_rnai,72,3.5,19,10.5,63.81,111.175,1.0717649
2015.01.18.hela_gfp-tub_rfp-h2b_rap1_stlc_rnai-ctrl-gai1-gai2-gai3-gai123-dynactin_gfp2-40x,ctrl-10,14,control_rnai,72,3.5,20,14,59.205,115.286,1.763723936
2015.01.18.hela_gfp-tub_rfp-h2b_rap1_stlc_rnai-ctrl-gai1-gai2-gai3-gai123-dynactin_gfp2-40x,ctrl-10,14,control_rnai,72,3.5,21,17.5,52.463,120.713,2.472821952
2015.01.18.hela_gfp-tub_rfp-h2b_rap1_stlc_rnai-ctrl-gai1-gai2-gai3-gai123-dynactin_gfp2-40x,ctrl-10,14,control_rnai,72,3.5,22,21,39.306,120.549,3.759434879
2015.01.18.hela_gfp-tub_rfp-h2b_rap1_stlc_rnai-ctrl-gai1-gai2-gai3-gai123-dynactin_gfp2-40x,ctrl-10,14,control_rnai,72,3.5,23,24.5,39.306,115.615,1.409714286
2015.01.18.hela_gfp-tub_rfp-h2b_rap1_stlc_rnai-ctrl-gai1-gai2-gai3-gai123-dynactin_gfp2-40x,ctrl-10,14,control_rnai,72,3.5,24,28,57.396,122.358,5.515959398
2015.01.18.hela_gfp-tub_rfp-h2b_rap1_stlc_rnai-ctrl-gai1-gai2-gai3-gai123-dynactin_gfp2-40x,ctrl-10,14,control_rnai,72,3.5,25,31.5,62.33,116.602,2.166081612
2015.01.18.hela_gfp-tub_rfp-h2b_rap1_stlc_rnai-ctrl-gai1-gai2-gai3-gai123-dynactin_gfp2-40x,ctrl-10,14,control_rnai,72,3.5,26,35,64.304,113.313,1.095973968
2015.01.18.hela_gfp-tub_rfp-h2b_rap1_stlc_rnai-ctrl-gai1-gai2-gai3-gai123-dynactin_gfp2-40x,ctrl-10,14,control_rnai,72,3.5,27,38.5,63.646,107.885,1.562210574
2015.01.18.hela_gfp-tub_rfp-h2b_rap1_stlc_rnai-ctrl-gai1-gai2-gai3-gai123-dynactin_gfp2-40x,ctrl-10,14,control_rnai,72,3.5,28,42,65.126,101.471,1.880724915
2015.01.18.hela_gfp-tub_rfp-h2b_rap1_stlc_rnai-ctrl-gai1-gai2-gai3-gai123-dynactin_gfp2-40x,ctrl-10,14,control_rnai,72,3.5,29,45.5,65.126,95.386,1.738571429
2015.01.18.hela_gfp-tub_rfp-h2b_rap1_stlc_rnai-ctrl-gai1-gai2-gai3-gai123-dynactin_gfp2-40x,ctrl-10,14,control_rnai,72,3.5,30,49,66.277,90.782,1.355912736
2015.01.18.hela_gfp-tub_rfp-h2b_rap1_stlc_rnai-ctrl-gai1-gai2-gai3-gai123-dynactin_gfp2-40x,ctrl-10,14,control_rnai,72,3.5,31,52.5,70.718,86.835,1.697568249
2015.01.18.hela_gfp-tub_rfp-h2b_rap1_stlc_rnai-ctrl-gai1-gai2-gai3-gai123-dynactin_gfp2-40x,ctrl-10,14,control_rnai,72,3.5,32,56,80.914,89.137,2.986467711
2015.01.18.hela_gfp-tub_rfp-h2b_rap1_stlc_rnai-ctrl-gai1-gai2-gai3-gai123-dynactin_gfp2-40x,ctrl-10,14,control_rnai,72,3.5,33,59.5,84.697,97.196,2.543636638
2015.01.18.hela_gfp-tub_rfp-h2b_rap1_stlc_rnai-ctrl-gai1-gai2-gai3-gai123-dynactin_gfp2-40x,ctrl-10,14,control_rnai,72,3.5,34,63,73.678,105.09,3.872810476
2015.01.18.hela_gfp-tub_rfp-h2b_rap1_stlc_rnai-ctrl-gai1-gai2-gai3-gai123-dynactin_gfp2-40x,ctrl-10,14,control_rnai,72,3.5,35,66.5,69.895,109.694,1.702528851
2015.01.15.hela_gfp-tub_rfp-h2b_rap1_stlc_rnai-ctrl-dyn-lgn-numa_gfp2-40x,lgn-2day-6,23,lgn_rnai,48,3.5,1,0,172.847,90.288,
2015.01.15.hela_gfp-tub_rfp-h2b_rap1_stlc_rnai-ctrl-dyn-lgn-numa_gfp2-40x,lgn-2day-6,23,lgn_rnai,48,3.5,2,3.5,174.163,91.275,0.47
2015.01.15.hela_gfp-tub_rfp-h2b_rap1_stlc_rnai-ctrl-dyn-lgn-numa_gfp2-40x,lgn-2day-6,23,lgn_rnai,48,3.5,3,7,176.794,91.933,0.774866677
2015.01.15.hela_gfp-tub_rfp-h2b_rap1_stlc_rnai-ctrl-dyn-lgn-numa_gfp2-40x,lgn-2day-6,23,lgn_rnai,48,3.5,4,10.5,180.741,93.906,1.26075902
2015.01.15.hela_gfp-tub_rfp-h2b_rap1_stlc_rnai-ctrl-dyn-lgn-numa_gfp2-40x,lgn-2day-6,23,lgn_rnai,48,3.5,5,14,185.51,94.564,1.375479879
2015.01.15.hela_gfp-tub_rfp-h2b_rap1_stlc_rnai-ctrl-dyn-lgn-numa_gfp2-40x,lgn-2day-6,23,lgn_rnai,48,3.5,6,17.5,190.28,92.426,1.493494573
2015.01.15.hela_gfp-tub_rfp-h2b_rap1_stlc_rnai-ctrl-dyn-lgn-numa_gfp2-40x,lgn-2day-6,23,lgn_rnai,48,3.5,7,21,194.72,90.617,1.369822899
2015.01.15.hela_gfp-tub_rfp-h2b_rap1_stlc_rnai-ctrl-dyn-lgn-numa_gfp2-40x,lgn-2day-6,23,lgn_rnai,48,3.5,8,24.5,198.503,93.413,1.344033072
2015.01.15.hela_gfp-tub_rfp-h2b_rap1_stlc_rnai-ctrl-dyn-lgn-numa_gfp2-40x,lgn-2day-6,23,lgn_rnai,48,3.5,9,28,199.489,100.978,2.179710166
2015.01.15.hela_gfp-tub_rfp-h2b_rap1_stlc_rnai-ctrl-dyn-lgn-numa_gfp2-40x,lgn-2day-6,23,lgn_rnai,48,3.5,10,31.5,200.969,104.103,0.987928156
2015.01.15.hela_gfp-tub_rfp-h2b_rap1_stlc_rnai-ctrl-dyn-lgn-numa_gfp2-40x,lgn-2day-6,23,lgn_rnai,48,3.5,11,35,200.805,107.392,0.940881784
2015.01.15.hela_gfp-tub_rfp-h2b_rap1_stlc_rnai-ctrl-dyn-lgn-numa_gfp2-40x,lgn-2day-6,23,lgn_rnai,48,3.5,12,38.5,198.503,107.721,0.664397533
2015.01.15.hela_gfp-tub_rfp-h2b_rap1_stlc_rnai-ctrl-dyn-lgn-numa_gfp2-40x,lgn-2day-6,23,lgn_rnai,48,3.5,13,42,195.378,106.899,0.923228983
2015.01.15.hela_gfp-tub_rfp-h2b_rap1_stlc_rnai-ctrl-dyn-lgn-numa_gfp2-40x,lgn-2day-6,23,lgn_rnai,48,3.5,14,45.5,189.128,105.583,1.824870272
2015.01.15.hela_gfp-tub_rfp-h2b_rap1_stlc_rnai-ctrl-dyn-lgn-numa_gfp2-40x,lgn-2day-6,23,lgn_rnai,48,3.5,15,49,182.714,100.978,2.255974761
2015.01.15.hela_gfp-tub_rfp-h2b_rap1_stlc_rnai-ctrl-dyn-lgn-numa_gfp2-40x,lgn-2day-6,23,lgn_rnai,48,3.5,16,52.5,176.794,95.551,2.294602878
2015.01.15.hela_gfp-tub_rfp-h2b_rap1_stlc_rnai-ctrl-dyn-lgn-numa_gfp2-40x,lgn-2day-6,23,lgn_rnai,48,3.5,17,56,174.656,90.946,1.450603506
2015.01.15.hela_gfp-tub_rfp-h2b_rap1_stlc_rnai-ctrl-dyn-lgn-numa_gfp2-40x,lgn-2day-6,23,lgn_rnai,48,3.5,18,59.5,171.202,89.466,1.07363643
2015.01.15.hela_gfp-tub_rfp-h2b_rap1_stlc_rnai-ctrl-dyn-lgn-numa_gfp2-40x,lgn-2day-6,23,lgn_rnai,48,3.5,19,63,167.913,90.617,0.995595279
2015.01.15.hela_gfp-tub_rfp-h2b_rap1_stlc_rnai-ctrl-dyn-lgn-numa_gfp2-40x,lgn-2day-6,23,lgn_rnai,48,3.5,20,66.5,165.94,88.15,0.90255049
2015.01.15.hela_gfp-tub_rfp-h2b_rap1_stlc_rnai-ctrl-dyn-lgn-numa_gfp2-40x,lgn-2day-9,24,lgn_rnai,48,3.5,1,0,64.633,37.332,
2015.01.15.hela_gfp-tub_rfp-h2b_rap1_stlc_rnai-ctrl-dyn-lgn-numa_gfp2-40x,lgn-2day-9,24,lgn_rnai,48,3.5,2,3.5,64.633,36.346,0.281714286
2015.01.15.hela_gfp-tub_rfp-h2b_rap1_stlc_rnai-ctrl-dyn-lgn-numa_gfp2-40x,lgn-2day-9,24,lgn_rnai,48,3.5,3,7,63.975,37.497,0.378802086
2015.01.15.hela_gfp-tub_rfp-h2b_rap1_stlc_rnai-ctrl-dyn-lgn-numa_gfp2-40x,lgn-2day-9,24,lgn_rnai,48,3.5,4,10.5,63.81,38.319,0.23954191
2015.01.15.hela_gfp-tub_rfp-h2b_rap1_stlc_rnai-ctrl-dyn-lgn-numa_gfp2-40x,lgn-2day-9,24,lgn_rnai,48,3.5,5,14,63.81,39.306,0.282
2015.01.15.hela_gfp-tub_rfp-h2b_rap1_stlc_rnai-ctrl-dyn-lgn-numa_gfp2-40x,lgn-2day-9,24,lgn_rnai,48,3.5,6,17.5,64.797,39.635,0.2972541
2015.01.15.hela_gfp-tub_rfp-h2b_rap1_stlc_rnai-ctrl-dyn-lgn-numa_gfp2-40x,lgn-2day-9,24,lgn_rnai,48,3.5,7,21,63.975,39.964,0.252970112
2015.01.15.hela_gfp-tub_rfp-h2b_rap1_stlc_rnai-ctrl-dyn-lgn-numa_gfp2-40x,lgn-2day-9,24,lgn_rnai,48,3.5,8,24.5,62.495,41.444,0.598010306
2015.01.15.hela_gfp-tub_rfp-h2b_rap1_stlc_rnai-ctrl-dyn-lgn-numa_gfp2-40x,lgn-2day-9,24,lgn_rnai,48,3.5,9,28,64.633,42.102,0.639132575
2015.01.15.hela_gfp-tub_rfp-h2b_rap1_stlc_rnai-ctrl-dyn-lgn-numa_gfp2-40x,lgn-2day-9,24,lgn_rnai,48,3.5,10,31.5,64.304,41.937,0.10515916
2015.01.15.hela_gfp-tub_rfp-h2b_rap1_stlc_rnai-ctrl-dyn-lgn-numa_gfp2-40x,lgn-2day-9,24,lgn_rnai,48,3.5,11,35,64.304,41.937,0
2015.01.15.hela_gfp-tub_rfp-h2b_rap1_stlc_rnai-ctrl-dyn-lgn-numa_gfp2-40x,lgn-2day-9,24,lgn_rnai,48,3.5,12,38.5,64.139,36.839,1.457334133
2015.01.15.hela_gfp-tub_rfp-h2b_rap1_stlc_rnai-ctrl-dyn-lgn-numa_gfp2-40x,lgn-2day-9,24,lgn_rnai,48,3.5,13,42,65.784,36.181,0.506205492
2015.01.15.hela_gfp-tub_rfp-h2b_rap1_stlc_rnai-ctrl-dyn-lgn-numa_gfp2-40x,lgn-2day-9,24,lgn_rnai,48,3.5,14,45.5,64.139,37.168,0.548109478
2015.01.15.hela_gfp-tub_rfp-h2b_rap1_stlc_rnai-ctrl-dyn-lgn-numa_gfp2-40x,lgn-2day-9,24,lgn_rnai,48,3.5,15,49,65.126,37.168,0.282
2015.01.15.hela_gfp-tub_rfp-h2b_rap1_stlc_rnai-ctrl-dyn-lgn-numa_gfp2-40x,lgn-2day-9,24,lgn_rnai,48,3.5,16,52.5,64.961,37.497,0.10515916
2015.01.15.hela_gfp-tub_rfp-h2b_rap1_stlc_rnai-ctrl-dyn-lgn-numa_gfp2-40x,lgn-2day-9,24,lgn_rnai,48,3.5,17,56,64.961,38.977,0.422857143
2015.01.15.hela_gfp-tub_rfp-h2b_rap1_stlc_rnai-ctrl-dyn-lgn-numa_gfp2-40x,lgn-2day-9,24,lgn_rnai,48,3.5,18,59.5,62.988,40.128,0.652626092
2015.01.15.hela_gfp-tub_rfp-h2b_rap1_stlc_rnai-ctrl-dyn-lgn-numa_gfp2-40x,lgn-2day-9,24,lgn_rnai,48,3.5,19,63,64.139,41.115,0.433210134
2015.01.15.hela_gfp-tub_rfp-h2b_rap1_stlc_rnai-ctrl-dyn-lgn-numa_gfp2-40x,lgn-2day-9,24,lgn_rnai,48,3.5,20,66.5,63.646,40.293,0.273858745
2015.01.15.hela_gfp-tub_rfp-h2b_rap1_stlc_rnai-ctrl-dyn-lgn-numa_gfp2-40x,lgn-2day-14,25,lgn_rnai,48,3.5,81,0,111.997,69.073,
2015.01.15.hela_gfp-tub_rfp-h2b_rap1_stlc_rnai-ctrl-dyn-lgn-numa_gfp2-40x,lgn-2day-14,25,lgn_rnai,48,3.5,82,3.5,111.504,68.251,0.273858745
2015.01.15.hela_gfp-tub_rfp-h2b_rap1_stlc_rnai-ctrl-dyn-lgn-numa_gfp2-40x,lgn-2day-14,25,lgn_rnai,48,3.5,83,7,110.517,66.277,0.63057117
2015.01.15.hela_gfp-tub_rfp-h2b_rap1_stlc_rnai-ctrl-dyn-lgn-numa_gfp2-40x,lgn-2day-14,25,lgn_rnai,48,3.5,84,10.5,110.517,65.784,0.140857143
2015.01.15.hela_gfp-tub_rfp-h2b_rap1_stlc_rnai-ctrl-dyn-lgn-numa_gfp2-40x,lgn-2day-14,25,lgn_rnai,48,3.5,85,14,110.352,63.81,0.565966827
2015.01.15.hela_gfp-tub_rfp-h2b_rap1_stlc_rnai-ctrl-dyn-lgn-numa_gfp2-40x,lgn-2day-14,25,lgn_rnai,48,3.5,86,17.5,108.214,61.179,0.968617993
2015.01.15.hela_gfp-tub_rfp-h2b_rap1_stlc_rnai-ctrl-dyn-lgn-numa_gfp2-40x,lgn-2day-14,25,lgn_rnai,48,3.5,87,21,106.241,58.876,0.866451266
2015.01.15.hela_gfp-tub_rfp-h2b_rap1_stlc_rnai-ctrl-dyn-lgn-numa_gfp2-40x,lgn-2day-14,25,lgn_rnai,48,3.5,88,24.5,103.774,56.739,0.932534751
2015.01.15.hela_gfp-tub_rfp-h2b_rap1_stlc_rnai-ctrl-dyn-lgn-numa_gfp2-40x,lgn-2day-14,25,lgn_rnai,48,3.5,89,28,103.116,54.601,0.639132575
2015.01.15.hela_gfp-tub_rfp-h2b_rap1_stlc_rnai-ctrl-dyn-lgn-numa_gfp2-40x,lgn-2day-14,25,lgn_rnai,48,3.5,90,31.5,103.116,54.436,0.047142857
2015.01.15.hela_gfp-tub_rfp-h2b_rap1_stlc_rnai-ctrl-dyn-lgn-numa_gfp2-40x,lgn-2day-14,25,lgn_rnai,48,3.5,91,35,104.267,53.449,0.433210134
2015.01.15.hela_gfp-tub_rfp-h2b_rap1_stlc_rnai-ctrl-dyn-lgn-numa_gfp2-40x,lgn-2day-14,25,lgn_rnai,48,3.5,92,38.5,103.445,54.272,0.332340249
2015.01.15.hela_gfp-tub_rfp-h2b_rap1_stlc_rnai-ctrl-dyn-lgn-numa_gfp2-40x,lgn-2day-14,25,lgn_rnai,48,3.5,93,42,104.103,54.272,0.188
2015.01.15.hela_gfp-tub_rfp-h2b_rap1_stlc_rnai-ctrl-dyn-lgn-numa_gfp2-40x,lgn-2day-14,25,lgn_rnai,48,3.5,94,45.5,104.596,54.436,0.148446376
2015.01.15.hela_gfp-tub_rfp-h2b_rap1_stlc_rnai-ctrl-dyn-lgn-numa_gfp2-40x,lgn-2day-14,25,lgn_rnai,48,3.5,95,49,105.583,55.587,0.433210134
2015.01.15.hela_gfp-tub_rfp-h2b_rap1_stlc_rnai-ctrl-dyn-lgn-numa_gfp2-40x,lgn-2day-14,25,lgn_rnai,48,3.5,96,52.5,105.583,57.067,0.422857143
2015.01.15.hela_gfp-tub_rfp-h2b_rap1_stlc_rnai-ctrl-dyn-lgn-numa_gfp2-40x,lgn-2day-14,25,lgn_rnai,48,3.5,97,56,107.228,57.396,0.479307834
2015.01.15.hela_gfp-tub_rfp-h2b_rap1_stlc_rnai-ctrl-dyn-lgn-numa_gfp2-40x,lgn-2day-14,25,lgn_rnai,48,3.5,98,59.5,108.214,58.876,0.508105404
2015.01.15.hela_gfp-tub_rfp-h2b_rap1_stlc_rnai-ctrl-dyn-lgn-numa_gfp2-40x,lgn-2day-14,25,lgn_rnai,48,3.5,99,63,110.023,59.534,0.549986642
2015.01.15.hela_gfp-tub_rfp-h2b_rap1_stlc_rnai-ctrl-dyn-lgn-numa_gfp2-40x,lgn-2day-14,25,lgn_rnai,48,3.5,100,66.5,109.366,60.85,0.420253082
2015.01.15.hela_gfp-tub_rfp-h2b_rap1_stlc_rnai-ctrl-dyn-lgn-numa_gfp2-40x,lgn-3day-2,26,lgn_rnai,72,3,1,0,88.808,133.541,
2015.01.15.hela_gfp-tub_rfp-h2b_rap1_stlc_rnai-ctrl-dyn-lgn-numa_gfp2-40x,lgn-3day-2,26,lgn_rnai,72,3,2,3,88.15,133.103,0.263482658
2015.01.15.hela_gfp-tub_rfp-h2b_rap1_stlc_rnai-ctrl-dyn-lgn-numa_gfp2-40x,lgn-3day-2,26,lgn_rnai,72,3,3,6,89.247,133.103,0.365666667
2015.01.15.hela_gfp-tub_rfp-h2b_rap1_stlc_rnai-ctrl-dyn-lgn-numa_gfp2-40x,lgn-3day-2,26,lgn_rnai,72,3,4,9,89.685,133.98,0.326764101
2015.01.15.hela_gfp-tub_rfp-h2b_rap1_stlc_rnai-ctrl-dyn-lgn-numa_gfp2-40x,lgn-3day-2,26,lgn_rnai,72,3,5,12,89.685,133.541,0.146333333
2015.01.15.hela_gfp-tub_rfp-h2b_rap1_stlc_rnai-ctrl-dyn-lgn-numa_gfp2-40x,lgn-3day-2,26,lgn_rnai,72,3,6,15,88.37,133.541,0.438333333
2015.01.15.hela_gfp-tub_rfp-h2b_rap1_stlc_rnai-ctrl-dyn-lgn-numa_gfp2-40x,lgn-3day-2,26,lgn_rnai,72,3,7,18,90.124,133.322,0.58920634
2015.01.15.hela_gfp-tub_rfp-h2b_rap1_stlc_rnai-ctrl-dyn-lgn-numa_gfp2-40x,lgn-3day-2,26,lgn_rnai,72,3,8,21,89.466,133.322,0.219333333
2015.01.15.hela_gfp-tub_rfp-h2b_rap1_stlc_rnai-ctrl-dyn-lgn-numa_gfp2-40x,lgn-3day-2,26,lgn_rnai,72,3,9,24,89.466,133.541,0.073
2015.01.15.hela_gfp-tub_rfp-h2b_rap1_stlc_rnai-ctrl-dyn-lgn-numa_gfp2-40x,lgn-3day-2,26,lgn_rnai,72,3,10,27,89.027,133.76,0.163531173
2015.01.15.hela_gfp-tub_rfp-h2b_rap1_stlc_rnai-ctrl-dyn-lgn-numa_gfp2-40x,lgn-3day-2,26,lgn_rnai,72,3,11,30,88.808,133.76,0.073
2015.01.15.hela_gfp-tub_rfp-h2b_rap1_stlc_rnai-ctrl-dyn-lgn-numa_gfp2-40x,lgn-3day-2,26,lgn_rnai,72,3,12,33,88.808,133.322,0.146
2015.01.15.hela_gfp-tub_rfp-h2b_rap1_stlc_rnai-ctrl-dyn-lgn-numa_gfp2-40x,lgn-3day-2,26,lgn_rnai,72,3,13,36,89.466,132.883,0.263667509
2015.01.15.hela_gfp-tub_rfp-h2b_rap1_stlc_rnai-ctrl-dyn-lgn-numa_gfp2-40x,lgn-3day-2,26,lgn_rnai,72,3,14,39,88.37,132.883,0.365333333
2015.01.15.hela_gfp-tub_rfp-h2b_rap1_stlc_rnai-ctrl-dyn-lgn-numa_gfp2-40x,lgn-3day-2,26,lgn_rnai,72,3,15,42,88.37,133.322,0.146333333
2015.01.15.hela_gfp-tub_rfp-h2b_rap1_stlc_rnai-ctrl-dyn-lgn-numa_gfp2-40x,lgn-3day-2,26,lgn_rnai,72,3,16,45,85.957,133.103,0.807639221
2015.01.15.hela_gfp-tub_rfp-h2b_rap1_stlc_rnai-ctrl-dyn-lgn-numa_gfp2-40x,lgn-3day-2,26,lgn_rnai,72,3,17,48,86.835,133.541,0.327062345
2015.01.15.hela_gfp-tub_rfp-h2b_rap1_stlc_rnai-ctrl-dyn-lgn-numa_gfp2-40x,lgn-3day-2,26,lgn_rnai,72,3,18,51,86.835,133.541,0
2015.01.15.hela_gfp-tub_rfp-h2b_rap1_stlc_rnai-ctrl-dyn-lgn-numa_gfp2-40x,lgn-3day-2,26,lgn_rnai,72,3,19,54,86.835,133.541,0
2015.01.15.hela_gfp-tub_rfp-h2b_rap1_stlc_rnai-ctrl-dyn-lgn-numa_gfp2-40x,lgn-3day-2,26,lgn_rnai,72,3,20,57,86.835,133.541,0
2015.01.15.hela_gfp-tub_rfp-h2b_rap1_stlc_rnai-ctrl-dyn-lgn-numa_gfp2-40x,lgn-3day-7,27,lgn_rnai,72,3,1,0,113.477,39.799,
2015.01.15.hela_gfp-tub_rfp-h2b_rap1_stlc_rnai-ctrl-dyn-lgn-numa_gfp2-40x,lgn-3day-7,27,lgn_rnai,72,3,2,3,114.299,39.306,0.319501869
2015.01.15.hela_gfp-tub_rfp-h2b_rap1_stlc_rnai-ctrl-dyn-lgn-numa_gfp2-40x,lgn-3day-7,27,lgn_rnai,72,3,3,6,114.299,39.306,0
2015.01.15.hela_gfp-tub_rfp-h2b_rap1_stlc_rnai-ctrl-dyn-lgn-numa_gfp2-40x,lgn-3day-7,27,lgn_rnai,72,3,4,9,114.299,39.306,0
2015.01.15.hela_gfp-tub_rfp-h2b_rap1_stlc_rnai-ctrl-dyn-lgn-numa_gfp2-40x,lgn-3day-7,27,lgn_rnai,72,3,5,12,114.299,39.306,0
2015.01.15.hela_gfp-tub_rfp-h2b_rap1_stlc_rnai-ctrl-dyn-lgn-numa_gfp2-40x,lgn-3day-7,27,lgn_rnai,72,3,6,15,114.299,39.306,0
2015.01.15.hela_gfp-tub_rfp-h2b_rap1_stlc_rnai-ctrl-dyn-lgn-numa_gfp2-40x,lgn-3day-7,27,lgn_rnai,72,3,7,18,114.957,38.812,0.274266699
2015.01.15.hela_gfp-tub_rfp-h2b_rap1_stlc_rnai-ctrl-dyn-lgn-numa_gfp2-40x,lgn-3day-7,27,lgn_rnai,72,3,8,21,115.122,38.648,0.077546402
2015.01.15.hela_gfp-tub_rfp-h2b_rap1_stlc_rnai-ctrl-dyn-lgn-numa_gfp2-40x,lgn-3day-7,27,lgn_rnai,72,3,9,24,115.122,38.648,0
2015.01.15.hela_gfp-tub_rfp-h2b_rap1_stlc_rnai-ctrl-dyn-lgn-numa_gfp2-40x,lgn-3day-7,27,lgn_rnai,72,3,10,27,115.122,38.648,0
2015.01.15.hela_gfp-tub_rfp-h2b_rap1_stlc_rnai-ctrl-dyn-lgn-numa_gfp2-40x,lgn-3day-7,27,lgn_rnai,72,3,11,30,116.108,38.319,0.346480238
2015.01.15.hela_gfp-tub_rfp-h2b_rap1_stlc_rnai-ctrl-dyn-lgn-numa_gfp2-40x,lgn-3day-7,27,lgn_rnai,72,3,12,33,117.095,37.826,0.367758677
2015.01.15.hela_gfp-tub_rfp-h2b_rap1_stlc_rnai-ctrl-dyn-lgn-numa_gfp2-40x,lgn-3day-7,27,lgn_rnai,72,3,13,36,117.424,37.661,0.122685687
2015.01.15.hela_gfp-tub_rfp-h2b_rap1_stlc_rnai-ctrl-dyn-lgn-numa_gfp2-40x,lgn-3day-7,27,lgn_rnai,72,3,14,39,117.424,37.661,0
2015.01.15.hela_gfp-tub_rfp-h2b_rap1_stlc_rnai-ctrl-dyn-lgn-numa_gfp2-40x,lgn-3day-7,27,lgn_rnai,72,3,15,42,117.424,37.661,0
2015.01.15.hela_gfp-tub_rfp-h2b_rap1_stlc_rnai-ctrl-dyn-lgn-numa_gfp2-40x,lgn-3day-7,27,lgn_rnai,72,3,16,45,117.424,37.661,0
2015.01.15.hela_gfp-tub_rfp-h2b_rap1_stlc_rnai-ctrl-dyn-lgn-numa_gfp2-40x,lgn-3day-7,27,lgn_rnai,72,3,17,48,119.069,38.484,0.613129858
2015.01.15.hela_gfp-tub_rfp-h2b_rap1_stlc_rnai-ctrl-dyn-lgn-numa_gfp2-40x,lgn-3day-7,27,lgn_rnai,72,3,18,51,119.069,38.484,0
2015.01.15.hela_gfp-tub_rfp-h2b_rap1_stlc_rnai-ctrl-dyn-lgn-numa_gfp2-40x,lgn-3day-7,27,lgn_rnai,72,3,19,54,119.069,38.484,0
2015.01.15.hela_gfp-tub_rfp-h2b_rap1_stlc_rnai-ctrl-dyn-lgn-numa_gfp2-40x,lgn-3day-7,27,lgn_rnai,72,3,20,57,119.069,38.484,0
2015.01.15.hela_gfp-tub_rfp-h2b_rap1_stlc_rnai-ctrl-dyn-lgn-numa_gfp2-40x,lgn-3day-13,28,lgn_rnai,72,3,140,0,70.718,115.944,
2015.01.15.hela_gfp-tub_rfp-h2b_rap1_stlc_rnai-ctrl-dyn-lgn-numa_gfp2-40x,lgn-3day-13,28,lgn_rnai,72,3,141,3,71.375,116.931,0.395223987
2015.01.15.hela_gfp-tub_rfp-h2b_rap1_stlc_rnai-ctrl-dyn-lgn-numa_gfp2-40x,lgn-3day-13,28,lgn_rnai,72,3,142,6,68.744,119.233,1.165302297
2015.01.15.hela_gfp-tub_rfp-h2b_rap1_stlc_rnai-ctrl-dyn-lgn-numa_gfp2-40x,lgn-3day-13,28,lgn_rnai,72,3,143,9,67.757,117.589,0.63917525
2015.01.15.hela_gfp-tub_rfp-h2b_rap1_stlc_rnai-ctrl-dyn-lgn-numa_gfp2-40x,lgn-3day-13,28,lgn_rnai,72,3,144,12,68.086,117.753,0.122536616
2015.01.15.hela_gfp-tub_rfp-h2b_rap1_stlc_rnai-ctrl-dyn-lgn-numa_gfp2-40x,lgn-3day-13,28,lgn_rnai,72,3,145,15,67.922,117.589,0.077310341
2015.01.15.hela_gfp-tub_rfp-h2b_rap1_stlc_rnai-ctrl-dyn-lgn-numa_gfp2-40x,lgn-3day-13,28,lgn_rnai,72,3,146,18,66.771,116.437,0.542822357
2015.01.15.hela_gfp-tub_rfp-h2b_rap1_stlc_rnai-ctrl-dyn-lgn-numa_gfp2-40x,lgn-3day-13,28,lgn_rnai,72,3,147,21,66.771,115.615,0.274
2015.01.15.hela_gfp-tub_rfp-h2b_rap1_stlc_rnai-ctrl-dyn-lgn-numa_gfp2-40x,lgn-3day-13,28,lgn_rnai,72,3,148,24,65.948,114.793,0.38773029
2015.01.15.hela_gfp-tub_rfp-h2b_rap1_stlc_rnai-ctrl-dyn-lgn-numa_gfp2-40x,lgn-3day-13,28,lgn_rnai,72,3,149,27,66.277,114.135,0.245222122
2015.01.15.hela_gfp-tub_rfp-h2b_rap1_stlc_rnai-ctrl-dyn-lgn-numa_gfp2-40x,lgn-3day-13,28,lgn_rnai,72,3,150,30,67.922,113.97,0.551084789
2015.01.15.hela_gfp-tub_rfp-h2b_rap1_stlc_rnai-ctrl-dyn-lgn-numa_gfp2-40x,lgn-3day-13,28,lgn_rnai,72,3,151,33,68.415,114.464,0.23263825
2015.01.15.hela_gfp-tub_rfp-h2b_rap1_stlc_rnai-ctrl-dyn-lgn-numa_gfp2-40x,lgn-3day-13,28,lgn_rnai,72,3,152,36,67.922,113.477,0.367758677
2015.01.15.hela_gfp-tub_rfp-h2b_rap1_stlc_rnai-ctrl-dyn-lgn-numa_gfp2-40x,lgn-3day-13,28,lgn_rnai,72,3,153,39,67.593,112.819,0.245222122
2015.01.15.hela_gfp-tub_rfp-h2b_rap1_stlc_rnai-ctrl-dyn-lgn-numa_gfp2-40x,lgn-3day-13,28,lgn_rnai,72,3,154,42,68.58,112.161,0.39540879
2015.01.15.hela_gfp-tub_rfp-h2b_rap1_stlc_rnai-ctrl-dyn-lgn-numa_gfp2-40x,lgn-3day-13,28,lgn_rnai,72,3,155,45,69.073,112.326,0.173292944
2015.01.15.hela_gfp-tub_rfp-h2b_rap1_stlc_rnai-ctrl-dyn-lgn-numa_gfp2-40x,lgn-3day-13,28,lgn_rnai,72,3,156,48,69.073,112.326,0
2015.01.15.hela_gfp-tub_rfp-h2b_rap1_stlc_rnai-ctrl-dyn-lgn-numa_gfp2-40x,lgn-3day-13,28,lgn_rnai,72,3,157,51,69.073,111.339,0.329
2015.01.15.hela_gfp-tub_rfp-h2b_rap1_stlc_rnai-ctrl-dyn-lgn-numa_gfp2-40x,lgn-3day-13,28,lgn_rnai,72,3,158,54,69.073,111.175,0.054666667
2015.01.15.hela_gfp-tub_rfp-h2b_rap1_stlc_rnai-ctrl-dyn-lgn-numa_gfp2-40x,lgn-3day-13,28,lgn_rnai,72,3,159,57,68.909,110.681,0.173503762
